#DEPTH	POR	Vma	Vsh	Sw	Sh	Sxo	Vma1	Vma2	Vma3	Shm	Shr	DEN	AC	CNL	RT	RXO	GR	SP	CAL	Vsh_multi	POR_multi	Sw_multi
1500	2.656224762	13.76869232	83.57508292	92.07100642	7.928993577	93.34997105	13.17391674	0.581006886	0.013768692	1.278964631	6.650028945	2.159856828347584	230.34607484901701	31.06243667	0.600833374	0.599028526	156.76039506317363	63.60788684	22.4969435358734	81.81853294	2.7087747835036473	86.72093749
1500.125	2.578361185	14.9400586	82.48158022	91.58952811	8.410471888	92.86773346	14.29468271	0.630435826	0.014940059	1.278205349	7.132266539	2.351166090202649	229.2532791892162	31.06243667	0.600833374	0.599028526	153.0901746599946	64.99199646	22.496526812321825	83.91172886	2.1282803619521813	89.04399276
1500.25	2.611460491	12.79941762	84.58912189	92.18909941	7.810900594	93.44287525	12.24651246	0.540105741	0.012799418	1.253775841	6.557124754	2.490018093290661	228.1603282574572	31.16753065	0.599015877	0.597095278	151.05181873791304	64.91772074	22.496254991683372	84.5927	1.7156858388360416	89.63128328
1500.375	2.551563275	12.62312094	84.82531579	92.48798702	7.512012983	93.7676791	12.07783139	0.53266643	0.012623121	1.279692082	6.232320901	2.583312150848751	227.07921953087873	31.374598	0.591498711	0.589873829	150.36452965712874	64.9642547	22.496112571258614	84.83530283	1.447372217986275	87.78812885
1500.5	2.625743569	11.46099579	85.91326064	94.20195241	5.798047592	95.44930397	10.96590735	0.483627444	0.011460996	1.247351564	4.550696028	2.637947576114051	226.02195048661957	31.78481967	0.576412354	0.575434326	150.74750977784154	64.0834838	22.49608404834814	86.14940047	1.2997205032339285	90.11793137
1500.625	2.60873894	10.28583419	87.10542687	95.92579362	4.074206385	97.17058998	9.841510008	0.43403835	0.010285834	1.244796365	2.829410019	2.660823682323692	225.00051860181836	31.93287726	0.57050638	0.569792116	151.91996146025124	67.48257629	22.496153920252535	87.0234251	1.2491116984100494	89.56833482
1500.75	2.602682974	11.12344151	86.27387552	94.06905159	5.930948414	95.28851221	10.64293463	0.469383436	0.011123442	1.219460628	4.711487786	2.6588397827148054	224.0269213536139	31.96005061	0.571337901	0.57071071	153.60108706455765	64.98681741	22.496306684272383	86.28100753	1.2719268073456842	90.34225941
1500.875	2.529730385	12.38761915	85.08265046	91.66315546	8.336844536	92.86084639	11.85250273	0.522728801	0.012387619	1.197690929	7.139153606	2.638895190524538	223.11315621914616	31.85022362	0.57942265	0.578395792	155.51008895096152	66.38421599	22.496526837708267	85.97479463	1.344546833871886	90.4165864
1501	2.472874564	12.93443905	84.59268638	90.69599142	9.304008579	91.92309126	12.37570128	0.545803332	0.012934439	1.227099837	8.076908742	2.6176434332257474	222.56937339966976	31.64380706	0.593329734	0.591694199	156.90377063115767	65.01478819	22.49679887786077	84.65168476	1.422283386140577	90.49838781
1501.125	2.486756423	12.88976044	84.62348314	89.85245572	10.14754428	91.09633903	12.33295268	0.543917999	0.01288976	1.243883304	8.903660974	2.592410522234289	221.64887578244515	31.33740818	0.604756609	0.602630682	157.71572008127401	64.85433186	22.49710730203047	84.30901766	1.4793327565820082	89.62852955
1501.25	2.522160858	14.64388933	82.83394982	90.92636476	9.073635239	92.14338633	14.01130727	0.61793817	0.014643889	1.217021569	7.85661367	2.567712350873202	220.6853398705041	31.1033176	0.614725522	0.612255368	157.9648173846744	64.88038714	22.497591285473803	83.59125853	1.5077364456752698	87.48449087
1501.375	2.483809104	15.08220781	82.43398309	88.74125003	11.25874997	89.92634354	14.43069141	0.636434193	0.015082208	1.185093515	10.07365646	2.547912384600475	219.96666401589695	31.04392598	0.619681536	0.617148558	157.7601196536956	64.51891399	22.49790370472183	81.92167282	1.5072788392428869	86.34012938
1501.5	2.537245393	13.6199264	83.84282821	88.48725945	11.51274055	89.703641	13.03157716	0.574729309	0.013619926	1.216381549	10.296359	2.536540924362717	219.60438181581958	30.80751458	0.624517518	0.62191719	157.3325991338594	64.24392179	22.498191923332058	81.82196617	1.478139017054466	86.29046679
1501.625	2.503966721	15.43046475	82.06556853	89.93563128	10.06436872	91.12205809	14.76390446	0.651129829	0.015430465	1.186426813	8.877941908	2.533350538108056	219.56440631109018	30.91485093	0.624496316	0.621870376	156.91925054238476	64.1880719	22.498441831544262	84.16569233	1.4207295170268333	88.7909174
1501.75	2.46856137	13.58163609	83.94980254	89.66533543	10.33466457	90.87893059	12.99494091	0.573113547	0.013581636	1.213595162	9.121069412	2.5350069122272902	219.8462149064639	30.91471616	0.618518217	0.615967849	156.61195783299704	65.2307047	22.49864147252216	84.01261568	1.339630123553117	90.0750339
1501.875	2.451823117	14.96101414	82.58716274	92.23020768	7.769792317	93.44363882	14.31473302	0.631320101	0.014961014	1.213431135	6.556361182	2.538134113292343	220.53664920879618	30.85327064	0.613624702	0.611035027	156.24603540437403	64.87833568	22.498781592754003	83.04359913	1.2446426188100648	90.09997249
1502	2.404262458	14.23493845	83.36079909	92.21373912	7.786260882	93.44133698	13.62002212	0.600681391	0.014234938	1.227597865	6.558663017	2.5420224711693074	221.7952032125446	30.83698961	0.606289387	0.603697997	155.690145382939	65.23230323	22.498856105948583	83.01998973	1.1533755751296098	89.85261321
1502.125	2.400298144	15.49585409	82.10384777	94.61018595	5.389814052	95.85122754	14.82646913	0.653889107	0.015495854	1.241041597	4.148772455	2.546894663386361	223.69240516309392	30.83693309	0.596006363	0.593507545	155.08916430286524	65.2777193	22.49886240162673	84.11312103	1.0913807195272156	90.76435566
1502.25	2.362385128	13.40329851	84.23431636	96.15055475	3.849445249	97.40773691	12.8243071	0.565588114	0.013403299	1.25718216	2.592263089	2.5523320994948904	226.06647632305226	31.09993666	0.583078904	0.580834273	154.7693478922148	66.21634041	22.498801455235448	84.5549643	1.0857923096037112	89.35539722
1502.375	2.366739146	11.98306888	85.65019197	97.285819	2.714181005	98.53775946	11.46542809	0.505657717	0.011983069	1.251940461	1.462240544	2.55680826963171	228.3603522412804	31.2093203	0.574961587	0.572834773	154.864413969418	65.98211589	22.49867775109594	81.92111254	1.1517561956679656	91.60363674
1502.5	2.34218183	12.94941728	84.70840089	96.05402471	3.945975287	97.31876606	12.39003248	0.546435379	0.012949417	1.264741344	2.681233942	2.5582420448685252	229.72727522741462	31.49691162	0.56588149	0.564018693	155.2753287931522	66.76820264	22.498513845203853	85.79528332	1.2869796731854837	89.60088491
1502.625	2.384189355	12.30896804	85.3068426	96.84636963	3.153630365	98.09778544	11.77724917	0.519409906	0.012308968	1.251415806	1.902214559	2.553615935711563	229.38026179244105	31.71593068	0.558094395	0.556448293	155.9220262567081	65.65878426	22.498310985991303	85.61617136	1.4755950830041513	91.12727046
1502.75	2.329185926	10.96262018	86.7081939	98.71424459	1.285755412	99.99	10.48906041	0.462597149	0.01096262	1.275755412	0.01	2.5391492481263684	226.88820953641647	31.93522325	0.552032761	0.550609934	156.8790127611249	66.15080505	22.49808095889813	85.73168516	1.6893714325042974	91.44151211
1502.875	2.378082613	9.541995545	88.07992184	98.69118623	1.308813767	99.99	9.129803466	0.402650084	0.009541996	1.298813767	0.01	2.511451927328991	222.10170461277346	32.06936486	0.54572043	0.544529854	158.21524857545748	66.28424593	22.497836116473408	86.69480085	1.8875422529779615	89.75471258
1503	2.426342159	11.31440733	86.25925051	98.55559981	1.444400191	99.87340765	10.82565117	0.477441751	0.011314407	1.317807841	0.12659235	2.4692263164226085	214.99710482130456	32.24314503	0.540218009	0.539270517	159.83656048250828	66.55179657	22.497588382234422	83.31363201	2.026769919401659	90.48098922
1503.125	2.440886659	10.31241484	87.2466985	98.34599416	1.654005844	99.63070226	9.866942433	0.435159991	0.010312415	1.284708107	0.369297737	2.4139299134650116	205.8319914693422	29.49921957	0.602274339	0.602594124	161.5711499542727	64.52128994	22.49734831670887	74.97292161	2.0869510063228613	91.89860821
1503.25	2.543429559	40.45738675	56.99918369	98.73906141	1.260938587	99.10178841	35.57080291	4.846126454	0.040457387	0.362726997	0.89821159	2.3494296797794956	195.40383550695535	26.73471451	0.661789046	0.663152151	163.31747918033187	62.85440073	22.497124239115102	67.28588343	2.079915976610793	93.00050735
1503.375	2.495696893	39.33075288	58.17355022	99.24020856	0.759791442	99.60495365	34.5802478	4.711174332	0.039330753	0.364745094	0.395046348	2.2813019834323174	184.9190189133796	23.99755876	0.72828568	0.730856839	165.0118542341838	58.32605718	22.496921727048832	57.79640675	2.031527014927116	89.46709037
1503.5	2.535649214	40.90847867	56.55587212	97.01314197	2.986858032	97.38170546	35.96741037	4.900159813	0.040908479	0.368563496	2.618294536	2.2162793679557504	175.57347626629513	21.02645966	0.799405002	0.802980032	166.487592669807	57.59419275	22.496743390870495	56.31180406	1.9561372292018877	92.66860485
1503.625	2.479749409	42.44396412	55.07628647	98.10846296	1.891537037	98.48515476	37.31743456	5.084085599	0.042443964	0.376691797	1.514845241	2.161195464304314	168.26037395213757	20.91643679	0.810095236	0.813578242	167.55647538286044	56.87666032	22.49658895888873	55.83641529	1.8588934565323028	92.23281741
1503.75	2.502868458	41.80366241	55.69346913	96.00530816	3.994691837	96.37174083	36.75447071	5.007388034	0.041803662	0.366432665	3.628259172	2.1216361515258044	163.57133005946503	20.7814435	0.818773783	0.822180744	168.25981385930143	56.4132446	22.496457214009396	55.82848787	1.751362001538148	92.7993834
1503.875	2.467333146	40.88624979	56.64641707	97.61652703	2.383472972	97.99329648	35.94786638	4.89749716	0.04088625	0.376769448	2.006703524	2.1006979277731803	161.64156223414437	20.78190041	0.823773132	0.82693574	168.8864215243779	56.81951082	22.496345042715127	56.98938966	1.6494181126381617	92.73915291
1504	2.394797768	41.11676713	56.4884351	94.98644845	5.013551548	95.37259575	36.15054103	4.925109329	0.041116767	0.386147296	4.627404252	2.098303507082003	161.92616927321532	21.01621852	0.817659055	0.82066922	169.69095598813217	59.02779937	22.496248576669437	56.75469637	1.561478800404632	91.39122963
1504.125	2.383922152	40.052927	57.56315085	96.8538982	3.146101804	97.23158633	35.21519521	4.797678859	0.040052927	0.377688133	2.768413671	2.1112428375974863	163.33527581244363	21.29462152	0.805055419	0.807873234	170.66439312267596	56.45894119	22.496163910887503	57.7970624	1.4920182643402446	91.18487239
1504.25	2.351859507	38.89248312	58.75565737	96.94861515	3.05138485	97.32193909	34.19491378	4.658676857	0.038892483	0.373323939	2.678060911	2.1341548110049926	164.88576821003102	21.51902151	0.802685312	0.805332185	171.60518014727876	57.56489058	22.49608777901036	58.35005045	1.4552782614073947	92.89675951
1504.375	2.357943199	38.66740955	58.97464725	95.04186612	4.958133879	95.41526791	33.99702538	4.631716761	0.03866741	0.373401793	4.584732086	2.161285481874887	166.12110147180027	21.76994398	0.790947447	0.793497714	172.2868603868788	58.14040957	22.49601813365564	59.21349525	1.4635971538442083	93.70173216
1504.5	2.288612639	38.45834976	59.2530376	96.01497233	3.985027665	96.39591385	33.81321655	4.606674853	0.03845835	0.380941518	3.604086147	2.1879205513050737	166.8713402152421	21.93973168	0.78592126	0.788339598	172.55905147071843	58.6398964	22.495954537962163	58.96736979	1.5033152538389256	92.6548481
1504.625	2.302752481	38.31074296	59.38650456	96.37445477	3.625545233	96.76639815	33.68343822	4.588993997	0.038310743	0.391943383	3.23360185	2.2111539718373505	166.91878833171134	21.85837067	0.789232244	0.791466627	172.35974673126287	57.81519561	22.4958983214536	58.21223259	1.5360293765365438	91.6885376
1504.75	2.237895599	39.8789692	57.8831352	96.88291274	3.117087261	97.28280475	35.06224864	4.776841589	0.039878969	0.39989201	2.717195251	2.2296948558448126	166.13250394522498	21.61979984	0.79257918	0.794660805	171.73730026938	58.45411734	22.49585253637533	57.21572638	1.5309151028828603	90.20652175
1504.875	2.249996407	41.24299968	56.50700391	97.58534852	2.414651483	97.99474236	36.26152678	4.940229903	0.041243	0.409393841	2.005257641	2.2433230660439922	164.7787111637956	21.32595555	0.806734307	0.808693147	170.875709433367	56.06415046	22.495821640094896	54.90931273	1.4886272227067703	90.64992666
1505	2.245013524	41.72085844	56.03412803	94.79151953	5.208480465	95.19673205	36.6816681	4.997469487	0.041720858	0.405212512	4.803267953	2.2522438179765563	163.4026141492376	21.15902303	0.812510196	0.814391382	170.0280910865478	56.51278121	22.49581107229298	56.50923848	1.4293778546626985	90.92633128
1505.125	2.241910619	40.16320052	57.59488886	96.57319658	3.426803416	96.97117876	35.31214952	4.810887805	0.040163201	0.397982179	3.028821236	2.2568891902722164	162.4695605830978	21.25984016	0.814590235	0.81643558	169.3915361552859	56.96014836	22.495826584738907	57.30691552	1.3742865502052597	91.89255834
1505.25	2.25959056	38.86811114	58.8722983	94.32183434	5.678165659	94.72857327	34.17348553	4.655757496	0.038868111	0.406738934	5.271426725	2.2578684437179737	162.27656860837004	21.43272039	0.810545594	0.812392462	169.0351531192691	57.99070891	22.495873461467482	57.5232029	1.3383445342468194	91.88667536
1505.375	2.27173575	39.3973691	58.33089515	96.46536031	3.534639689	96.87579636	34.63881788	4.719153855	0.039397369	0.410436052	3.124203637	2.2560948795720486	163.0609145462603	21.67317858	0.800188625	0.80206167	168.99616935954498	56.35120065	22.49595571794692	58.2108736	1.3286066951812283	90.69317579
1505.5	2.261590881	39.09016349	58.64824563	95.21480848	4.785191517	95.6203299	34.36871763	4.682355699	0.039090163	0.405521416	4.379670101	2.252814044448381	164.9434502909309	21.8294932	0.800511488	0.802331333	169.36146126420715	58.07115281	22.496075387151848	58.38534236	1.3349550115197715	91.22918248
1505.625	2.25501135	38.56463166	59.18035699	93.89345086	6.106549145	94.30104841	33.90666136	4.619405669	0.038564632	0.407597559	5.698951586	2.2491723541409447	167.70381483851224	21.96321118	0.797161908	0.799039351	170.28359691988516	56.67165576	22.49623193815615	59.50576067	1.3368833100472826	91.55139327
1505.75	2.319707388	37.39711083	60.28318178	93.63340522	6.366594779	94.04011282	32.88015775	4.479555964	0.037397111	0.406707597	5.959887182	2.2455998933124057	170.88519132338368	22.25745713	0.795502308	0.797354315	171.8868890821645	59.269612	22.496422008003634	60.61823964	1.3231576053729097	91.93286896
1505.875	2.295614372	36.34869939	61.35568624	92.55612469	7.443875313	92.96127547	31.95837709	4.353973597	0.036348699	0.405150783	7.03872453	2.241931548560201	174.08931929942744	22.6585133	0.781648363	0.783490814	174.175724688713	59.05684416	22.496639314344492	61.65236235	1.3013279646070814	92.52461195
1506	2.229181789	34.78256196	62.98825625	95.24056798	4.759432019	95.64258627	30.58140319	4.166376209	0.034782562	0.402018293	4.357413726	2.2383343333684147	177.1380625969286	23.06918738	0.770899294	0.772695357	176.9583035822995	58.77310904	22.496874794715858	62.91451454	1.2890701892432652	94.04506683
1506.125	2.179722747	34.24658392	63.57369333	92.40738039	7.592619609	92.79748193	30.11016244	4.102174897	0.034246584	0.390101543	7.202518065	2.2359709210604257	179.9284698727246	23.41444833	0.758343259	0.760004939	179.892001366521	59.64831382	22.497117024879376	63.50463033	1.3035908649754675	93.67538095
1506.25	2.150217646	33.79168649	64.05809586	94.17608829	5.823911709	94.57621295	29.71020911	4.047685701	0.033791686	0.400124661	5.423787048	2.2365341735537987	182.35973401138074	23.65442087	0.744157701	0.745802412	182.6244993741752	58.99517878	22.4973527566466	63.98950815	1.3558394823820354	91.98056459
1506.375	2.188508932	33.73579425	64.07569682	95.48719073	4.512809271	95.87861256	29.66106772	4.040990734	0.033735794	0.391421829	4.121387442	2.241308321279929	184.32491647704958	23.91031155	0.738817635	0.740414769	184.91612122129138	59.17033104	22.49756777365996	65.47601223	1.443073909067902	93.08692217
1506.5	2.152618941	32.1291878	65.71819326	94.04858578	5.951414222	94.43605793	28.24851279	3.848545827	0.032129188	0.387472153	5.563942069	2.2503974313850774	185.7185776091464	24.24947331	0.728774365	0.730367526	186.6344486400309	61.69070876	22.49774798029341	66.19269252	1.5452267731530758	93.08177233
1506.625	2.126240301	30.63166203	67.24209767	92.23634115	7.763658853	92.61819463	26.93186338	3.669166983	0.030631662	0.381853483	7.38180537	2.262517676887956	186.39607763991455	24.39384735	0.731512901	0.73311315	187.6784074168877	60.12216064	22.49788057624781	66.62973166	1.6319069204816392	93.87028217
1506.75	2.182816838	32.32757181	65.48961135	90.83061268	9.169387322	91.22144689	28.42293528	3.872308954	0.032327572	0.390834216	8.778553107	2.2750115623828737	186.21347325732688	24.44821475	0.739520298	0.741017987	187.98415653780373	61.50765823	22.49795533507225	65.91463089	1.679576415435106	93.64745617
1506.875	2.169871818	33.3306955	64.49943268	91.0143373	8.985662705	91.41048633	29.30489821	3.992466597	0.033330695	0.39614903	8.589513674	2.284633846835259	185.115405779078	24.17149281	0.756464937	0.757809236	187.54882462868704	59.12614553	22.497965794417972	64.07034397	1.6814423003080414	89.76361752
1507	2.118289307	35.28104488	62.60066582	90.43610452	9.563895475	90.83593323	31.0196776	4.226086227	0.035281045	0.399828701	9.164066774	2.288806420046937	183.2116048444159	23.8605078	0.76628098	0.767559291	186.4115122615379	57.79363284	22.497910185384555	63.51521015	1.6451763559946142	89.38956261
1507.125	2.11961718	34.00266846	63.87771436	92.13042071	7.869579293	92.52341286	29.89570794	4.072957855	0.034002668	0.392992154	7.476587139	2.286606561152709	180.78946131566244	23.63247944	0.767951115	0.769111884	184.5888106968062	59.51649091	22.497792064423443	63.06400299	1.583502262378466	93.67550015
1507.25	2.069422372	34.793272	63.13730563	93.42539382	6.574606176	93.82961698	30.59081963	4.167659095	0.034793272	0.404223152	6.170383024	2.2785734388544467	178.22104818340827	23.41230164	0.765881211	0.766963118	182.13214930017625	58.88844517	22.497620437232257	62.62180805	1.505880430333059	92.59420633
1507.375	2.057378896	35.65348855	62.28913256	95.26661187	4.733388132	95.67407847	31.34713624	4.270698825	0.035653489	0.407466604	4.325921528	2.2659021646094835	175.80238976904656	23.3081293	0.754284955	0.755426778	179.25180049094826	58.43225964	22.49740943559634	60.8968854	1.4098804806171652	92.53890514
1507.5	2.081181102	36.19399004	61.72482886	97.26594567	2.734054332	97.67529677	31.82235407	4.335441973	0.03619399	0.409351099	2.324703232	2.2499636517189643	173.6346326398587	23.12924951	0.754934771	0.75608132	176.32571377736497	58.12166866	22.497177552978613	62.13651299	1.2837319718076081	92.86544323
1507.625	2.11685353	35.85267148	62.03047498	94.50101257	5.498987435	94.90393841	31.52226116	4.29455765	0.035852671	0.402925846	5.096061589	2.232206444146977	171.6862301612872	22.90559461	0.763955514	0.76508512	173.7302097192324	60.11914433	22.496946452323776	61.28023863	1.125599417244356	91.80766344
1507.75	2.060771696	37.24057267	60.69865563	92.81136254	7.188637459	93.20617213	32.74252682	4.46080528	0.037240573	0.394809591	6.793827867	2.214186163972528	169.98162172183237	22.79178323	0.774566448	0.77560523	171.70051228860007	57.83739292	22.496739507367394	60.86263061	0.9599309491629023	91.80884361
1507.875	2.011947631	37.02737472	60.96067765	92.28263183	7.717368168	92.68181871	32.55507966	4.435267687	0.037027375	0.399186876	7.318181292	2.1973696493573365	168.70334155636561	22.58387999	0.797555407	0.798374389	170.4025374891557	58.24871594	22.49658018600796	61.36260033	0.8269365471558077	94.09167767
1508	1.97444459	38.7706427	59.25491271	90.46291938	9.537080623	90.85976877	34.08778967	4.644082388	0.038770643	0.396849391	9.140231231	2.1829878586946103	168.07482621109924	22.47360599	0.805634693	0.806243747	169.96010969782492	59.65357907	22.49649027345491	60.85788012	0.7601928760648151	93.6331749
1508.125	1.919412478	37.27835236	60.80223516	92.70032996	7.299670043	93.09171661	32.77574335	4.465330662	0.037278352	0.391386649	6.908283394	2.171751544752885	168.17074074594365	22.55315167	0.808704309	0.80917525	170.37735849405013	57.98383713	22.49648809176466	60.48309207	0.778333923465328	92.60032773
1508.25	1.938136918	36.56626956	61.49559353	90.36378801	9.636211992	90.74837946	32.14966838	4.380034908	0.03656627	0.384591447	9.251620545	2.1637892198239017	168.86716387041804	22.4925403	0.813405799	0.813762295	171.45301349827838	58.24711595	22.496586875037814	60.71528196	0.8859045548417896	92.81284809
1508.375	1.880424314	37.82632334	60.29325234	91.27497086	8.725029141	91.65836103	33.25752849	4.530968532	0.037826323	0.383390167	8.341638974	2.1586323654731796	169.93188097157648	22.66183423	0.803841157	0.804152132	172.87255306892905	58.32402416	22.49679335807464	61.51790619	1.06686606102487	93.53479743
1508.5	1.845191355	37.00100417	61.15380447	91.89340548	8.106594525	92.2747256	32.53189424	4.432108932	0.037001004	0.381320129	7.725274396	2.1555130633910062	171.0873275261984	22.72627607	0.80717689	0.807414765	174.3148209899102	59.75784483	22.497106883266923	62.21081018	1.2851404914016837	94.55553293
1508.625	1.854886168	36.71151608	61.43359775	90.33643192	9.663568082	90.71581179	32.27737152	4.397433041	0.036711516	0.37937987	9.284188212	2.153911531245398	172.07211990727205	22.78476595	0.803171587	0.803418605	175.5153669780178	60.29894249	22.49751896965724	62.58652806	1.5035892732505585	94.2708075
1508.75	1.891159708	35.94530983	62.16353047	91.20800835	8.791991645	91.57828428	31.60371032	4.305654192	0.03594531	0.370275921	8.421715724	2.153872189381012	172.71955213756695	22.95197607	0.801663415	0.801955262	176.28852877811474	59.16955726	22.49801368101727	62.4953866	1.7038928897560548	92.57380962
1508.875	1.895552288	36.06729882	62.03714889	89.40024844	10.59975156	89.76030568	31.71096507	4.320266458	0.036067299	0.360057241	10.23969432	2.155598184784667	173.01586879955	22.96486468	0.812322504	0.812619468	176.5151702046847	58.89013658	22.498568748293366	60.75395346	1.8771432596916053	87.24120855
1509	1.880370497	36.97820326	61.14142624	87.34808631	12.65191369	87.70344632	32.5118473	4.429377759	0.036978203	0.355360007	12.29655368	2.1588744590018143	173.0022992572402	22.82579286	0.824754182	0.825052746	176.16256600112973	56.98203279	22.499157174124925	59.91978049	2.0013530584585437	85.76751947
1509.125	1.871062908	38.29426335	59.83467374	87.45113208	12.54886792	87.80704156	33.66894908	4.587020013	0.038294263	0.355909478	12.19295844	2.163018518342832	172.62306996786816	22.52321938	0.851699211	0.851823136	175.26846199467863	58.28716865	22.499749374413156	60.22796035	2.0411986164779776	88.53385448
1509.25	1.852380531	39.43758208	58.71003738	85.18839241	14.81160759	85.55414011	34.6741738	4.723970706	0.039437582	0.365747704	14.44585989	2.1670043700523016	171.70518145193532	22.125732	0.883770509	0.883668786	173.96560651956202	57.92571986	22.500315308925153	58.90721083	1.9779859102632855	86.76594496
1509.375	1.852690972	40.58751021	57.55979882	83.36677529	16.63322471	83.73438759	35.68520961	4.861713095	0.04058751	0.367612295	16.26561241	2.1696577669566715	170.14967551798398	21.85827535	0.908446964	0.908114349	172.49783781847128	57.424611	22.50082649686544	58.64349604	1.827326510351051	84.7830534
1509.5	1.808659712	40.07438087	58.11695942	82.41747998	17.58252002	82.78302664	35.23405781	4.800248679	0.040074381	0.365546661	17.21697336	2.1701255593422184	168.1122683452666	21.87004619	0.924713152	0.924170028	171.2034817253092	57.58172635	22.50125777806713	58.67643356	1.6233819137513446	82.11069703
1509.625	1.786505121	38.41007615	59.80341873	81.52600409	18.47399591	81.88115664	33.7707736	4.600892472	0.038410076	0.355152552	18.11884336	2.168356944344771	165.9014572456436	21.95311397	0.926271716	0.925621468	170.3245277824721	58.02985881	22.50158863028775	59.42951441	1.3994893685325376	85.40481329
1509.75	1.743233459	38.66942652	59.58734002	83.45575264	16.54424736	83.81228348	33.99879873	4.631958362	0.038669427	0.356530843	16.18771652	2.165105769036774	163.730043027713	22.00241437	0.917627179	0.916967727	169.83201546169548	58.8402284	22.501804275553788	59.18858647	1.1899363349267018	86.24657393
1509.875	1.717961657	40.08252744	58.19951091	85.62133224	14.37866776	85.96888171	35.24122041	4.801224503	0.040082527	0.347549474	14.03111829	2.161481690191402	161.6555322739242	21.9531854	0.904189692	0.9036317	169.50403127511916	57.87140978	22.501896458818315	57.34098554	1.032217034964655	88.38094473
1510	1.74165069	40.4923842	57.76596511	87.84456446	12.15543554	88.19572905	35.60157325	4.850318571	0.040492384	0.35116459	11.80427095	2.158439542631867	159.74396363824553	21.71007062	0.893555965	0.893070905	169.13614107893332	57.60483289	22.501863786651917	58.29774141	0.9494791207145376	90.1289463
1510.125	1.704351763	40.88075361	57.41489462	88.87715974	11.12284026	89.23281687	35.94303405	4.896838809	0.040880754	0.355657136	10.76718313	2.1564372431346888	158.1853506653719	21.6081517	0.888671755	0.888192359	168.595836978748	57.16843645	22.501711775142446	58.14648867	0.9354575791396833	90.8946991
1510.25	1.686028835	39.7185586	58.59541256	86.69206872	13.30793128	87.05210479	34.92121299	4.75762705	0.039718559	0.360036073	12.94789521	2.155501396669865	157.1826603534771	21.48538532	0.884781264	0.884244852	167.77891211628122	58.01500747	22.50145235373188	57.62884021	0.9635405479510318	91.24282598
1510.375	1.642113395	41.37234576	56.98554084	88.9396259	11.0603741	89.30768264	36.37524999	4.955723426	0.041372346	0.368056742	10.69231736	2.155385171357729	156.8095102795309	21.28668161	0.886128108	0.885541879	166.7045241294526	56.45009421	22.501102758761476	56.76104426	1.0070222871875978	90.1669383
1510.5	1.669102168	42.62045222	55.71044562	90.51405543	9.485944573	90.87593845	37.47260581	5.105225957	0.042620452	0.361883025	9.124061548	2.155560924189281	157.00723409031204	21.18134141	0.883115076	0.882468469	165.64315192708727	56.81028586	22.500684092393897	56.36597872	1.048833325238038	92.50996113
1510.625	1.621557461	42.00521582	56.37322672	91.75266318	8.247336815	92.12423022	36.93167981	5.031530803	0.042005216	0.371567038	7.875769778	2.155357826418591	157.6892788239567	20.92324879	0.883253037	0.882574585	164.94095955123763	57.41888578	22.500219692238446	56.1267674	1.0776093964541413	92.76875854
1510.75	1.584499303	42.47685428	55.93864642	90.71434383	9.285656166	91.07805927	37.34635212	5.088025296	0.042476854	0.363715434	8.921940732	2.1543481045075508	158.71888630005824	20.79162564	0.889966465	0.889210575	164.70271530930717	56.81167837	22.499733416601863	55.79437613	1.0877643001418793	91.9626236
1510.875	1.57942203	42.85422066	55.56635731	88.57734128	11.42265872	88.94745123	37.67813888	5.133227553	0.042854221	0.370109949	11.05254877	2.1527200454160296	159.7997753719648	20.87870015	0.88527451	0.88441145	164.68546167063943	56.80860831	22.49924823379989	55.88907003	1.0847432075189811	91.104877
1511	1.580530773	41.73987197	56.67959726	90.91810685	9.081893153	91.29867731	36.6983851	4.999746993	0.041739872	0.380570459	8.701322693	2.151232341957634	160.57378980608019	20.98285134	0.884553948	0.88359766	164.5894705838406	56.1583939	22.49878503411427	56.48704171	1.08401734389397	90.38112164
1511.125	1.540475408	40.98301784	57.47650675	90.36728753	9.632712474	90.74158664	36.03294645	4.909088374	0.040983018	0.37429911	9.258413365	2.1509721673783404	160.83983853259136	21.17035156	0.882381184	0.881301459	164.32253342388452	56.21834337	22.498361922118605	57.26493597	1.0974024328658587	91.35562181
1511.25	1.508251445	40.56671858	57.92502997	88.55891367	11.44108633	88.93582879	35.66692926	4.859222602	0.040566719	0.376915122	11.06417121	2.1528536456485807	160.62991288783724	21.36484368	0.869791762	0.86872045	163.97610149308164	58.67930216	22.497993759194287	58.22039843	1.1252888792766682	92.85789728
1511.375	1.512718336	40.76169705	57.72558462	90.22538369	9.774616315	90.59132739	35.83835755	4.8825778	0.040761697	0.36594371	9.408672605	2.1573089439886846	160.00327981630647	21.30730393	0.870777976	0.869704105	163.62855453593477	58.24775029	22.49769182887188	57.35019445	1.1638636643685882	93.50661635
1511.5	1.557772787	42.36584495	56.07638227	91.48255296	8.517447041	91.85923735	37.24875089	5.074728213	0.042365845	0.376684393	8.140762648	2.164034228188168	158.97525860422857	21.21215118	0.865163897	0.864192635	163.3580456644377	57.71919035	22.497463657687764	56.4424932	1.2129318027537	93.7245369
1511.625	1.593605941	41.86549537	56.54089869	94.18338138	5.816618619	94.56106902	36.80883527	5.014794601	0.041865495	0.377687636	5.438930983	2.1717950030128703	157.65362280407803	20.9605757	0.863958806	0.863100072	163.33824335748142	55.84927303	22.497312659842276	56.07247949	1.275335229291461	93.45052838
1511.75	1.554839964	43.13030778	55.31485226	93.11596521	6.884034788	93.49168498	37.92087924	5.166298229	0.043130308	0.375719766	6.508315022	2.1785000928441747	156.35037805421643	20.59107463	0.866804275	0.866020532	163.7413465245142	57.19459524	22.497238004921094	54.59712744	1.3520404838059261	91.68353081
1511.875	1.527510709	44.61270869	53.8597806	95.31491189	4.685088113	95.68370008	39.22423062	5.343865365	0.044612709	0.368788196	4.316299918	2.182178324602001	155.4249077176817	20.43766644	0.864557394	0.863845653	164.54004624094614	55.74940763	22.49723460430984	53.53841186	1.4385225875750662	91.12700224
1512	1.562873032	43.92713935	54.50998762	94.99794553	5.00205447	95.37030674	38.62146672	5.261745485	0.043927139	0.372361214	4.629693256	2.1819028912350786	155.0306913234029	20.20301703	0.873357852	0.87267171	165.5187919705732	55.54205557	22.497293521441215	53.6349535	1.5202304242375984	92.31727719
1512.125	1.593963919	44.39021736	54.01581872	94.63025495	5.369745055	94.99445937	39.02861256	5.317214579	0.044390217	0.364204428	5.005540627	2.1777297308015506	155.12107151033413	20.01924858	0.874860672	0.874224766	166.4861442832739	55.9487577	22.497402988138944	53.40402126	1.5759827394289385	90.21304846
1512.25	1.550771308	45.05173476	53.39749393	95.73914779	4.260852207	96.10823232	39.61022959	5.396453434	0.045051735	0.36908453	3.891767678	2.1701535037111785	155.5902579357394	20.09578118	0.872233368	0.871590923	167.3836302894527	56.03096831	22.497549518497873	54.45895791	1.5915646185182184	91.04540348
1512.375	1.516065979	43.80278659	54.68114743	95.03664763	4.963352369	95.40401359	38.51213372	5.246850079	0.043802787	0.367365962	4.595986406	2.1602460016546168	156.3872447637893	20.24318723	0.86501566	0.864318187	168.19071231531888	57.0211025	22.497719102688325	52.84113884	1.570998867950105	93.31421256
1512.5	1.480458152	42.39505022	56.12449163	95.47556311	4.524436889	95.85069965	37.27442865	5.078226522	0.04239505	0.375136534	4.149300354	2.1498774875355515	157.4538901948325	20.42941289	0.85018411	0.849410333	168.77363099135593	56.02770235	22.497898466281764	54.94844317	1.5337636368944059	90.83143473
1512.625	1.467823229	42.41258318	56.11959359	97.67461474	2.325385261	98.05557624	37.28984391	5.080326681	0.042412583	0.380961498	1.944423763	2.1412625128357377	158.74112209211296	20.75676028	0.833745737	0.832939014	168.9267539084739	56.37831903	22.498075882383386	56.05214238	1.5016671554403391	92.52842665
1512.75	1.50973802	41.51778654	56.97247544	96.9780732	3.0219268	97.36617025	36.50312392	4.973144828	0.041517787	0.388097048	2.633829752	2.136180901512153	160.22090891756966	20.93907129	0.820994347	0.820190391	168.53864168292563	56.6522428	22.49824181220894	56.16442561	1.4851227276209622	92.89886951
1512.875	1.515702566	41.77297236	56.71132508	97.31843778	2.681562218	97.70840298	36.72748751	5.003711873	0.041772972	0.389965197	2.29159702	2.1356510994431854	161.7752536241536	20.86295415	0.821082555	0.820267028	167.70122241316938	57.13947818	22.498389519640078	55.94283342	1.4772365968128156	91.62541628
1513	1.490342165	43.17608952	55.33356831	96.76361722	3.236382785	97.1554241	37.96113131	5.171782125	0.04317609	0.391806883	2.844575902	2.1397421107247836	163.10021663965193	20.87296729	0.822131109	0.821341975	166.62691098112717	57.42516828	22.49851552941129	55.88871837	1.460750025691911	91.76240563
1513.125	1.519179609	42.27319066	56.20762973	97.00999527	2.990004728	97.39272259	37.16728771	5.063629761	0.042273191	0.382727321	2.607277408	2.1473152234324644	163.82396966924293	20.81916435	0.825745772	0.824970591	165.50557192862337	57.29811283	22.498619996691765	56.29752278	1.421804566454083	93.17100048
1513.25	1.507314982	42.11901711	56.37366791	96.31440032	3.685599681	96.68798404	37.03173578	5.045162317	0.042119017	0.373583724	3.312015957	2.1559796762076893	163.75632835603875	20.78457087	0.830323593	0.829528342	164.4842633277494	57.92274697	22.498706849699424	56.34654164	1.35821645713706	93.13354492
1513.375	1.474668148	42.22056488	56.30476697	95.92283182	4.07716818	96.29463981	37.12101825	5.057326061	0.042220565	0.371807988	3.705360191	2.162787783465338	162.91099790592136	20.94227461	0.827464489	0.82670479	163.70991914389163	57.22927527	22.49878347158243	56.2397778	1.2800575791390634	92.3240304
1513.5	1.4710906	41.52683357	57.00207582	95.27317319	4.726826812	95.63535384	36.51107823	4.974228514	0.041526834	0.362180651	4.364646161	2.1654406190734536	161.43149169214416	20.91761059	0.826308451	0.825555424	163.27864062930692	56.97742604	22.498860031819255	56.35017157	1.205161892979467	93.16434264
1513.625	1.427423487	42.60167767	55.97089884	98.00195389	1.998046114	98.35468391	37.45609891	5.102977076	0.042601678	0.352730022	1.645316092	2.163160794757763	159.54978905663492	20.82199491	0.829743738	0.828970477	163.0642233364992	58.4600292	22.49894834408402	56.13926649	1.1500173571309842	92.52734184
1513.75	1.408222477	43.23863582	55.3531417	96.54154391	3.458456094	96.88786327	38.01612305	5.179274139	0.043238636	0.346319365	3.112136729	2.1565857922151777	157.54427122770795	20.58661209	0.837451045	0.836692097	162.76799756786224	57.13244726	22.499060499097123	55.12247086	1.121186075225196	93.03113222
1513.875	1.394398396	44.81711799	53.78848362	96.84972308	3.150276921	97.18711538	39.40395065	5.368350221	0.044817118	0.3373923	2.812884621	2.1471543363686836	155.6330546075548	20.24412126	0.842873441	0.842176979	162.18304516818108	57.58154607	22.49920730370141	54.29313779	1.1149014183263537	92.04472303
1514	1.411671513	45.19301625	53.39531223	99.05905414	0.940945856	99.38977065	39.73444661	5.413376622	0.045193016	0.330716502	0.610229355	2.1367803508742877	153.87821807662453	20.08036815	0.847164775	0.846474219	161.3839831689302	57.41356077	22.499396779733942	53.24225426	1.1263210709781095	91.6175127
1514.125	1.375794528	44.39600573	54.22819975	99.08179848	0.918201521	99.41648464	39.03370179	5.31790793	0.044396006	0.33468616	0.583515361	2.127531594838265	152.37996833017655	19.87757634	0.8520115	0.851337233	160.57877331537497	56.35133754	22.499633107927192	53.56312394	1.1555046680904362	91.82796478
1514.25	1.378431425	45.42076761	53.20080096	98.1646081	1.835391898	98.49943844	39.93468937	5.440657472	0.045420768	0.334830342	1.500561556	2.121135210093841	151.38952069258204	19.75502735	0.8588009	0.858069207	159.89819730885523	56.73448633	22.49991592337534	53.58638763	1.2008782558148356	91.28733873
1514.375	1.358025362	46.18770995	52.45426468	96.31597315	3.684026852	96.65901444	40.60899775	5.532524492	0.04618771	0.34304129	3.340985562	2.1186300365893493	151.1776922552691	19.81442502	0.860314423	0.859510291	159.44300025312805	57.00401267	22.50024040190531	53.03413868	1.2489420121877572	92.06622839
1514.5	1.365123272	44.63561	53.99926672	97.32452739	2.675472609	97.66117705	39.24436583	5.346608563	0.04463561	0.336649657	2.338822951	2.1206016660138642	151.6572684300137	19.75545071	0.868112682	0.867257773	159.39236173603288	56.59567852	22.5005977267342	53.54933143	1.278106357063436	92.19549894
1514.625	1.366779429	45.09477837	53.5384422	96.80796073	3.192039274	97.14512037	39.64807425	5.401609347	0.045094778	0.337159646	2.854879629	2.1271879008210606	152.45677659174618	19.91398595	0.865752633	0.864822209	159.8840062449186	55.94270164	22.500975569664682	53.79416943	1.273208912651874	91.38246775
1514.75	1.330621598	43.7940464	54.875332	96.29287968	3.707120316	96.63654288	38.5044492	5.245803149	0.043794046	0.343663196	3.36345712	2.1377446900578794	153.21906504685984	20.23158378	0.848121418	0.847186714	160.7838610308243	55.59366122	22.50135896403864	54.23012376	1.2282394583770513	91.21943116
1514.875	1.306946541	42.76172174	55.93133172	98.08514338	1.914856623	98.43589423	37.5968123	5.122147711	0.042761722	0.350750848	1.564105774	2.150368016687615	153.74410616136933	20.41662312	0.843066425	0.842071613	161.75798591613994	56.71048317	22.501731341629966	52.93928981	1.1407585866744914	92.260921
1515	1.324911526	42.69751559	55.97757289	96.20372066	3.796279345	96.55177168	37.5403612	5.114456876	0.042697516	0.348051029	3.448228315	2.1621465040602383	153.86195600850166	20.50558055	0.84541177	0.844277046	162.59870460947542	57.94143762	22.502075477316538	56.400913	1.0151177615448088	91.27378464
1515.125	1.28849121	44.26025782	54.45125097	94.2645678	5.735432196	94.62114356	38.91434999	5.301647574	0.044260258	0.35657576	5.378856436	2.169890670768168	153.4993793282775	20.5669469	0.848614722	0.847375834	163.29947470204468	59.44008612	22.502374750954004	55.52588701	0.8745500225642111	91.10563397
1515.25	1.259394458	43.24650856	55.49409698	93.89667453	6.103325471	94.24804988	38.02304489	5.180217163	0.043246509	0.351375349	5.751950122	2.1711739605605804	152.88966681865062	20.56378342	0.85989603	0.858533006	163.83306326872227	55.85686313	22.502614392808837	55.11449575	0.7574580588891158	92.50404835
1515.375	1.262186668	42.93965997	55.79815337	93.31749407	6.682505935	93.6737006	37.75325854	5.143461771	0.04293966	0.356206535	6.3262994	2.1649478063325422	152.45671803339093	20.40427166	0.877072322	0.875589133	163.98260505716604	56.79182806	22.502782532703492	54.84596491	0.6948313818188746	93.01416874
1515.5	1.292530938	44.5435321	54.16393696	91.98020591	8.019794085	92.33167507	39.16340942	5.335579152	0.044543532	0.35146916	7.668324925	2.1520323734976787	152.39888846438532	20.25394783	0.893595579	0.892039422	163.6427871792467	57.23778474	22.50287098984187	54.79132533	0.6927489112483567	93.24804544
1515.625	1.270928393	45.97999355	52.74907805	90.57726051	9.422739494	90.92368448	40.42637006	5.507643499	0.045979994	0.346423979	9.076315515	2.1350807926568605	152.48856163085367	20.11124281	0.906839624	0.905232296	162.99179402609852	57.86460499	22.50287540371764	53.94816995	0.73695184862599	92.5952673
1515.75	1.251368928	44.85404524	53.89458583	91.16326891	8.83673109	91.50677695	39.4364177	5.372773496	0.044854045	0.343508041	8.493223048	2.1178944767934587	152.37413188324183	19.9146207	0.927965998	0.926236754	162.30168259436783	54.93844091	22.50279494237596	53.37494612	0.8094763965492624	91.1678791
1515.875	1.224534919	45.19417307	53.58129201	88.6471333	11.3528667	88.99610701	39.7354637	5.413515189	0.045194173	0.348973717	11.00389299	2.10384845369716	151.9509027374584	19.89096829	0.931855747	0.930061141	161.6317259130135	56.47684615	22.50263179027619	53.68739963	0.8931515868743491	91.8176651
1516	1.209334348	44.89071374	53.89995191	90.92779617	9.072203826	91.27292283	39.46865725	5.377165776	0.044890714	0.345126658	8.727077167	2.0947763714631806	151.31741832595583	19.98104868	0.92735596	0.925563659	160.99886003024488	56.62730112	22.502390486932242	54.23656702	0.967974492224377	92.24838614
1516.125	1.24230603	45.02778937	53.7299046	90.6647083	9.335291698	91.00657543	39.58917641	5.393585171	0.045027789	0.341867127	8.993424571	2.0908166177146636	150.5504454520015	19.93385784	0.937768338	0.935914023	160.61988146912043	58.07811831	22.502077480817718	54.08383012	1.0167131556656175	91.5512085
1516.25	1.247240031	45.42973648	53.32302349	88.20461942	11.79538058	88.54550892	39.94257495	5.441731793	0.045429736	0.340889501	11.45449108	2.09101431491177	149.68728268998868	19.8161654	0.952396058	0.950554063	160.73070325067005	55.5627336	22.501700721300743	53.23143601	1.0409029461647432	88.88115287
1516.375	1.284601447	46.48349417	52.23190438	85.69837914	14.30162086	86.02994918	40.86905612	5.567954554	0.046483494	0.331570042	13.97005082	2.093809973290677	148.91190565043468	19.64567451	0.979843996	0.977956284	161.1861351648668	55.68425663	22.501269570447615	52.85622478	1.0603661410815395	88.59328032
1516.5	1.284243679	46.81225536	51.90350096	84.46329757	15.53670243	84.78671607	41.15810839	5.607334713	0.046812255	0.323418499	15.21328393	2.097628395907755	148.42800942176245	19.609253	0.999086773	0.997148174	161.51312237128107	55.61228141	22.50079488983493	52.77358294	1.0912663338334256	87.56314516
1516.625	1.24832953	45.54335427	53.2083162	84.64836755	15.35163245	84.96268572	40.04246959	5.455341328	0.045543354	0.314318163	15.03731428	2.1014150311751942	148.2013068985098	19.561081	1.011738995	1.009769208	161.3930937940147	55.40597825	22.50028916158127	51.80566907	1.1367526325292527	86.96638346
1516.75	1.215459194	46.04521796	52.73932284	84.79582187	15.20417813	85.11151876	40.48371644	5.515456306	0.046045218	0.315696883	14.88848124	2.1047744218990854	148.0522081331987	19.59496426	1.007726789	1.005788267	160.88379291318148	54.69981573	22.499766697538387	52.52547264	1.2008527977866057	87.29783893
1516.875	1.207279299	46.15938047	52.63334023	86.43532591	13.56467409	86.74431384	40.58409	5.529131088	0.04615938	0.308987934	13.25568616	2.1076541138866056	147.98849876755406	19.7207893	1.001805966	0.999868786	160.17994485144197	56.23286276	22.499243470862673	53.0813694	1.2977731310807232	86.57754064
1517	1.241964055	45.4865876	53.27144834	84.25348433	15.74651567	84.56948754	39.9925594	5.448541619	0.045486588	0.316003211	15.43051246	2.110116006659811	148.22423499586972	19.61950759	1.011502357	1.009544783	159.45215498101703	55.93737899	22.498736767647955	52.91407108	1.4337027656516197	86.32871509
1517.125	1.274254632	46.64894185	52.07680352	83.28496781	16.71503219	83.59791796	41.01452045	5.587772452	0.046648942	0.312950152	16.40208204	2.1123716168594138	148.80683831208134	19.58446657	1.023974009	1.02201976	158.94028714692342	55.83586685	22.498264841184735	52.52231359	1.5911973381482178	82.29882717
1517.25	1.309520792	46.42749265	52.26298655	81.57428767	18.42571233	81.88451043	40.81981866	5.561246498	0.046427493	0.310222757	18.11548957	2.1148684447024744	149.52383753169016	19.49701584	1.053219385	1.051172151	158.95945375244727	55.07473915	22.497846263154123	52.69336104	1.737665726425651	81.5605402
1517.375	1.313056124	47.18690514	51.50003873	79.13494646	20.86505354	79.43852297	41.48750667	5.652211566	0.047186905	0.303576506	20.56147703	2.1182827010189014	150.10228282080146	19.35725859	1.086006484	1.083838546	159.59638149394868	57.08815577	22.497499035231353	50.07684827	1.8441925558149692	82.27038383
1517.5	1.281006077	47.12381072	51.59518321	77.09383413	22.90616587	77.39316585	41.43203301	5.644653896	0.047123811	0.299331716	22.60683415	2.1232026628623917	150.41738390089134	19.24784145	1.11333738	1.111025108	160.55476226487633	56.10951022	22.497239682203368	51.50532126	1.8903994895908247	78.77858877
1517.625	1.28040065	47.95311737	50.76648198	77.43694633	22.56305367	77.74300814	42.16117312	5.74399113	0.047953117	0.306061808	22.25699186	2.129509181417424	150.41407729983194	19.20059979	1.130073615	1.127599275	161.44025853874243	54.94117757	22.49708204333038	50.84575415	1.8626232067974873	77.93195844
1517.75	1.260519319	47.0526916	51.68678908	77.68144272	22.31855728	77.99491416	41.36950391	5.636135001	0.047052692	0.313471443	22.00508584	2.135980710127858	150.06194804564916	19.35766623	1.118799766	1.116305832	162.09218737214456	54.79377406	22.497035975937493	51.49283409	1.7623297710267951	79.82382774
1517.875	1.264543104	45.5045573	53.23089959	79.80979372	20.19020628	80.11971814	40.00835865	5.450694092	0.045504557	0.30992442	19.88028186	2.140755167345217	149.43448705096824	19.44298105	1.109913031	1.107355967	162.58458250150167	55.35786068	22.497106000871362	52.3290813	1.6141219186914555	79.89937067
1518	1.229812762	46.2100931	52.56009414	78.11542627	21.88457373	78.43353089	40.62867738	5.535205623	0.046210093	0.31810462	21.56646911	2.1421666380107762	148.75648709686834	19.64608618	1.103843785	1.101201134	162.93421456801943	55.56301967	22.49728995555335	53.37162018	1.4570009475485044	78.07124853
1518.125	1.235770727	45.81544277	52.9487865	75.89441343	24.10558657	76.20996176	40.28169429	5.487933034	0.045815443	0.315548326	23.79003824	2.1394475079047104	148.24804188417505	19.90021896	1.099750591	1.097016414	163.07667558400635	56.87114598	22.497578265146466	53.35230231	1.3224858559332877	78.58501673
1518.25	1.23706111	44.37498578	54.38795311	74.97822615	25.02177385	75.29969307	39.01522071	5.315390088	0.044374986	0.321466916	24.70030693	2.132995696885814	147.95460422524144	19.95201084	1.106951192	1.104133562	162.97521324904315	56.58405571	22.497953871419348	54.05857563	1.223857507609387	80.315274
1518.375	1.273752607	44.99766387	53.72858352	77.04301175	22.95698825	77.35830079	39.56268957	5.389976635	0.044997664	0.315289035	22.64169921	2.124555035160892	147.78883151067276	20.00048744	1.112810246	1.109985159	162.71811964368777	56.49382192	22.498392949612906	53.83572578	1.1611164461693124	78.9768815
1518.5	1.294583485	45.69564988	53.00976664	75.8673353	24.1326647	76.18326969	40.1763704	5.473583825	0.04569565	0.315934397	23.81673031	2.11670221266564	147.7269638629861	20.04425284	1.105929813	1.103209884	162.3981723946546	55.96309836	22.498866545943827	53.90328169	1.1307963889848658	78.23193073
1518.625	1.282251828	45.29120954	53.42653864	77.05969705	22.94030295	77.36716224	39.82077977	5.425138555	0.04529121	0.307465195	22.63283776	2.1119766409652563	147.81383491878364	19.89623922	1.103709703	1.101129334	162.13879625647422	56.74969439	22.499342610541678	52.81457901	1.1254304750528419	79.44689989
1518.75	1.312610206	45.8729234	52.81446639	77.7480238	22.2519762	78.06356172	40.33223221	5.494818264	0.045872923	0.315537923	21.93643828	2.11167146646671	148.07579265057598	19.77319574	1.099753089	1.097285975	162.16429419927948	55.17438839	22.49978847699884	53.0903399	1.1286951286564522	82.61716366
1518.875	1.325246405	46.23205278	52.44270081	80.0070125	19.9929875	80.3202284	40.6479847	5.53783603	0.046232053	0.3132159	19.6797716	2.115401703115058	148.4194273054504	19.72787463	1.083681795	1.081422858	162.6994344627744	56.23885392	22.50017332521427	53.26005816	1.1210763081660302	83.38160515
1519	1.346415422	46.04219811	52.61138647	80.93984768	19.06015232	81.2473685	40.48106134	5.515094578	0.046042198	0.307520823	18.7526315	2.1214189625171462	148.78450804176697	19.63246969	1.072318136	1.070249812	163.67929520018703	56.25246619	22.50047041559788	52.10783482	1.0992834712249484	81.36588335
1519.125	1.349979452	46.17789254	52.47212801	81.71630967	18.28369033	82.01600495	40.60036612	5.531348528	0.046177893	0.299695286	17.98399505	2.1276418444866607	149.22927800846756	19.6657536	1.062664829	1.060728815	164.71514398830004	54.64064435	22.50065897258753	53.07290554	1.081580457990015	82.61623383
1519.25	1.361331117	45.4347889	53.20387999	79.917364	20.082636	80.22411702	39.94701712	5.44233699	0.045434789	0.306753019	19.77588298	2.132327171404882	149.9256733900433	19.79317489	1.052458188	1.05060217	165.3910913891804	57.2160285	22.50072557288877	54.08543348	1.087123643361466	84.6562326
1519.375	1.371797946	44.80254866	53.82565339	80.9840089	19.0159911	81.29600393	39.39114106	5.366605056	0.044802549	0.311995037	18.70399607	2.134550447744303	150.96341243157832	19.93812118	1.038041194	1.036273295	165.57232240627513	56.42512617	22.500665071129465	53.73045802	1.1186015338821662	83.45487118
1519.5	1.385139744	44.40202878	54.21283148	83.00295484	16.99704516	83.31272624	39.03899736	5.318629392	0.044402029	0.309771395	16.68727376	2.1345347219053616	152.32741911325382	20.1062488	1.025921601	1.024217063	165.3839765263049	56.72340817	22.500480848958652	53.62260342	1.1753095918573402	85.53136587
1519.625	1.388691581	44.31078586	54.30052255	82.73689013	17.26310987	83.03874826	38.95877508	5.307699999	0.044310786	0.301858129	16.96125174	2.1335667449505804	154.02917320202943	20.23785884	1.013870668	1.012275404	165.0475588213768	56.40587351	22.500184347788128	54.64224219	1.2705148756619742	85.34038067
1519.75	1.385657253	43.96122226	54.65312048	81.4512912	18.5487088	81.7461518	38.65143299	5.265828055	0.043961222	0.294860601	18.2538482	2.1332098141633145	156.12590294404868	20.23156401	1.017547467	1.016000418	164.73486504852812	56.20551308	22.499793982931024	54.78602648	1.419565858231034	83.30852985
1519.875	1.404035138	44.87285257	53.72311229	80.01239918	19.98760082	80.30958648	39.45295341	5.375026303	0.044872853	0.2971873	19.69041352	2.134453976629877	158.59030816990486	20.30319645	1.023756515	1.022180306	164.57985362422423	56.77870105	22.499333563957606	52.94870138	1.6165685289039762	84.63156819
1520	1.371962226	43.70558858	54.92244919	80.02175752	19.97824248	80.31734175	38.42667563	5.235207364	0.043705589	0.295584228	19.68265825	2.1374703707125926	161.1790464176682	20.43086042	1.027956956	1.026331672	164.60576299180494	57.31992487	22.498830202258134	55.60098886	1.8337258840075923	82.97486305
1520.125	1.365597932	43.01995447	55.6144476	79.53267729	20.46732271	79.82469873	37.82385479	5.153079726	0.043019954	0.29202144	20.17530127	2.1419830788933516	163.56490270792295	20.65940457	1.016472175	1.014891876	164.72315903296362	56.98743075	22.498312043942818	56.19734526	2.037842710946414	82.55431652
1520.25	1.403420563	41.47493579	57.12164365	81.61642106	18.38357894	81.90942307	36.46544884	4.968012016	0.041474936	0.293002009	18.09057693	2.1476236208697097	165.4254259438764	21.03077587	0.990559317	0.989108306	164.82544017205927	57.9266059	22.497805918884332	57.22407103	2.1975359994445456	82.98984766
1520.375	1.406701518	40.79892181	57.79437667	82.45651855	17.54348145	82.74217143	35.87108618	4.887036712	0.040798922	0.285652884	17.25782857	2.1539338364003626	166.54569950797514	21.31277876	0.970329329	0.969029403	164.95313682058278	57.28850503	22.497335250250647	57.58244991	2.2811039004097298	80.78575134
1520.5	1.415686324	40.57839358	58.0059201	82.17402127	17.82597873	82.45573514	35.67719411	4.860621073	0.040578394	0.281713873	17.54426486	2.1600565701638086	166.78118295883928	21.64632116	0.944932663	0.943802932	165.2444416620342	57.73928321	22.496918563912157	57.97255635	2.2647223824414615	84.03046131
1520.625	1.421022082	39.30266685	59.27631107	82.7598042	17.2401958	83.04335712	34.5555541	4.70781009	0.039302667	0.28355292	16.95664288	2.164999755535212	166.09492431258613	21.7297111	0.938945778	0.937894204	165.76313746356556	58.28808475	22.49656858647716	58.16688538	2.145381767486742	85.54415703
1520.75	1.419542519	40.54574792	58.03470956	82.34513685	17.65486315	82.62356723	35.64849151	4.856710663	0.040545748	0.27843038	17.37643277	2.1680729913396233	164.55301020320525	21.60712987	0.939891832	0.938936078	166.39657512909042	56.66813802	22.496292075794624	56.92304373	1.9478374753773728	82.96332359
1520.875	1.456261814	42.05395236	56.48978582	83.9698914	16.0301086	84.24235515	36.97452978	5.037368635	0.042053952	0.272463755	15.75764485	2.1690331761335027	162.42022497210513	21.39526446	0.942612945	0.941688909	166.93361242760147	56.71287705	22.4960902794465	55.94503284	1.7202732074290061	82.58911371
1521	1.41258114	42.81701764	55.77040122	84.44722521	15.55277479	84.72682134	37.64542937	5.128771247	0.042817018	0.279596125	15.27317866	2.167998330321651	160.15956718121416	21.16253686	0.944473086	0.943577973	167.25022615682676	56.43193178	22.495959546741755	56.22105002	1.5252123822237578	86.55267358
1521.125	1.384325171	41.77837869	56.83729614	85.5723684	14.4276316	85.84801109	36.73224085	5.004359462	0.041778379	0.27564269	14.15198891	2.165789458224066	158.30492150464872	20.92749819	0.943539886	0.942721609	167.4286852552932	56.73288553	22.495892261377655	56.17733598	1.4199541117440586	88.37401867
1521.25	1.421871418	42.99257257	55.58555601	86.22462487	13.77537513	86.496247	37.79978017	5.149799827	0.042992573	0.271622131	13.503753	2.1639926922967874	157.20914440972308	20.96045377	0.935558104	0.934723829	167.67472348784975	56.47403261	22.495877831235113	56.29140735	1.4361562790222269	89.23713565
1521.375	1.379883302	41.69920757	56.92090913	86.2110302	13.7889698	86.48402603	36.66263229	4.99487607	0.041699208	0.27299583	13.51597397	2.1639638336821903	156.91114388553532	20.91637366	0.935512231	0.934730104	168.0497994904315	57.70563073	22.495903727558357	56.11738563	1.574286171304223	89.45146799
1521.5	1.417980171	43.27328609	55.30873374	85.15013717	14.84986283	85.41654839	38.04658814	5.183424668	0.043273286	0.266411224	14.58345161	2.1658259237988884	157.2188897029402	20.70826028	0.940011754	0.939341319	168.3319024977422	56.59989526	22.49595671439694	55.42436242	1.8124035071324984	88.70955706
1521.625	1.453991456	43.93569282	54.61031572	87.29551171	12.70448829	87.55627241	38.62898708	5.26277005	0.043935693	0.260760703	12.44372759	2.1683193224215285	157.878270583539	20.48766619	0.955298816	0.954664501	168.1816245950859	57.18052219	22.496024139266062	55.0359726	2.112276674406389	88.01188469
1521.75	1.476029244	45.37585162	53.14811913	84.68624533	15.31375467	84.9463862	39.89519849	5.435277278	0.045375852	0.26014087	15.0536138	2.1695113083604185	158.57156036173382	20.24163018	0.963982903	0.963438783	167.40682783674595	56.72757392	22.496095031114592	52.86034346	2.413755373129947	86.90715432
1521.875	1.458728476	44.27951758	54.26175394	87.08684079	12.91315921	87.3492488	38.93128349	5.303954575	0.044279518	0.262408011	12.6507512	2.1673269475800634	158.86910345744735	20.1258771	0.956378998	0.955919279	166.01560737852463	53.78361527	22.496160912703502	53.54372263	2.6454880714672866	86.69679165
1522	1.42403025	44.41148352	54.16448623	89.69141615	10.30858385	89.95451312	39.04731012	5.319761914	0.044411484	0.263096967	10.04548688	2.1601984096747273	158.40729505032365	20.0766395	0.953075776	0.952635634	164.11878548075157	57.03975865	22.496216376418808	53.11357379	2.75483517319174	88.73355389
1522.125	1.455610036	44.41802922	54.12636074	89.27733655	10.72266345	89.5425393	39.05306521	5.320545981	0.044418029	0.265202746	10.4574607	2.147881364028352	157.21842880936455	20.16363862	0.939456668	0.939057655	161.9249407792769	54.71842475	22.49625934837499	52.69406438	2.731420983153229	85.14739275
1522.25	1.456408257	44.3729031	54.17068864	87.80113847	12.19886153	88.06183728	39.01338958	5.315140618	0.044372903	0.260698811	11.93816272	2.1320412889356843	155.6767462164313	20.06193332	0.940230957	0.9398459	159.80669913743594	55.54035135	22.496291022254873	52.00426579	2.5914162135351977	83.21275711
1522.375	1.441163551	45.3577758	53.20106065	88.51076593	11.48923407	88.77009697	39.87930593	5.433112093	0.045357776	0.259331038	11.22990303	2.1157379930534246	154.10974534696606	19.86985961	0.958504928	0.958117368	158.1797862139972	55.80362807	22.496315435185025	51.0606885	2.353805922008061	88.97035122
1522.5	1.472386139	46.52521839	52.00239547	86.64026972	13.35973028	86.8975523	40.90574075	5.572952426	0.046525218	0.257282583	13.1024477	2.1021219065524286	152.5760674162773	19.56093849	0.986499529	0.986082572	157.21492542325825	55.81916149	22.496338840290036	52.29898691	2.0437071667326125	89.66799974
1522.625	1.493354638	47.83059143	50.67605394	85.20275763	14.79724237	85.46065957	42.05344629	5.729314547	0.047830591	0.257901941	14.53934043	2.093579393388157	151.10223393648346	19.15897935	1.021495422	1.021057458	156.7780933072687	56.48700841	22.496368865354917	51.04843974	1.71499766339365	87.95291781
1522.75	1.506197265	48.79094811	49.70285463	83.44844645	16.55155355	83.69923882	42.89780775	5.844349409	0.048790948	0.250792372	16.30076118	2.091569492073806	149.95504432468104	18.8683706	1.051997385	1.051546551	156.75296072849181	54.84774024	22.496413651791435	51.29475594	1.4429234016666115	87.04622984
1522.875	1.516126535	48.56341198	49.92046148	83.73179811	16.26820189	83.98482573	42.69775423	5.817094341	0.048563412	0.253027619	16.01517427	2.0964872357387443	149.4554545426924	18.78152154	1.073308412	1.072842225	157.20212546709826	56.20777501	22.496481003861987	51.63433552	1.2807390285552505	84.80168581
1523	1.544866795	47.54073316	50.91440005	81.62410933	18.37589067	81.87460933	41.79859811	5.694594316	0.047540733	0.250500001	18.12539067	2.107430094933915	149.62945145021916	18.8908706	1.073453327	1.073012681	158.15326609270556	55.97558139	22.49657761922861	51.1703074	1.2305913130950883	86.46501899
1523.125	1.523429341	46.67490227	51.80166839	83.33552342	16.66447658	83.58328612	41.03734528	5.590882081	0.046674902	0.247762702	16.41671388	2.1223955227270017	150.19243640040128	19.20106711	1.050705292	1.050358621	159.32626942912827	55.75239012	22.496708407754483	52.32362747	1.2618837747636844	87.5541091
1523.25	1.559864629	45.35441443	53.08572094	85.20158988	14.79841012	85.45033743	39.87635056	5.432709457	0.045354414	0.248747555	14.54966257	2.139064282207177	150.97842164819335	19.34818745	1.036955197	1.036722013	160.31427610599093	56.10043378	22.496875844387066	52.2190094	1.34487408686002	86.72221899
1523.375	1.589360883	46.87754984	51.53308928	85.39619282	14.60380718	85.64491021	41.21551637	5.615155912	0.04687755	0.248717391	14.35508979	2.1551063223793254	152.01755482319217	19.42583714	1.016061219	1.01597983	160.8844835847822	56.72846538	22.497079216056232	52.76499987	1.4525533971711215	87.99372911
1523.5	1.602861889	46.52726697	51.86987114	86.65334353	13.34665647	86.90293454	40.90754189	5.573197812	0.046527267	0.249591008	13.09706546	2.1681450234929933	153.251801796562	19.38520615	1.014831842	1.014862616	161.08342858413712	56.95405872	22.49731423078742	51.65310502	1.5473746517309794	87.89301515
1523.625	1.632752982	47.01019739	51.35704963	84.37832631	15.62167369	84.62769124	41.33214229	5.631044897	0.047010197	0.249364932	15.37230876	2.1758070956223934	154.35249053555566	19.34799678	1.0148632	1.014996541	161.029898040597	54.84042114	22.497572958630396	51.69617534	1.595649522968173	87.91846037
1523.75	1.652522392	45.67347036	52.67400725	85.79667804	14.20332196	86.04200165	40.1568698	5.470927086	0.04567347	0.245323609	13.95799835	2.176645895651748	155.0879245002846	19.54428423	0.999151833	0.999340629	160.8142353488958	55.81307527	22.49784421726839	52.51973867	1.595602398182074	88.05134296
1523.875	1.616312526	44.68532674	53.69836073	87.25410244	12.74589756	87.50366756	39.28807761	5.352563807	0.044685327	0.249565124	12.49633244	2.1708798502630753	155.57487674218498	19.79931993	0.977811566	0.978045101	160.58943627114277	55.788456	22.498114542404696	53.45412493	1.569981003569775	89.78952169
1524	1.588786649	43.69804451	54.71316884	89.73259617	10.26740383	89.9799487	38.42004275	5.234303708	0.043698045	0.247352531	10.0200513	2.160337788547629	156.04426517129835	20.18055998	0.94336328	0.943676473	160.6130924486005	56.09087403	22.498369317205757	54.58087921	1.5297865815456384	91.5576458
1524.125	1.615566776	42.75631296	55.62812026	89.6772796	10.3227204	89.92515787	37.59205682	5.12149983	0.042756313	0.247878268	10.07484213	2.1476140190929156	156.48346916259027	20.42766112	0.918056842	0.918433774	161.04285902304827	56.85600436	22.49859387669014	54.55582142	1.4665291639632734	91.44989252
1524.25	1.630615235	42.88704386	55.4823409	90.55587327	9.444126731	90.79770205	37.70699759	5.137159231	0.042887044	0.241828785	9.202297946	2.1353412315013847	156.7464441523241	20.50845609	0.90661938	0.907093519	161.74049573308827	55.95431579	22.49877465239603	54.6731472	1.3792950360086733	91.01074934
1524.375	1.648387295	43.7126745	54.63893821	89.9542086	10.0457914	90.19347311	38.43290568	5.236056139	0.043712674	0.23926451	9.806526886	2.12586940226907	156.89760680348311	20.37006419	0.90615376	0.906739933	162.4428470949937	56.7192519	22.498900275299242	54.99968529	1.2927351872182862	93.72249842
1524.5	1.648972094	45.07618417	53.27484374	92.2470379	7.752962099	92.48492832	39.63172591	5.399382069	0.045076184	0.237890416	7.515071683	2.1209663175149265	157.24265772072474	20.26949184	0.900870045	0.901533427	163.07965234718114	57.8622292	22.498962487799744	54.73012924	1.2419857465956645	93.15074086
1524.625	1.601082582	43.75470117	54.64421624	93.39950426	6.600495743	93.63065243	38.46985623	5.241090241	0.043754701	0.231148174	6.369347569	2.1215235705550226	158.02595696593775	20.21282921	0.8912188	0.8919338	163.80225258231366	55.21451612	22.4989567965821	53.50676775	1.2455064775428846	92.69965887
1524.75	1.603664592	43.39129356	55.00504185	95.35455697	4.645443034	95.58997976	38.15034225	5.197560013	0.043391294	0.235422794	4.41002024	2.1275970573380807	159.22780860150138	20.33848537	0.877968644	0.878657345	164.71132039414033	55.74573054	22.498882853818376	55.57770729	1.2998002104805149	94.02872324
1524.875	1.555946305	42.34880978	56.09524391	92.98222312	7.017776881	93.21624548	37.23377329	5.072687682	0.04234881	0.234022364	6.783754517	2.1387493611174673	160.67513029355507	20.68711231	0.858406231	0.859069761	165.72296933841375	57.42336246	22.49874454185833	55.08327484	1.3907446921253621	93.60129237
1525	1.584638227	41.31169755	57.10366422	94.10177469	5.898225305	94.33615486	36.32192708	4.948458773	0.041311698	0.234380161	5.663845144	2.154084458952476	162.219981235147	20.85531277	0.844825353	0.845537121	166.7916010318448	58.4293774	22.49854970414387	56.79931641	1.4997530119211002	93.76010895
1525.125	1.619881887	41.8451522	56.53496591	96.12802019	3.871979808	96.35825871	36.79094923	5.012357826	0.041845152	0.230238522	3.641741286	2.1717137467688126	163.7573592601991	21.00114994	0.839245915	0.839959063	168.0882494669125	57.34398309	22.498309597234353	56.68878555	1.5851693268605092	92.91942716
1525.25	1.583129024	41.83758093	56.57929005	95.19580036	4.804199638	95.4220625	36.78429244	5.011450912	0.041837581	0.226262136	4.577937502	2.188862941890798	165.15541335545188	21.16132795	0.827886575	0.828649872	169.9014464783766	57.18424888	22.49803805223899	57.17446804	1.5898242158624152	92.24864244
1525.375	1.550950985	40.56680846	57.88224056	95.07389719	4.926102813	95.29514932	35.66700828	4.859233367	0.040566808	0.221252131	4.704850682	2.202884813419737	166.26588296945278	21.36580881	0.812059437	0.812890637	172.32292830670877	57.809671	22.49775042476038	57.63710141	1.4815245560320922	91.64774418
1525.5	1.588565271	38.99954573	59.41188899	97.7527693	2.247230696	97.97573345	34.289045	4.671501189	0.038999546	0.222964142	2.024266554	2.2126806272461295	166.99132394425024	21.72087296	0.795650116	0.796527138	175.11930597726632	57.10864818	22.49746236554774	58.24059248	1.2950772960589596	91.43257141
1525.625	1.625660232	37.95929426	60.41504551	97.66229449	2.337705505	97.88139459	33.37443872	4.54689625	0.037959294	0.2191001	2.118605405	2.219008426957219	167.29090049285517	22.06966034	0.776927852	0.777886075	177.74314051755277	56.89636527	22.49718855715377	58.8575542	1.1190373718893283	90.67180157
1525.75	1.635811349	37.94678357	60.41740508	97.82924727	2.17075273	98.05163244	33.36343911	4.545397676	0.037946784	0.222385166	1.948367564	2.2238450079440835	167.08348971685373	22.2702267	0.76877736	0.769812561	179.4253595307596	57.40930824	22.49694149647544	59.62314606	1.0549103183230153	90.43260813
1525.875	1.636742104	38.31346978	60.04978811	95.3851615	4.614838503	95.60608497	33.68583569	4.589320626	0.03831347	0.220923477	4.393915026	2.229190375135663	166.0958678035244	22.30806032	0.768618435	0.769676794	179.17692916895413	58.06761537	22.496730787525042	59.30753946	1.1893528613558018	90.48410654
1526	1.613641617	38.58260418	59.8037542	97.18828191	2.811718086	97.40759105	33.9224631	4.62155848	0.038582604	0.219309136	2.59240895	2.236161986577958	163.91950527561087	22.12333606	0.77619972	0.777232617	175.95535551520229	58.05199309	22.496562747355235	58.76616836	1.5945388228679098	90.38692713
1526.125	1.600424526	39.99298009	58.40659538	97.18324838	2.816751621	97.40143209	35.1624889	4.79049821	0.03999298	0.218183709	2.598567912	2.2446801610491693	160.29024392757515	22.01314998	0.785066658	0.786039391	169.049504004651	58.35007976	22.496440409296085	58.92127752	2.319110590756534	90.99977612
1526.25	1.581514725	39.25070639	59.16777889	95.53306023	4.46693977	95.75169129	34.5098696	4.701586085	0.039250706	0.218631055	4.248308715	2.253732051923671	155.33766766692324	21.79618782	0.793089039	0.794029412	158.47383936196982	56.95410258	22.49636383126313	58.04743171	3.3503759468161975	91.35677814
1526.375	1.588603593	40.70217856	57.70921785	95.38845001	4.611549985	95.60472585	35.78602791	4.875448469	0.040702179	0.216275833	4.395274152	2.262039608734187	149.44867535236278	21.589994	0.802069352	0.802995363	144.95033499890255	56.8930052	22.496330367298487	59.23764706	4.602000662052804	83.87854099
1526.5	1.601183579	40.84137561	57.55744081	96.52479333	3.47520667	96.74223489	35.90841226	4.892121976	0.040841376	0.217441559	3.257765111	2.2685041841153297	143.03834674827968	17.28891061	2.229384872	2.189555068	129.53575232388704	53.54159889	22.496335011169293	57.45894909	5.962206039434762	91.00940228
1526.625	10.57941424	81.85982391	7.560761852	65.49597317	34.50402683	79.50687549	78.50015695	3.277807138	0.081859824	14.01090232	20.49312451	2.27224142933043	136.53824286847512	12.87346132	3.614758823	3.549535653	113.36871162726797	48.97753178	22.496370951653873	6.832593679	7.345104140653461	62.50681877
1526.75	10.6323193	81.90672477	7.460955929	67.15200011	32.84799989	81.31441358	78.54513292	3.279685128	0.081906725	14.16241347	18.68558642	2.2721030297058564	130.4815469690232	8.621830859	4.997674981	4.912546815	97.67995512545701	46.52967437	22.49643020125205	5.033048987	8.672458708372435	60.29951572
1526.875	10.94855161	81.60439243	7.447055958	66.21923775	33.78076225	80.38280428	78.25520882	3.267579225	0.081604392	14.16356653	19.61719572	2.266497240189245	125.39956597653091	4.3544715	6.377910506	6.288704301	83.82500415606447	41.55973326	22.49650423262887	7.04536736	9.83214422107449	65.12653828
1527	11.0510558	81.70940752	7.239536681	67.08923204	32.91076796	81.30803778	78.3559139	3.271784208	0.081709408	14.21880574	18.69196222	2.2540779101645554	121.58585277059169	4.28274206	6.329079711	6.281476522	72.9626198880502	43.15266113	22.49658464494354	6.533753872	10.704495422709508	66.44572616
1527.125	10.83426487	81.96575333	7.199981796	68.13161198	31.86838802	82.15882946	78.60173885	3.282048733	0.081965753	14.02721748	17.84117054	2.235142185946229	119.09765313936421	4.252728159	6.293611387	6.274436193	65.68553121772563	40.48616401	22.496663773390686	6.198745966	11.233967418799047	64.14510012
1527.25	10.84119393	81.86662678	7.292179287	68.55898127	31.44101873	82.53401223	78.50668062	3.278079536	0.081866627	13.97503096	17.46598777	2.2125583612237323	117.85944107048113	4.239721167	6.267353936	6.277414473	61.910662555511344	41.48555856	22.496735148745866	6.259998679	11.456917102324198	64.21456337
1527.375	11.08675493	81.57793784	7.335307231	67.2112228	32.7887772	80.83144726	78.22983996	3.266519938	0.081577938	13.62022446	19.16855274	2.1910952364790974	117.73058246575033	4.281245338	6.280770559	6.312696215	61.04366226476057	42.8244961	22.496793786998317	5.30063808	11.45438142779621	62.07979321
1527.5	11.3645699	81.4548461	7.180584002	66.03845747	33.96154253	79.58478724	78.11180012	3.261591135	0.081454846	13.54632977	20.41521276	2.175489923983629	118.36720675929422	4.332886206	6.244760257	6.294029747	62.10907228163029	42.89243968	22.496836337778824	6.736263633	11.30642968839371	65.51789045
1527.625	11.33855541	81.35834593	7.303098667	67.29446373	32.70553627	81.03981603	78.01926048	3.257727103	0.081358346	13.7453523	18.96018397	2.168515494489072	119.2294961800687	4.39272438	6.263571404	6.307719879	63.87893212911585	43.37744522	22.496861049255767	6.462851167	11.094981685703727	64.66615796
1527.75	11.24937909	81.4000168	7.350604115	66.44672041	33.55327959	80.56488755	78.05922111	3.259395676	0.081400017	14.11816714	19.43511245	2.170040454268451	119.8268541502669	4.425015087	6.29031326	6.326716148	65.24231786628935	42.62356349	22.49686757703779	6.112712622	10.909836392160019	63.15444112
1527.875	11.48065598	81.25550322	7.263840798	65.56692864	34.43307136	79.71816603	77.92063861	3.253609105	0.081255503	14.15123738	20.28183397	2.1773225348120846	119.93641464593611	4.438981645	6.289867502	6.306374509	65.64340029435505	41.6471302	22.496856737282492	5.85000217	10.80797142301636	61.84481382
1528	11.45040192	81.27412398	7.275474108	65.35547712	34.64452288	79.51759976	77.93849514	3.254354712	0.081274124	14.16212264	20.48240024	2.1863482765622386	119.57914160587887	4.510855901	6.354691682	6.350707499	65.22331214107405	41.47129084	22.49683023298381	6.901007891	10.774360808043248	61.93862557
1528.125	11.516248	81.10224638	7.381505617	64.38021964	35.61978036	78.17693307	77.77367169	3.24747244	0.081102246	13.79671344	21.82306693	2.1938121479744463	118.85560753376924	4.564589742	6.347346861	6.336368921	64.49232451370044	42.89382547	22.496790391528787	7.785961032	10.763780443773925	64.32883739
1528.25	11.39363168	81.03407106	7.57229726	65.22800937	34.77199063	79.19562014	77.70829441	3.244742584	0.081034071	13.96761077	20.80437986	2.1982851219783823	118.03586655543828	4.615629623	6.342495759	6.312202864	63.916007756303316	43.33293667	22.496740072333715	7.658496499	10.764951919678047	63.29852939
1528.375	11.55202664	80.91545919	7.532514174	64.27518356	35.72481644	78.56799299	77.59455057	3.239993162	0.080915459	14.29280943	21.43200701	2.200027822540341	117.4860076026839	4.628556857	6.336464977	6.296630232	63.739943853504386	43.61778101	22.496682493993404	5.942985415	10.803305705093177	60.69210172
1528.5	11.55071979	81.1033733	7.34590691	64.92990356	35.07009644	79.42357838	77.77475237	3.247517564	0.081103373	14.49367481	20.57642162	2.199826503488513	117.51244763757043	4.649973932	6.294166153	6.246396554	64.04207675845454	42.05272615	22.496621136042773	6.217160821	10.892798220986112	60.60043573
1528.625	11.81586776	80.64919972	7.534932521	64.15715158	35.84284842	78.52601207	77.33921884	3.229331678	0.0806492	14.36886049	21.47398793	2.198272760323214	118.12736871269225	4.656602117	6.22653357	6.196983928	64.82442442035732	41.16974643	22.49655954404895	5.842712522	11.019116577166802	60.64553261
1528.75	12.1194452	80.36296903	7.51758577	65.62072234	34.37927766	80.22329953	77.06473555	3.217870512	0.080362969	14.60257719	19.77670047	2.1957411826211097	119.1627661804994	4.702736327	6.162270325	6.148124709	65.99307318095201	41.84373964	22.496501056725386	6.423932314	11.154931290737597	61.25075817
1528.875	12.15917717	80.16510226	7.675720573	63.99914216	36.00085784	78.37225447	76.87498957	3.209947589	0.080165102	14.37311231	21.62774553	2.1927921209183294	120.3687745214078	4.838961517	6.100774455	6.087625308	67.38419356641663	43.10705753	22.496448592275932	7.209381461	11.27356673091282	60.20761728
1529	12.51671304	79.71912985	7.764157114	62.40172432	37.59827568	76.98032929	76.44732062	3.192090092	0.07971913	14.57860497	23.01967071	2.1903072759870783	121.48214361855776	4.9547191	6.140787885	6.127723579	68.81991934548702	42.22552734	22.496404601049548	7.31446743	11.35301467992279	59.25284624
1529.125	12.57494759	79.84770609	7.577346321	60.82705118	39.17294882	75.05391089	76.57061988	3.197238504	0.079847706	14.22685971	24.94608911	2.1891851153031014	122.28719855631488	5.06660785	6.274640917	6.242845839	70.1321475719946	41.88857037	22.496370997913946	8.277189732	11.386323210743626	59.18934941
1529.25	12.26637702	80.22810446	7.505518524	61.23873514	38.76126486	75.21289781	76.93540605	3.212470304	0.080228104	13.97416267	24.78710219	2.189762780446914	122.73045595853297	5.109580594	6.3442526	6.315843739	71.0784438519714	42.59125563	22.49634914487938	8.159720898	11.397130099314467	59.06937718
1529.375	12.47353305	80.06255606	7.463910893	61.97381527	38.02618473	76.17854543	76.77665204	3.205841464	0.080062556	14.20473016	23.82145457	2.1914801171941494	123.0054558040772	5.091898048	6.49748723	6.464369014	71.35474615557519	43.9410244	22.496339907106467	6.752860546	11.4317224000405	58.33993554
1529.5	12.12853366	80.55138993	7.320076411	60.86824389	39.13175611	74.90757572	77.24542333	3.225415207	0.08055139	14.03933183	25.09242428	2.193089050648335	123.30162650819749	5.060486591	6.581453621	6.556689556	70.76441180056464	42.68469179	22.496343653954902	6.27630651	11.520426684052131	58.02297592
1529.625	12.33578533	80.43296017	7.231254498	60.56717305	39.43282695	74.4048309	77.13185413	3.220673077	0.08043296	13.83765784	25.5951691	2.1934315119071526	123.61839971660982	5.036803025	6.625612635	6.617417789	69.40928762280001	42.95804568	22.49636024314136	7.188290358	11.64732627004705	58.62794518
1529.75	12.19590037	80.57163355	7.232466074	61.3583594	38.6416406	74.95448261	77.26483612	3.226225796	0.080571634	13.59612321	25.04551739	2.1922223137661074	123.71463206753123	5.043590776	6.717217625	6.708685033	67.68483390302288	43.86475599	22.49638899968439	6.838136911	11.758915886610513	57.36484528
1529.875	12.20955906	80.50114288	7.289298067	60.83364534	39.16635466	74.41970296	77.19723851	3.223403229	0.080501143	13.58605762	25.58029704	2.190632082346714	123.3952514123724	5.067106078	6.752661744	6.762381809	66.07429313568605	41.32134879	22.49642874659963	4.642817378	11.793756857829166	51.2337029
1530	12.50078419	80.40414696	7.095068847	59.94776207	40.05223793	73.79008003	77.10422347	3.219519347	0.080404147	13.84231796	26.20991997	2.1908654512066668	122.59466243514203	5.071626206	6.727178544	6.735185575	64.89772873437275	43.91724547	22.49647776921922	7.381290197	11.70695947870959	58.5357368
1530.125	12.47718017	80.24126921	7.28155062	60.68043142	39.31956858	74.78130153	76.94803049	3.212997443	0.080241269	14.10087012	25.21869847	2.1949671300351254	121.43319744969392	5.09301438	6.629862405	6.643068059	64.26625452184818	43.04264702	22.49653379928785	7.192277908	11.492971160928944	59.04864669
1530.25	12.56212996	79.95066698	7.487203063	62.07674352	37.92325648	75.98507245	76.66935508	3.201361234	0.079950667	13.90832893	24.01492755	2.2035357126136508	120.16418110315658	5.103427784	6.489817361	6.513723771	64.14710634682255	43.44488665	22.496594089539403	5.94625771	11.194187746244758	56.96009398
1530.375	12.57558425	79.79201334	7.632402408	62.43650075	37.56349925	76.35179797	76.51721286	3.195008471	0.079792013	13.91529722	23.64820203	2.215631114027268	119.09202241655854	5.076886834	6.304256016	6.346177371	64.45447891964668	41.21758959	22.49665548296593	5.494311452	10.877621674041887	57.30791092
1530.5	12.82571299	79.7484303	7.425856711	62.88741742	37.11258258	77.21677969	76.47541854	3.193263332	0.07974843	14.32936227	22.78322031	2.229258684576102	118.37370295053478	5.085698964	6.210161216	6.25992093	65.05021572826506	41.90115834	22.496714594730836	7.128971815	10.59622353235771	59.30488706
1530.625	12.5954829	79.83515313	7.569363979	61.82656343	38.17343657	75.90602086	76.55858211	3.196735862	0.079835153	14.07945744	24.09397914	2.241829425318145	117.93813607923991	5.075639068	6.148041172	6.205007968	65.81126702395609	43.08828965	22.49676808569796	7.679986954	10.371242546213633	60.12016535
1530.75	12.51745352	79.81789456	7.664651915	63.32192273	36.67807727	77.0995848	76.54203187	3.1960448	0.079817895	13.77766208	22.9004152	2.250626207015973	117.61912070255269	5.041740994	6.13086209	6.192545894	66.69276228689566	42.30191688	22.496812936844044	8.908995986	10.205072354692813	62.21178174
1530.875	12.33490963	80.03227877	7.632811598	63.58844645	36.41155355	77.35414616	76.74761738	3.204629109	0.080032279	13.76569971	22.64585384	2.2535585148303454	117.32424884323675	5.032669742	6.094557896	6.166166795	67.67581051236724	45.42618547	22.4968467793881	8.923599124	10.101999759952058	63.73775601
1531	12.48126591	79.89571489	7.623019198	64.10544362	35.89455638	77.66973758	76.61665832	3.199160858	0.079895715	13.56429396	22.33026242	2.2497836539485907	117.13695163690372	4.988230912	6.00484774	6.097182008	68.60186966736322	43.8285011	22.4968681034428	8.055144548	10.07531441537479	63.72765303
1531.125	12.113574	80.05591232	7.830513682	64.76837509	35.23162491	77.96696448	76.77028097	3.205575437	0.080055912	13.19858939	22.03303552	2.239633409801642	117.25632829652834	4.945300482	5.898021954	6.002669567	69.1306182738055	42.4377185	22.49687644874028	7.801130414	10.138685693517736	63.83615732
1531.25	11.99045276	79.95036958	8.059177662	66.61966814	33.38033186	79.63873259	76.66906988	3.201349325	0.07995037	13.01906444	20.36126741	2.224450982289845	117.88997227479733	4.883968698	5.742343155	5.881353969	68.9829275655393	43.72863496	22.496872533274058	7.23977983	10.295508916187401	65.74563384
1531.375	12.16960867	79.90921067	7.921180663	68.06749322	31.93250678	81.11456826	76.6296002	3.199701252	0.079909211	13.04707504	18.88543174	2.2065403849242684	119.12932520277988	4.818468085	5.57543008	5.75223227	68.20060937746774	41.96234446	22.49685832881336	7.309666276	10.534483932561495	65.56429863
1531.5	12.35888153	79.71876785	7.922350619	68.97063694	31.02936306	81.70002384	76.44697348	3.192075597	0.079718768	12.7293869	18.29997616	2.188920055447893	120.85455577602994	4.735514725	5.401760077	5.632211433	67.13188606192946	41.56229046	22.496836902293385	7.459184527	10.821176125417281	68.30591559
1531.625	12.57041581	79.61542245	7.814161743	69.72571103	30.27428897	82.66733928	76.34786956	3.187937471	0.079615422	12.94162824	17.33266072	2.174381114187942	122.73582761235095	4.629398096	5.282077726	5.566764171	66.1509980778528	42.48905137	22.496812219953235	7.60679245	11.102273105749742	69.89307404
1531.75	12.66669404	79.669158	7.664147963	70.83691515	29.16308485	84.11850901	76.39939971	3.190089134	0.079669158	13.28159386	15.88149099	2.16454156087083	124.41038905675964	4.554959724	5.143761513	5.469146007	65.43947882890774	41.24618979	22.496788860644436	7.414540648	11.331752435338318	70.67208886
1531.875	12.76064162	79.39160299	7.847755384	72.05406624	27.94593376	85.20316839	76.13323603	3.178975357	0.079391603	13.14910214	14.79683161	2.1595901481109774	125.73813542783647	4.476272502	5.046494781	5.399705092	65.08862832685955	43.36275044	22.496771610456783	6.981027126	11.495601796479978	72.22138643
1532	12.99858274	79.30619472	7.695222541	71.86741245	28.13258755	85.33132426	76.05133306	3.175555464	0.079306195	13.46391181	14.66867574	2.158733162718003	126.78601297581419	4.36188786	4.920957731	5.318604192	65.18949917843754	41.8212776	22.496765058155297	7.558333874	11.60094431256308	74.14201498
1532.125	13.37191082	79.16254176	7.465547422	73.86457239	26.13542761	87.39264132	75.91357586	3.169803354	0.079162542	13.52806893	12.60735868	2.1608057373336993	127.59646971489347	4.302149104	4.865488374	5.289011672	65.75674814985484	43.73479419	22.496773172117734	6.782415509	11.651825407470604	74.80956316
1532.25	13.03635742	79.52388571	7.439756866	72.89789966	27.10210034	86.35918804	76.26008964	3.184272183	0.079523886	13.46128838	13.64081196	2.164667364901267	128.03830530681873	4.208131508	4.879960058	5.325949912	66.56178768327614	42.27021692	22.496798909446795	6.373500824	11.64337095088356	73.57375026
1532.375	12.66681269	79.98310818	7.35007913	73.93752564	26.06247436	87.15929575	76.70046483	3.202660235	0.079983108	13.22177011	12.84070425	2.1694433673327076	127.94241645661583	4.113781643	4.943006355	5.398171504	67.35749116895721	41.93745172	22.496843747725364	5.941590667	11.570915383616553	74.08698797
1532.5	12.52958491	80.29436012	7.176054975	73.09841696	26.90158304	86.66549735	76.99894246	3.215123294	0.08029436	13.56708039	13.33450265	2.17467094836009	127.28796151995351	4.079349694	5.034527016	5.471127554	68.13116555061809	41.01342115	22.49690741601538	6.740489602	11.441049054335826	74.7119844
1532.625	12.52279272	80.18672155	7.290485724	73.56276608	26.43723392	87.05729919	76.89572157	3.210813262	0.080186722	13.4945331	12.94270081	2.180149588038534	126.24459186123711	4.048644075	5.076602289	5.495848977	69.00487743133769	41.3469042	22.496987821820028	7.27648139	11.281892254139933	74.57519174
1532.75	12.48989871	80.11121763	7.398883658	73.1225659	26.8774341	86.76668129	76.82331646	3.207789956	0.080111218	13.64411539	13.23331871	2.185520482836992	125.13761265784069	4.060046075	5.180877868	5.570348495	69.8311822561119	43.05284408	22.497081127141815	6.735295057	11.143197662086603	73.86904359
1532.875	12.13654163	80.61056011	7.252898254	71.92386408	28.07613592	85.47864209	77.30216507	3.227784482	0.08061056	13.55477801	14.52135791	2.1899475983614054	124.34459503990723	4.124536473	5.256799813	5.617132889	70.18220768180515	41.27115555	22.497182111081838	7.375225425	11.075670470439896	73.68801236
1533	12.41167672	80.32144834	7.266874942	70.1374467	29.8625533	83.97665402	77.02491893	3.216207953	0.080321448	13.83920732	16.02334598	2.192355262894935	124.17401983079742	4.199293267	5.276682367	5.625297353	69.82933849204936	44.42029115	22.497284646551623	6.716123223	11.099792413707384	72.58529663
1533.125	12.68934032	79.82902175	7.481637927	71.3578709	28.6421291	84.78765632	76.55270238	3.196490351	0.079829022	13.42978542	15.21234368	2.1919012537546774	124.66415637802233	4.22275212	5.338913651	5.680916362	69.01757435776575	42.2792091	22.497382276905334	6.932780147	11.195432085626726	71.78496122
1533.25	12.31621829	80.37487079	7.308910922	71.61272531	28.38727469	85.08257986	77.07614884	3.218347079	0.080374871	13.46985455	14.91742014	2.188068089823429	125.55238830726432	4.259085464	5.279906744	5.628369601	68.16254783078159	42.70702747	22.497468766863214	7.328078151	11.312826738708308	73.57566953
1533.375	12.48676759	80.01796714	7.49526527	72.00724958	27.99275042	85.38859257	76.73389313	3.204056047	0.080017967	13.38134299	14.61140743	2.180337400269893	126.38199735634498	4.252427039	5.212055389	5.585291898	67.41201128631751	41.96653248	22.497538585066483	6.483051181	11.398707657634063	72.3766923
1533.5	12.65798711	80.00750015	7.334512736	71.63980705	28.36019295	84.95071178	76.72385572	3.203636931	0.0800075	13.31090473	15.04928822	2.168351104070316	126.82549623880087	4.266211581	5.229131184	5.617194767	66.72491044477887	42.10287309	22.497587353938478	6.651237607	11.422243998084468	71.87334299
1533.625	12.995451	79.71652044	7.288028557	70.56952895	29.43047105	83.89993481	76.44481831	3.191985607	0.07971652	13.33040587	16.10006519	2.152556345656384	126.90177119648857	4.281034577	5.138977658	5.545384997	66.1704851661612	41.54448077	22.49761212732369	6.960442662	11.394794544012964	72.82348275
1533.75	12.88889537	79.63064166	7.48046297	72.6098023	27.3901977	85.98953958	76.36246415	3.188546874	0.079630642	13.37973729	14.01046042	2.1344693527366547	126.939168632275	4.220006916	5.068131282	5.508257928	65.88144506742898	42.18973556	22.49761150505935	6.377747655	11.356579021951124	72.77282476
1533.875	12.83120679	79.85481901	7.313974204	74.63925848	25.36074152	87.80277863	76.57744087	3.197523317	0.079854819	13.16352015	12.19722137	2.1161725012619246	127.18186736113188	4.153234384	5.040075676	5.50616788	65.7528490746231	41.98851565	22.49758557223008	5.991479754	11.335771431943837	72.51726389
1534	12.56506019	80.31094464	7.12399517	74.03315888	25.96684112	86.8966853	77.01484633	3.215787367	0.080310945	12.86352642	13.1033147	2.0997847426374956	127.53809205522495	4.079902778	5.090042826	5.565496294	65.50177984919465	41.97875036	22.497535831797222	6.495964527	11.324085740136729	74.56653118
1534.125	12.22873216	80.73429023	7.036977613	72.26680846	27.73319154	84.88220759	77.42081709	3.232738847	0.08073429	12.61539913	15.11779241	2.0870993193642984	127.72341617663182	4.024085566	5.152068617	5.638805144	65.06020732734518	43.30830467	22.497465005805534	7.162231207	11.299486740818912	76.52398348
1534.25	12.37854394	80.49515078	7.126305285	73.36260904	26.63739096	86.26540973	77.19149233	3.223163295	0.080495151	12.90280069	13.73459027	2.0792697791274097	127.6116025637159	4.004890066	5.229955698	5.716045882	64.66279392812777	43.45708182	22.497376761990157	7.684546709	11.262475466555737	77.68354416
1534.375	12.1854391	80.6930291	7.121531806	74.45514713	25.54485287	87.00587908	77.38124939	3.231086681	0.080693029	12.55073195	12.99412092	2.0764200261859855	127.30424621432367	3.962715142	5.293446357	5.772435268	64.47677615847877	43.98584487	22.497275422026824	6.136924028	11.229818209222744	74.18347597
1534.5	11.93638065	81.11966078	6.943958577	74.48548072	25.51451928	87.178537	77.79037138	3.248169742	0.081119661	12.69305628	12.821463	2.0777167168965724	126.93289898418438	3.907889126	5.288410963	5.779964366	64.3394311148602	41.85677814	22.497165556718315	5.278503895	11.202345303188718	71.65827155
1534.625	12.15378767	81.01826636	6.827945977	73.71864727	26.28135273	86.39332106	77.69313835	3.244109736	0.081018266	12.67467379	13.60667894	2.0820342356684622	126.51701293230016	3.852661179	5.307348435	5.809440279	64.01775874509227	42.01101454	22.49705156472215	5.603799224	11.157384041123919	73.83066416
1534.75	12.08387476	81.01717973	6.898945506	74.70458027	25.29541973	87.40244706	77.69209633	3.244066226	0.08101718	12.69786679	12.59755294	2.088753390487671	126.02240426319992	3.7767474	5.32536967	5.835249522	63.588968642728965	43.02572322	22.496937278136578	5.532336235	11.073595954415772	74.49626923
1534.875	11.77944679	81.355204	6.86534921	76.41598909	23.58401091	88.8855019	78.0162475	3.257601295	0.081355204	12.46951281	11.1144981	2.097720803949203	125.40598494758538	3.718134056	5.301932027	5.837129505	63.36716954244441	41.3576785	22.496825800408374	4.907533526	10.942473379384905	75.27937889
1535	11.95451695	81.32966693	6.715816127	76.52000377	23.47999623	88.94467072	77.99175851	3.256578747	0.081329667	12.42466696	11.05532928	2.108502506550332	124.55118056041036	3.626826001	5.199728737	5.755507859	63.48522268054388	42.46013943	22.496719449715037	6.082779169	10.761492386812371	78.52057219
1535.125	12.10601316	81.05819764	6.835789202	78.09109784	21.90890216	90.52608611	77.73143079	3.245708653	0.081058198	12.43498827	9.473913888	2.1199840338079645	123.34312808652118	3.582926395	5.173873185	5.734323757	63.80090803295888	41.70726566	22.4966197800953	6.395876408	10.542376142967566	80.2111268
1535.25	11.83655073	81.26392802	6.899521254	76.65616567	23.34383433	89.11892499	77.92871764	3.253946449	0.081263928	12.46275932	10.88107501	2.1308471818809513	121.93749918364819	3.592893872	5.199203353	5.75253812	64.18951903525054	43.48840541	22.496527749316574	6.379431486	10.333237045891465	78.31633091
1535.375	11.69911552	81.44479775	6.85608673	75.7103442	24.2896558	88.2704157	78.10216417	3.261188782	0.081444798	12.5600715	11.7295843	2.1400248520486187	120.8200913746698	3.565258279	5.189432595	5.71744687	64.69821713197209	43.13364756	22.496443866576577	5.69935143	10.20918139337595	76.50600672
1535.5	11.55729469	81.56873778	6.873967537	77.5884701	22.4115299	90.46785011	78.22101749	3.266151552	0.081568738	12.87938001	9.532149894	2.1465827189571565	120.4713470466952	3.581727966	5.244088475	5.74054766	65.37303378804793	42.5133309	22.49636837452575	5.859026313	10.226492486528608	77.27957964
1535.625	11.8277958	81.28601776	6.886186446	76.51063037	23.48936963	89.67495073	77.94990078	3.25483096	0.081286018	13.16432036	10.32504927	2.149592741617966	121.00229528432757	3.587878163	5.22789567	5.716095639	66.12738106809678	42.4269211	22.496301330183094	6.542775035	10.38350184124766	79.15834785
1535.75	11.94126721	81.06984649	6.988886305	76.51285974	23.48714026	89.34331333	77.74260155	3.246175093	0.081069846	12.83045359	10.65668667	2.1485033820465658	122.14676417402558	3.558440838	5.152367235	5.650080326	66.87607225802921	42.72257855	22.496242732169293	6.613713503	10.628343377393394	79.85522747
1535.875	12.11941787	80.99746013	6.883122	77.21473734	22.78526266	90.25534835	77.67318605	3.243276619	0.08099746	13.04061101	9.744651651	2.14331894590399	123.49559622900048	3.653095133	5.114990169	5.621761374	67.60366213581341	42.48545305	22.49619259042816	6.34354949	10.898525737536154	78.40452194
1536	12.39962954	80.52485496	7.075515498	75.12693955	24.87306045	87.97301155	77.2199774	3.224352701	0.080524855	12.846072	12.02698845	2.134306288024837	124.76040180201166	3.770056889	5.080530035	5.592750122	68.27683439239021	41.58281873	22.496150870747055	6.070140004	11.161857410412226	75.09557605
1536.125	12.7182154	80.13174065	7.150043947	73.55167692	26.44832308	86.64668363	76.84299717	3.208611733	0.080131741	13.09500672	13.35331637	2.1218812693070697	125.88037855052846	3.86650941	5.0835789	5.588099521	68.70599726329394	41.58225173	22.49611747415996	6.338244677	11.417443251930386	74.54952598
1536.25	12.72542142	80.16529609	7.109282489	73.08293069	26.91706931	86.53624146	76.87517545	3.20995535	0.080165296	13.45331077	13.46375854	2.107269951880647	126.93332209416278	3.947225869	5.032302533	5.527492613	68.6849215909537	43.18789813	22.496092254346806	6.452730298	11.670472243448536	75.39397478
1536.375	12.87050966	79.92864639	7.20084395	75.25557702	24.74442298	88.847767	76.64823825	3.200479492	0.079928646	13.59218998	11.152233	2.093053987093714	128.0095870791327	3.914641263	4.939976045	5.44068512	68.19341843596416	42.47477294	22.496075056535712	6.768980622	11.913937503422483	76.61004663
1536.5	12.82087893	79.97091712	7.208203948	77.08238678	22.91761322	90.4033008	76.68877412	3.202172084	0.079970917	13.32091401	9.596699204	2.0825126179319753	129.14051618686403	3.872595005	4.830496783	5.347960161	67.43130886708157	42.06836275	22.496065726237696	6.84247911	12.134713153701322	78.17559242
1536.625	13.04496938	79.64816397	7.306866649	76.48028882	23.51971118	89.45641874	76.37926731	3.189248497	0.079648164	12.97612992	10.54358126	2.078096470374553	130.31793415971447	3.856342556	4.673665161	5.222508394	66.64536798628816	42.09536513	22.49606409272103	6.363365054	12.322359208526946	78.26266289
1536.75	13.30003269	79.26743746	7.43252985	76.52243378	23.47756622	89.19140805	76.01416647	3.174003557	0.079267437	12.66897427	10.80859195	2.0805887669783214	131.47465858797645	3.866925417	4.582119005	5.147118551	65.99394418388974	40.47325356	22.496069924863246	6.576472521	12.471708081656505	77.52832174
1536.875	12.97597472	79.45584313	7.568182154	77.45820574	22.54179426	89.95022278	76.19483964	3.181547642	0.079455843	12.49201704	10.04977722	2.089256010831707	132.61541647528512	3.912859797	4.504998891	5.064093189	65.59684251060634	41.52279103	22.49608280858601	5.921432376	12.58501365311944	76.77407265
1537	12.84517803	79.37135577	7.783466191	78.11160555	21.88839445	90.73528442	76.1138198	3.178164624	0.079371356	12.62367887	9.264715582	2.1019606988621575	133.80407829012773	3.92882468	4.433279028	4.975099771	65.5565242055203	41.40461542	22.496102099948644	6.551146507	12.666378589844971	77.20361352
1537.125	12.83643166	79.27711731	7.886451035	78.11458232	21.88541768	90.82107899	76.02344904	3.174391155	0.079277117	12.70649667	9.178921013	2.1151284033869038	135.08868902286838	3.878798081	4.38750356	4.916933927	65.95075705983275	42.35181922	22.496126914288205	6.934216619	12.720348717748923	80.41034937
1537.25	12.85609055	79.44961652	7.694292926	79.20373419	20.79626581	91.82539305	76.18886859	3.181298318	0.079449617	12.62165885	8.174606954	2.124541253961519	136.38929604362946	3.89010764	4.348038196	4.872467137	66.77175690694332	41.50256448	22.496156150724595	7.42982626	12.753174449737783	79.90190387
1537.375	13.23484642	79.00816981	7.756983767	77.67487482	22.32512518	90.46657652	75.7655396	3.163622038	0.07900817	12.7917017	9.533423481	2.126873281753778	137.57005082793196	3.871700017	4.326422219	4.868528048	67.92458203023625	41.81817144	22.49618853024306	7.299110293	12.76798911557536	81.13859892
1537.5	13.39238936	79.04911709	7.558493554	78.24157089	21.75842911	91.15203224	75.80480633	3.165261637	0.079049117	12.91046136	8.847967755	2.1205974804845726	138.42260447461393	3.841395807	4.259748191	4.824432205	69.22486361664686	44.17026271	22.496222624685565	7.355594635	12.753716875554618	82.40767717
1537.625	13.56584746	78.64995818	7.784194359	79.44798445	20.55201555	92.31100975	75.42202959	3.149278633	0.078649958	12.86302529	7.688990253	2.1060379921816956	138.6992261349608	3.875949834	4.174070665	4.748946303	70.42133172833643	43.23777933	22.496256952152148	7.884573936	12.69711333508081	83.85314941
1537.75	13.8731188	78.21021109	7.916670114	79.15450742	20.84549258	92.11142168	75.00033047	3.131670408	0.078210211	12.95691426	7.888578316	2.085293179744287	138.2985135723144	3.85729925	4.108223693	4.69473526	71.31068458450382	43.35568986	22.496290038025286	7.384011149	12.613062759876545	82.43561983
1537.875	13.94199366	78.300247	7.757759339	78.59373155	21.40626845	91.8370812	75.08667115	3.1352756	0.078300247	13.24334965	8.1629188	2.062367349486433	137.4339445752953	3.891114797	4.057515331	4.660105713	71.82553097706474	40.92461268	22.496320489460384	7.64259696	12.542344305991485	82.27576017
1538	14.27643963	78.15305792	7.570502448	77.66659761	22.33340239	90.68481218	74.94552296	3.129381897	0.078153058	13.01821457	9.315187821	2.0424968061611626	136.50244527598795	3.847903279	4.05167633	4.671909644	72.06316065380591	42.48524196	22.49634701742225	7.315215468	12.513558771856388	82.71900415
1538.125	14.01011959	78.5745247	7.415355708	79.700036	20.299964	92.99346649	75.34969203	3.146258147	0.078574525	13.29343049	7.006533509	2.030458961664488	135.82790941274146	3.770367187	4.048285515	4.696668946	72.1286346378739	39.61198036	22.496368556278767	7.490247488	12.517961246194911	82.32657909
1538.25	14.19800386	78.41641422	7.385581922	80.34720615	19.65279385	93.41768357	75.19807067	3.139927133	0.078416414	13.07047742	6.582316433	2.0287760456649995	135.57552009089557	3.694004721	4.036699273	4.696847856	72.05319411570997	42.00927742	22.496384296849264	6.669297814	12.531774647544395	83.25867057
1538.375	13.77728406	78.68309047	7.539625474	80.72233583	19.27766417	93.86538608	75.45380207	3.150605306	0.07868309	13.14305025	6.134613924	2.037396683076901	135.86639255126147	3.589251333	4.008675789	4.670013572	71.82921241996917	41.2882002	22.496393756925386	7.424357533	12.548432934954766	86.1061275
1538.5	13.93672766	78.59228752	7.470984821	80.78611059	19.21388941	94.01180663	75.36672583	3.146969401	0.078592288	13.22569605	5.988193366	2.0543109531482653	136.7553793039787	3.575299536	4.02717687	4.689207707	71.50149387172843	43.4619948	22.49639697992446	6.947097182	12.57379076726267	84.35646892
1538.625	13.7804528	78.88454109	7.33500611	79.90005459	20.09994541	93.07896203	75.64698482	3.158671733	0.078884541	13.17890744	6.921037974	2.0758886373502605	138.14361226237327	3.580956221	4.072830653	4.708153215	71.12146090422316	40.96191277	22.496394666406726	7.065629959	12.603370831251024	82.2111249
1538.75	13.49468269	78.97620808	7.529109234	79.86949143	20.13050857	93.22661908	75.73488963	3.162342236	0.078976208	13.35712765	6.773380922	2.0968823168651785	139.72595470208864	3.630160869	4.121442197	4.736262565	70.69686737633117	40.98610216	22.496388226561525	7.297971845	12.618125565866869	84.25273299
1538.875	13.33783674	78.96424947	7.697913798	79.04265954	20.95734046	92.19140632	75.72342182	3.161863392	0.078964249	13.14874678	7.808593685	2.1116811459745044	141.2084479121856	3.615187289	4.136465652	4.740549548	70.25657935819332	40.71909914	22.496379785935748	7.668486238	12.612492581203936	84.02909636
1539	13.59276847	78.9022426	7.504988928	81.09572688	18.90427312	94.49756709	75.66395983	3.159380532	0.078902243	13.40184021	5.50243291	2.1161851626636685	142.41500449707837	3.591448918	4.115395964	4.721139753	69.89809591120448	43.14789007	22.496372036413224	7.316109538	12.597884185799607	83.5948348
1539.125	13.89980118	78.77833659	7.321862238	80.63689361	19.36310639	94.01819772	75.54513913	3.154419123	0.078778337	13.3813041	5.981802284	2.108893182059815	143.24182999505652	3.55329356	4.076640186	4.706336877	69.69488162358803	42.3928869	22.49636805211671	7.386061549	12.58304384506113	83.45067501
1539.25	13.99004595	78.69167047	7.318283576	81.02173464	18.97826536	94.26704464	75.46202994	3.150948864	0.07869167	13.24531	5.732955358	2.090841358245875	143.5431956567964	3.485264284	4.066442444	4.728402554	69.56053350832246	43.19141053	22.496371044932047	6.780093908	12.562641494498584	84.77961421
1539.375	13.68821214	79.09031329	7.221474568	80.35349756	19.64650244	93.39789477	75.84431177	3.166911203	0.079090313	13.04439721	6.602105229	2.065707779799693	143.24010969889176	3.480070339	4.12177149	4.799578074	69.24738757274685	43.08726963	22.496384101821825	6.87623322	12.540502318108382	83.21341276
1539.5	13.65900174	79.26621842	7.074779839	79.79334143	20.20665857	93.196533	76.01299746	3.173954745	0.079266218	13.40319157	6.803467003	2.039327181903382	142.4531127858441	3.47780799	4.167259495	4.85751837	68.52836597793646	42.96936808	22.496409841348353	6.600391865	12.539266962964007	82.30237961
1539.625	13.73813097	79.21032076	7.051548269	80.01064283	19.98935717	93.04034646	75.95939393	3.171716507	0.079210321	13.02970364	6.959653535	2.0180353877219908	141.4171859593736	3.47011019	4.231615455	4.927485482	67.34748773823131	42.37034785	22.496450107541826	6.684565544	12.577690877970689	83.31196308
1539.75	13.7238201	79.27908245	6.997097449	80.00205657	19.99794343	93.25685199	76.02533353	3.174469843	0.079279082	13.25479542	6.743148015	2.0062216253952627	140.30334231343883	3.440838927	4.244097517	4.95715121	65.81821713240058	41.86796905	22.49650575338611	6.55362308	12.648041090861735	83.3891511
1539.875	13.788456	79.28067526	6.930868748	80.5923656	19.4076344	93.55777863	76.02686096	3.174533621	0.079280675	12.96541303	6.442221369	2.0052042309016542	139.17949904700782	3.500562823	4.231484864	4.9611127	64.09237321647637	42.64318501	22.49657646202389	6.177639961	12.726223317861955	86.47903204
1540	14.02711624	78.83479747	7.138086285	78.80669626	21.19330374	91.41492221	75.59928276	3.156679913	0.078834797	12.60822595	8.585077788	2.0135763695121334	138.15467153769876	3.605884696	4.263978748	5.003476357	62.34605934368628	41.56518603	22.4966607134575	6.232485175	12.797072509614184	79.8037827
1540.125	14.0931631	78.82654785	7.080289045	76.99255415	23.00744585	89.41380603	75.59137172	3.156349584	0.078826548	12.42125188	10.58619397	2.028366992740569	137.37220615428802	3.721572187	4.317238646	5.071230291	60.80378798813706	42.57668594	22.49675582153005	6.207388639	12.857737432425044	78.7742734
1540.25	14.18175766	78.91728337	6.900958972	76.17823325	23.82176675	88.89652424	75.67838329	3.159982789	0.078917283	12.71829099	11.10347576	2.045827404349471	136.8714804948221	3.814370337	4.341016245	5.100016438	59.72882824227503	42.88163411	22.49685806330138	5.602696538	12.898815364858228	77.72775888
1540.375	14.05605284	78.93129332	7.012653834	78.05831502	21.94168498	90.51778918	75.69181826	3.160543772	0.078931293	12.45947415	9.482210822	2.062149612448447	136.48495320178108	3.85927415	4.407209089	5.157916833	59.286846471946134	40.01447841	22.496962908749072	6.117019057	12.897147186457088	78.57673168
1540.5	13.77505095	79.13592399	7.089025056	76.69964839	23.30035161	89.27095807	75.88805054	3.168737534	0.079135924	12.57130968	10.72904193	2.0743201952115724	136.0028065723751	3.871147636	4.514930808	5.245233469	59.46972726674272	42.96896574	22.497065393158053	6.25295341	12.832882572765286	79.18676734
1540.625	13.54920809	79.55183324	6.898958669	74.78905567	25.21094433	87.68723957	76.28689016	3.18539125	0.079551833	12.8981839	12.31276043	2.080896331309408	135.32695761820193	3.851668609	4.570212565	5.279541432	60.14305413381298	43.38166741	22.49716053367258	5.782568455	12.70542877157045	77.94777155
1540.75	13.5387147	79.56547157	6.895813739	75.96373192	24.03626808	88.94214972	76.29996874	3.185937352	0.079565472	12.9784178	11.05785028	2.0820419266224817	134.4772756690379	3.834113393	4.683545565	5.374745022	61.239063438723825	40.90724335	22.497243866403025	6.005418301	12.524477735324286	76.7890811
1540.875	13.17247178	80.02686097	6.800667244	76.90173555	23.09826445	89.55841376	76.74242194	3.204412172	0.080026861	12.65667821	10.44158624	2.0791301990744984	133.4774645826457	3.744472614	4.718060299	5.396389792	62.78180051142796	42.22038166	22.497311946576687	6.394183636	12.297765139399079	78.98666263
1541	12.8586189	80.16811744	6.973263658	78.92178842	21.07821158	91.57258494	76.877881	3.210068322	0.080168117	12.65079652	8.427415057	2.07433557776213	132.38464376092764	3.670726497	4.699047163	5.376080721	64.70335003632115	41.55709549	22.497362649054004	6.513482332	12.036016810912741	80.39160967
1541.125	12.88298536	80.16479197	6.95222267	77.76303213	22.23696787	90.17574123	76.87469201	3.209935164	0.080164792	12.4127091	9.824258771	2.069994590399582	131.2932492643772	3.571267488	4.658285908	5.342725682	66.6691304107032	41.63657363	22.497395347188668	6.195625663	11.756716175517958	79.0802896
1541.25	13.0506083	80.08557019	6.86382151	79.78639516	20.21360484	92.38870336	76.79872163	3.206762989	0.08008557	12.6023082	7.61129664	2.0674917153528587	130.2591639372906	3.526952609	4.61377812	5.289138724	68.29245783217272	42.24695302	22.497410957698087	5.890122056	11.472544498957442	79.7283113
1541.375	12.82622495	80.17321341	7.000561644	79.3124155	20.6875845	91.83630274	76.88276782	3.210272373	0.080173213	12.52388724	8.163697258	2.0665692256931703	129.2666555325202	3.541735359	4.623915556	5.297779643	69.46625812211539	42.17581131	22.49741175428082	6.410768628	11.184107605974654	81.74096346
1541.5	12.79495538	80.19905327	7.005991354	78.52775457	21.47224543	91.01762226	76.90754717	3.211307045	0.080199053	12.48986769	8.982377742	2.0656936216360213	128.3637459292165	3.477316713	4.580695639	5.248000498	70.38554756566823	43.54850277	22.497401146688457	6.503945589	10.896891043356925	82.6853931
1541.625	12.53482067	80.40253525	7.062644088	80.6083734	19.3916266	93.03916085	77.1026779	3.219454811	0.080402535	12.43078745	6.960839146	2.0631335010258605	127.70121105286242	3.472609642	4.519846973	5.174341171	71.24181942358804	41.44370403	22.49738330450657	6.516218185	10.634296982494956	82.12109804
1541.75	12.86920544	79.86499306	7.265801503	81.68660762	18.31339238	93.98624079	76.58719736	3.197930704	0.079864993	12.29963317	6.013759208	2.057866699960316	127.39980913622061	3.444609593	4.477756525	5.123365227	72.04623506546875	42.09901227	22.497362680368973	6.870862842	10.42724751023866	84.56209302
1541.875	12.50620317	80.24906239	7.244734442	81.47097244	18.52902756	93.73437962	76.95550383	3.213309496	0.080249062	12.26340718	6.265620384	2.050082641648331	127.44382887552882	3.386674015	4.395449299	5.023304926	72.777150331284	43.00225855	22.497343481454116	6.994226575	10.28778683143862	86.37738228
1542	12.2733229	80.28346915	7.443207947	82.56519808	17.43480192	94.84207922	76.98849848	3.214687201	0.080283469	12.27688114	5.157920779	2.0413131955400634	127.68245758335974	3.333132481	4.312684896	4.932606247	73.46421540127355	42.92103703	22.49732924481409	7.248476148	10.197652688226022	87.01544404
1542.125	12.31847609	80.29264718	7.388876729	84.23503839	15.76496161	96.5200252	76.99729983	3.215054705	0.080292647	12.28498681	3.4799748	2.034003890078049	127.8373917967379	3.275031178	4.281398355	4.886612919	74.06401006670788	43.00283407	22.49732247383123	6.809598207	10.121748350901001	86.63715124
1542.25	12.20629119	80.29889256	7.494816253	84.94607408	15.05392592	97.00532327	77.00328889	3.215304781	0.080298893	12.05924919	2.99467673	2.0306944670151985	127.58591686449668	3.187090764	4.232269729	4.839985913	74.31748149789654	42.81881562	22.497324365466337	6.596544385	10.034392228223185	88.99713755
1542.375	12.13521907	80.58874019	7.276040736	85.4737356	14.5262644	97.4827984	77.28124068	3.226910775	0.08058874	12.0090628	2.5172016	2.033114491760106	126.76702665828596	3.107179163	4.219892126	4.838157709	74.00548569006916	43.61868468	22.49733470264536	6.187856197	9.931756739770591	89.2746985
1542.5	12.05872182	80.71204856	7.229229613	85.18451892	14.81548108	97.38280387	77.39948826	3.231848253	0.080712049	12.19828495	2.617196132	2.0419350548567343	125.551160173834	3.04637951	4.250978057	4.873235599	73.23811543058991	43.01198671	22.497351856173484	6.952506304	9.828080203195519	88.22039366
1542.625	11.73474496	81.11016105	7.155093989	86.11239939	13.88760061	98.03735137	77.78126153	3.247789356	0.081110161	11.92495198	1.962648625	2.0566999069862266	124.31847307580591	3.01984822	4.300250617	4.917504417	72.3634090680646	42.58620619	22.497372920208313	6.749391556	9.745294198343569	87.28667498
1542.75	11.68078961	81.00543487	7.313775529	85.24757973	14.75242027	97.23348934	77.68083349	3.243595941	0.081005435	11.98590961	2.766510655	2.075707456220975	123.37639738208176	2.987681508	4.302503209	4.917788959	71.55521593395729	44.03863236	22.497394019271464	5.981108546	9.702567578567125	88.16614747
1542.875	11.92611472	80.85553261	7.218352676	86.52394383	13.47605617	98.60682822	77.53708347	3.237593599	0.080855533	12.08288439	1.393171782	2.095810950620229	122.81477254004793	2.972691488	4.311763377	4.933227198	70.72890266566975	41.193965	22.497410739029917	6.184530258	9.70731518217844	89.99089003
1543	11.91336728	80.94794634	7.138686386	85.74500806	14.25499194	97.62518406	77.62570439	3.241294003	0.080947946	11.880176	2.374815945	2.1132056527804473	122.6205053665491	3.027492552	4.336305116	4.960033639	69.87238401349822	42.05332136	22.497418641370192	6.58018887	9.756969171264956	90.35247564
1543.125	12.12252376	80.76637645	7.111099799	83.3896152	16.6103848	95.55972577	77.45158643	3.234023634	0.080766376	12.17011057	4.440274234	2.1247454389019804	122.83844236777703	3.003796584	4.308761025	4.939699928	69.20675223453179	41.97152067	22.497413749007315	6.833460927	9.848465172940308	89.16325569
1543.25	12.01193457	80.74299132	7.245074107	85.77142143	14.22857857	98.13110286	77.42916108	3.233087254	0.080742991	12.35968143	1.868897138	2.128762636687064	123.54246824240165	2.9835896	4.264207531	4.895950384	68.96546956103865	43.47955473	22.497392927876362	6.49034977	9.981562489017179	91.09790921
1543.375	12.11140697	80.55783047	7.330762565	87.78229688	12.21770312	99.99	77.25159954	3.225673097	0.08055783	12.20770312	0.01	2.1250989812342334	124.72334574399082	2.940082969	4.236056057	4.852650877	69.11992007172657	42.87792598	22.49735412926531	6.707942486	10.150467277194268	90.18629789
1543.5	11.7684067	80.98679394	7.244799359	87.4206523	12.5793477	99.99	77.66295762	3.242849527	0.080986794	12.5693477	0.01	2.115185041387945	126.21673861627082	2.867209469	4.188860649	4.793884482	69.45347758697635	40.82851105	22.497296544677354	6.487369537	10.333317821726933	88.73002529
1543.625	11.74812695	81.00276921	7.249103844	86.8476082	13.1523918	99.25763128	77.67827724	3.243489204	0.081002769	12.41002307	0.742368722	2.1019170822341584	127.75593062807184	2.839089641	4.145346867	4.745969644	69.74478698505635	42.28734571	22.497220699429203	6.195238233	10.492720958904437	89.30007815
1543.75	12.03467899	80.56996292	7.395358089	87.45236895	12.54763105	99.99	77.26323406	3.226158901	0.080569963	12.53763105	0.01	2.0888019131651596	128.97326888146569	2.83089647	4.172127263	4.769342725	69.85868491674886	42.23572168	22.497128416385266	6.403172016	10.590580902736114	88.54173422
1543.875	11.83116421	80.9190056	7.249830192	87.80915549	12.19084451	99.99	77.59795143	3.240135166	0.080919006	12.18084451	0.01	2.078791401079429	129.48339053922774	2.870410612	4.180947294	4.790637363	69.68143670687815	41.79303536	22.49702278629959	6.398618221	10.607781304745217	90.22371769
1544	12.18185489	80.65504385	7.163101261	85.57445758	14.42554242	97.98981609	77.34482312	3.229565687	0.080655044	12.4153585	2.010183913	2.0737209433714883	129.10404577277842	2.922643283	4.173861255	4.792894731	69.17292340000067	41.44047014	22.49690798753061	6.72929287	10.555080756849424	89.87096548
1544.125	12.1330719	80.54855048	7.318377614	85.27105461	14.72894539	97.32149032	77.24270042	3.225301511	0.08054855	12.05043571	2.678509684	2.074141061052117	128.07942310830538	2.944723864	4.178005444	4.817872431	68.47616927337046	42.71654336	22.496789039948307	6.732690334	10.47105354101612	89.24926519
1544.25	12.3647589	80.38642968	7.248811423	86.5434249	13.4565751	98.50579191	77.08723333	3.218809917	0.08038643	11.96236701	1.49420809	2.079387237050721	127.00010305685774	2.963237483	4.149282631	4.800868268	67.89458040766836	43.03937075	22.49667148159495	6.436893344	10.410183756002713	89.16553259
1544.375	12.4048659	80.34159425	7.25353985	87.03200877	12.96799123	99.28068372	77.04423803	3.21701463	0.080341594	12.24867495	0.719316278	2.087612081011456	126.4462420160256	3.019561221	4.126945899	4.778225147	67.63488819560014	41.14204691	22.496561091805958	6.592705846	10.421216370015479	87.88143396
1544.5	12.3647942	80.20732792	7.427877883	84.76309449	15.23690551	96.67726705	76.91548221	3.211638376	0.080207328	11.91417256	3.322732949	2.0962565024215127	126.74813513715037	3.09189345	4.149371229	4.795544467	67.6651356537264	43.28322196	22.49646356384458	6.737607718	10.526351036947062	88.22274208
1544.625	12.44275771	80.15981873	7.39742356	82.39230151	17.60769849	94.64646816	76.86992288	3.209736027	0.080159819	12.25416666	5.353531839	2.102852839066614	127.97033706019162	3.218391599	4.282802934	4.912244096	67.85045783264643	43.52213218	22.496384180996678	6.797707081	10.715796080066779	87.20279932
1544.75	12.14541433	80.67698969	7.177595974	80.5908876	19.4091124	92.56501506	77.36586827	3.230444436	0.08067699	11.97412746	7.434984937	2.105935862914754	130.00293020852314	3.346954451	4.394423452	5.0179429	68.14944018377493	43.24322826	22.49632749279703	6.220853329	10.959925693600667	85.96502542
1544.875	12.35540829	80.46683603	7.177755684	81.44673142	18.55326858	93.41760317	77.16433967	3.222029524	0.080466836	11.97087174	6.582396832	2.1051708550157278	132.55625660909368	3.385833363	4.469263618	5.111735701	68.63167772428004	41.00408281	22.49629703964473	5.233302712	11.22177118912418	85.54232717
1545	12.5624025	80.40293831	7.03465919	81.84206697	18.15793303	93.55937648	77.10306443	3.219470951	0.080402938	11.71730951	6.44062352	2.1008940777130523	135.21422610463821	3.327628422	4.444432076	5.119749931	69.33509481235492	41.88480226	22.496295131872976	6.913867593	11.457399965094876	84.49697495
1545.125	12.84954978	80.11791639	7.032533831	83.87294945	16.12705055	95.90417953	76.82974028	3.208058186	0.080117916	12.03123008	4.095820474	2.0935841140057585	137.53275823793416	3.208074892	4.304652003	5.002685242	70.19281006744403	40.51675965	22.49632271896466	6.618484855	11.613813965872886	84.60459709
1545.25	12.58327235	80.20260912	7.214118532	86.16761319	13.83238681	98.13420524	76.91095708	3.211449428	0.080202609	11.96659205	1.865794757	2.083545383602009	139.1081977312532	3.085104654	4.159267486	4.871217692	71.05888628419086	42.52835449	22.496379286431143	6.290525198	11.64575625369142	87.28494644
1545.375	12.82734031	79.8730929	7.299566789	87.0565685	12.9434315	99.29768529	76.59496477	3.198255035	0.079873093	12.24111679	0.702314714	2.0709802740990084	139.6213085920053	2.95959434	3.998657639	4.714594679	71.79019070844575	43.76966172	22.496462807564978	6.619620323	11.545870703557698	87.79654503
1545.5	12.96242062	79.72581539	7.311763988	87.99074711	12.00925289	99.99	76.45373179	3.192357793	0.079725815	11.99925289	0.01	2.0563987408177846	138.9401989312961	2.882710599	3.922530628	4.627542473	72.24530077683082	43.43350963	22.496569685307527	6.37601614	11.354273248950603	88.24651837
1545.625	12.68832587	80.02705488	7.28461925	87.75650016	12.24349984	99.99	76.74260789	3.204419936	0.080027055	12.23349984	0.01	2.041036544717243	137.1942291778539	2.863046786	3.839839879	4.547626761	72.27564989618139	41.06506491	22.496694807304895	6.518489122	11.129949940332793	88.5125041
1545.75	13.06179696	79.46965504	7.468547999	88.01381885	11.98618115	99.99	76.20808469	3.182100694	0.079469655	11.97618115	0.01	2.026663443842634	134.72773337240952	2.886680497	3.845630967	4.55228532	71.87022479889994	42.66862647	22.496831650826223	6.992197037	10.919076743148763	90.8323288
1545.875	12.74299849	79.87926496	7.377736544	86.68124784	13.31875216	98.60787262	76.60088352	3.198502175	0.079879265	11.92662479	1.392127376	2.015156484955523	131.963021446163	2.908558721	3.859837559	4.549433692	71.25255643016108	43.8791755	22.49697258923909	6.922712922	10.747229516821422	91.87525511
1546	12.37349432	80.06215714	7.564348545	88.38094829	11.61905171	99.99	76.77626949	3.20582549	0.080062157	11.60905171	0.01	2.008016123286796	129.3530033110446	2.970072708	3.855694527	4.534351004	70.7466767236641	41.23303187	22.497109405988546	6.875672936	10.636241509908226	91.95976257
1546.125	12.51185612	79.85590753	7.632236345	87.06688708	12.93311292	98.73741463	76.57848472	3.197566904	0.079855908	11.67052756	1.262585366	2.0058135358806632	127.3534115489706	3.045976641	3.913421821	4.591570569	70.45563885853934	42.62593133	22.497233844082213	6.580451131	10.609713974716144	92.52819419
1546.25	12.86731032	79.68047507	7.45221461	85.32135832	14.67864168	96.81160447	76.41025231	3.190542289	0.079680475	11.49024615	3.188395526	2.0079323489729974	126.37727498582072	3.099423049	3.971090746	4.658907251	70.2462850958968	44.05159411	22.49733821912822	6.617870927	10.6873866835221	90.66860676
1546.375	12.59586409	80.16323028	7.240905636	84.57159773	15.42840227	95.79253322	76.87319441	3.209872631	0.08016323	11.22093549	4.207466779	2.0131181570479617	126.654890651631	3.206865162	4.046058633	4.738724158	69.97879421952044	42.39938446	22.497415940462165	6.860536337	10.875937398783783	87.31924295
1546.5	12.65362321	79.92589883	7.420477963	83.44433574	16.55566426	94.97447145	76.64560345	3.200369475	0.079925899	11.53013571	5.025528554	2.0202565603473754	128.19854516733093	3.284210809	4.155138422	4.8599351	69.66001116235078	41.79015824	22.497461973629736	6.662642956	11.17033236006543	85.20245552
1546.625	12.68964771	80.11039084	7.199961441	82.16018132	17.83981868	93.86818876	76.8225236	3.20775685	0.080110391	11.70800744	6.131811244	2.0283409892454407	130.78033061338434	3.35948303	4.237334887	4.939505935	69.34313513667632	42.49734743	22.497473181032696	6.187221408	11.546202127268575	82.42890239
1546.75	12.88585241	79.82703787	7.287109725	81.41972693	18.58027307	93.07810413	76.55079991	3.196410913	0.079827038	11.6583772	6.921895873	2.0359688731811274	133.90251649688406	3.424248934	4.241570914	4.924229144	68.98778257964354	41.21598512	22.497448609019965	6.664219499	11.947433885451508	83.93524289
1546.875	12.84749328	79.6774356	7.475071119	82.22333116	17.77666884	94.13101127	76.40733758	3.190420583	0.079677436	11.90768011	5.868988731	2.0411587965469087	136.89807699964092	3.497692306	4.253174973	4.93064029	68.60162057679082	42.90716539	22.49738953641246	7.145476341	12.2984142231765	85.05134583
1547	13.05785758	79.41693861	7.525203811	80.76539284	19.23460716	92.59847443	76.15753183	3.179989839	0.079416939	11.83308159	7.401525574	2.041883535248104	139.26202102780778	3.556091205	4.223035745	4.900446396	68.33793564265754	42.76771817	22.497299359184307	7.456225157	12.547086287022566	84.32969451
1547.125	13.42083925	79.24690801	7.332252741	80.33957978	19.66042022	92.51388943	75.99447958	3.173181523	0.079246908	12.17430965	7.486110567	2.036872597439335	140.92414799091839	3.560486468	4.122556681	4.805920126	68.35600976426706	43.96750567	22.49718332905955	6.923821568	12.70044699350705	83.16205144
1547.25	13.74516026	78.70774834	7.547091401	82.5052796	17.4947204	94.43821915	75.47744794	3.151592649	0.078707748	11.93293955	5.561780847	2.0262370875006503	142.12583249435423	3.531714535	4.002259892	4.711450528	68.5169053945838	42.00070005	22.497048223524814	6.977233291	12.806574217558602	81.88749552
1547.375	14.01741252	78.42846375	7.554123727	84.30046383	15.69953617	96.17576636	75.20962567	3.140409617	0.078428464	11.87530253	3.824233636	2.011625173158639	143.117860454385	3.492604961	3.84469095	4.579997745	68.55208732984681	43.32785037	22.496901875244095	7.624289393	12.90626255989489	86.88411117
1547.5	14.38586103	77.87889572	7.735243251	83.95274167	16.04725833	95.66886733	74.68261285	3.118403975	0.077878896	11.71612566	4.33113267	1.996025861877369	144.019056892635	3.517559284	3.703827271	4.446159089	68.45292407188428	42.94123803	22.496752609192107	7.36682117	12.998542927982887	86.54903173
1547.625	14.41374843	77.70709738	7.879154189	82.31967742	17.68032258	94.16238714	74.51786541	3.111524876	0.077707097	11.84270972	5.837612856	1.9829027925455613	144.85493139942693	3.526247096	3.633212258	4.383776917	68.52861473070467	43.14190118	22.496608578589235	7.574531436	13.048536350962085	88.16654086
1547.75	14.38107016	77.86366322	7.755266614	83.45077226	16.54922774	95.17839639	74.66800552	3.11779404	0.077863663	11.72762412	4.821603612	1.9747988325593415	145.54586470377143	3.532866362	3.59522994	4.35434675	69.010148648005	42.0103556	22.496477138265572	7.474690676	13.021126876371486	87.70633936
1547.875	14.37134673	77.97826416	7.650389108	84.90199631	15.09800369	96.4050198	74.77790304	3.122382857	0.077978264	11.50302349	3.594980203	1.972425123806149	145.89434634644985	3.466556979	3.541918409	4.316440301	69.79981418128617	43.11883826	22.496364277050155	7.402098179	12.910017762880665	87.78867722
1548	14.66391083	77.66354527	7.672543901	86.6134614	13.3865386	97.91664544	74.47610075	3.109780975	0.077663545	11.30318404	2.083354559	1.975084327243301	145.75439630723693	3.409770048	3.469951331	4.258797726	70.66717759120269	42.22825315	22.496274207492792	7.379966974	12.74408519709938	87.54577637
1548.125	14.93256987	77.16698034	7.900449788	84.89336749	15.10663251	96.48553692	73.99991569	3.089897667	0.07716698	11.59216944	3.514463076	1.981509540381074	145.22528965608052	3.318342886	3.386845829	4.180892764	71.49019780328703	42.50691645	22.496209143218778	7.530546188	12.565844094629584	86.88227534
1548.25	14.70688734	77.42039491	7.872717744	87.22069223	12.77930777	98.90909726	74.2429297	3.10004482	0.077420395	11.68840504	1.090902735	1.9901620212313604	144.53074529082164	3.315073637	3.330954082	4.11488146	72.1844726812602	42.82542147	22.496169401030638	8.287531137	12.405434780358135	89.40701485
1548.375	14.58886025	77.38677735	8.024362407	86.27045334	13.72954666	97.82451807	74.21069185	3.098698715	0.077386777	11.55406473	2.175481931	1.9991316905882623	143.71687373694425	3.326223209	3.327461949	4.092859341	72.52444504241728	43.65000384	22.496153634816682	7.750055194	12.269876808582847	92.41342545
1548.5	14.47023269	77.6013458	7.928421516	86.58764193	13.41235807	98.30897305	74.41645405	3.107290402	0.077601346	11.72133113	1.691026946	2.0063738697738787	142.6522806750023	3.297319102	3.381169033	4.143468506	72.2752072192165	42.0321185	22.496159098983355	7.753911614	12.156155125710484	91.53300524
1548.625	14.16033063	78.13049443	7.709174938	85.12018109	14.87981891	96.58881575	74.92388552	3.128478417	0.078130494	11.46863466	3.411184246	2.010152242056704	141.33741874535662	3.348541465	3.457210253	4.217804566	71.483029679411	42.38966111	22.496181986449884	7.999438047	12.062142012565433	91.44743681
1548.75	14.12538207	78.15233251	7.722285419	85.01686442	14.98313558	96.41808333	74.94482733	3.129352851	0.078152333	11.40121892	3.581916665	2.0094029998352525	140.0143913964421	3.332298357	3.52216153	4.285069409	70.45925295588702	43.23106229	22.49621781789547	7.930383086	11.988017720917844	90.36604166
1548.875	13.86612743	78.39773733	7.736135241	85.95154002	14.04845998	97.22730932	75.18016031	3.139179279	0.078397737	11.2757693	2.77269068	2.003966143759968	138.9251315337259	3.284827987	3.556300759	4.313966353	69.47468894826405	44.00676757	22.496261859861793	6.937259436	11.947003864552611	90.70660472
1549	13.65194419	78.53119838	7.816857439	88.01261507	11.98738493	99.51549111	75.30814389	3.144523287	0.078531198	11.50287604	0.484508891	1.9949565011834833	138.20514858066028	3.295692676	3.583571606	4.320088491	68.58979721717928	42.02906413	22.496309518832508	7.046711445	11.973198423278852	90.75073004
1549.125	13.31355059	78.71526523	7.971184182	85.58638455	14.41361545	96.76677706	75.48465632	3.151893638	0.078715265	11.18039252	3.233222936	1.9847904004056205	137.98677968935033	3.268487654	3.612930638	4.334288782	67.81688906388663	41.87182125	22.49635671094164	7.17946887	12.099341341815846	88.56024742
1549.25	13.25952266	78.93582717	7.804650173	86.22407974	13.77592026	97.42516319	75.69616602	3.160725315	0.078935827	11.20108345	2.574836815	1.9764694917098418	138.41451065658245	3.252499713	3.61832072	4.326067749	67.29707032114173	41.42185585	22.496400068916493	7.152163982	12.311770248513794	87.67352104
1549.375	13.2261925	78.84719756	7.926609941	87.34853522	12.65146478	98.33049227	75.61117392	3.157176434	0.078847198	10.98195705	1.669507727	1.972175997864254	139.37313853938477	3.303391001	3.678147572	4.379695369	67.19949496423516	42.35639031	22.496437115227856	7.422617078	12.546431935429975	88.54445219
1549.5	13.02253863	79.1428993	7.83456207	86.54599225	13.45400775	97.44352422	75.89473956	3.169016837	0.079142899	10.89753196	2.556475782	1.9725555525303782	140.43778969757216	3.25279728	3.6414716	4.35139567	67.51993485380454	43.23635167	22.49646636253047	6.777337193	12.731792926815276	88.62880468
1549.625	13.34795114	78.68607489	7.965973967	87.9005465	12.0994535	98.7418633	75.45666401	3.150724807	0.078686075	10.8413168	1.258136697	1.9769653833272858	141.1668637019665	3.240827311	3.606770085	4.309818816	68.0797228721898	41.62885184	22.49648733289791	7.097515464	12.837191748212184	88.15028667
1549.75	13.165901	78.77698424	8.057114764	87.76557685	12.23442315	98.79737572	75.54384228	3.154364973	0.078776984	11.03179887	1.202624282	1.9842371561281777	141.43354466366753	3.268421761	3.596139454	4.294866053	68.694455906004	42.4637278	22.49650041906512	7.537928224	12.869089358354959	87.06196547
1549.875	13.30010242	78.59950717	8.100390412	86.98646072	13.01353928	97.89677571	75.37364917	3.147258488	0.078599507	10.91031499	2.103224293	1.9929931786130464	141.3046464197164	3.336892041	3.573066329	4.26272158	69.2316589695769	41.47693716	22.496506643926875	7.340329885	12.832972640572278	90.39231539
1550	13.37955376	78.44388312	8.176563128	85.08961261	14.91038739	96.11730794	75.2244122	3.141027035	0.078443883	11.02769533	3.882692058	2.0020113216890016	140.7444170458412	3.492995528	3.606703966	4.279772471	69.5546287048758	43.82659297	22.496507369636692	7.854238153	12.718596664404608	89.03679848
1550.125	13.53813663	78.10553781	8.356325558	83.25756138	16.74243862	94.13766542	74.89995316	3.127479111	0.078105538	10.88010404	5.862334576	2.010456483429087	139.6568121642105	3.715915598	3.662440018	4.317845453	69.5184872382148	42.73688527	22.49650408716426	8.031442761	12.530375981943244	86.20110154
1550.25	13.49504261	77.9827403	8.522217088	80.93794532	19.06205468	91.84220503	74.78219548	3.122562089	0.07798274	10.9042597	8.157794973	2.0178681998455446	138.19811485022854	3.842929179	3.684426291	4.340517715	69.09825243769481	42.3899667	22.496498214297013	7.618820667	12.305318202744177	83.74142051
1550.375	13.75358312	77.9778838	8.268533081	83.07656073	16.92343927	93.78072585	74.77753828	3.122367626	0.077977884	10.70416512	6.219274151	2.023853496343674	136.7290928202898	3.851529068	3.669089882	4.340587064	68.43324686769475	41.85081642	22.496490929805795	7.466444373	12.07827262686838	84.95712876
1550.5	13.76853947	78.1453201	8.086140429	84.95977915	15.04022085	95.64259005	74.93810272	3.129072062	0.07814532	10.6828109	4.357409949	2.028181811314975	135.44867816884457	3.820768366	3.687276392	4.376997235	67.72520167813558	43.05846501	22.496483176162176	7.83483088	11.859979573211058	90.04007578
1550.625	13.63532576	78.38408027	7.980593971	83.34508136	16.65491864	94.04314464	75.16706376	3.138632427	0.07838408	10.69806328	5.956855363	2.031075781682085	134.32007505667391	3.702682765	3.665771397	4.371198487	67.1008363178107	43.53111323	22.49647569064501	7.686722279	11.665595533577545	88.99854422
1550.75	13.26386201	78.5416238	8.194514184	84.51314503	15.48685497	95.17221451	75.31814144	3.144940739	0.078541624	10.65906948	4.82778549	2.0334119663779573	133.4201277316545	3.644653589	3.669984693	4.380484286	66.59732163590374	41.86482827	22.496469001198847	7.579937577	11.5393969835961	86.31816506
1550.875	13.63609494	78.32808553	8.035819523	84.23244299	15.76755701	95.11691618	75.11336715	3.136390302	0.078328086	10.88447319	4.883083825	2.036564259286058	133.0235448807041	3.736975785	3.724161208	4.419432381	66.18085383432363	42.77502294	22.496463473151124	7.365584373	11.50919413640172	86.58697605
1551	13.5336809	78.21875012	8.247568979	81.78327894	18.21672106	92.49923913	75.00851905	3.132012326	0.07821875	10.7159602	7.500760869	2.041952836739947	133.27047778882158	3.800028691	3.741618332	4.417447752	65.76515786474052	43.61428823	22.496459413429108	7.42419064	11.547368470594773	85.13280153
1551.125	13.40359251	78.29769247	8.298715021	81.80501865	18.19498135	92.55890897	75.08422146	3.135173312	0.078297692	10.75389031	7.441091033	2.0502247465268315	133.90002815010075	3.843226882	3.748275883	4.413957923	65.24478582910739	41.92712168	22.49645722569313	7.479590178	11.605382811371689	85.50027013
1551.25	13.12972742	78.45283855	8.417434029	83.63568397	16.36431603	94.18532193	75.23300009	3.141385626	0.078452839	10.54963796	5.814678072	2.0607599462682673	134.51100222186767	3.88315055	3.789053076	4.438134203	64.5721490942994	42.82618986	22.496457518802394	8.160111308	11.671846128026113	88.03492188
1551.375	12.89458219	78.84454638	8.26087143	83.5525684	16.4474316	93.90640015	75.60863156	3.157070276	0.078844546	10.35383175	6.093599846	2.0718528594506247	134.9465089159724	3.774953134	3.770878548	4.418198502	63.84985403033899	44.06036369	22.496461178618237	7.568383217	11.76405873717677	87.66971827
1551.5	12.92200726	78.91290879	8.165083956	85.60173527	14.39826473	96.15790043	75.67418826	3.159807624	0.078912909	10.55616517	3.842099566	2.0816183942030735	135.29769631703093	3.642902713	3.70393958	4.354496611	63.36356870803992	41.51735788	22.49646938510097	7.601165771	11.873033405593965	85.29149294
1551.625	13.03259488	78.62729105	8.340114068	87.3547292	12.6452708	97.79934564	75.40029276	3.148371002	0.078627291	10.44461644	2.200654363	2.0886834615008203	135.6768992166093	3.577846103	3.679115491	4.349812995	63.60313509505838	41.76749538	22.496483526507653	7.330575585	11.947988498424273	87.28840947
1551.75	13.35447254	78.5056184	8.139909057	85.56915351	14.43084649	95.88469935	75.28361376	3.143499021	0.078505618	10.31554584	4.11530065	2.0925813592775038	136.1581627395079	3.497748761	3.617095558	4.300720191	65.22269854976759	43.29461497	22.49650509233559	7.475459576	11.92238037730198	89.53806758
1551.875	13.23214644	78.59079443	8.177059134	86.58739825	13.41260175	97.01669474	75.36529402	3.146909615	0.078590794	10.42929649	2.983305259	2.093787111128162	136.9052588703379	3.5120288	3.562388367	4.24903348	68.87764379854505	43.50926842	22.496535499510138	7.694718242	11.733968305101497	89.3012166
1552	13.42031437	78.17134607	8.408339563	86.19529886	13.80470114	96.70023054	74.96306054	3.130114186	0.078171346	10.50493168	3.299769462	2.093733187628139	138.0499428108324	3.621341325	3.572045549	4.250443676	74.94352683014239	42.58261122	22.49657585842365	8.40293467	11.318976360687307	90.15602469
1552.125	13.31864945	78.03404261	8.647307938	84.25281349	15.74718651	94.68942575	74.83139225	3.124616322	0.078034043	10.43661226	5.310574251	2.094201576825198	139.50648259643188	3.656458054	3.550147281	4.218199099	83.35194990035703	43.13087152	22.496626703624973	8.096376061	10.633564637509966	89.66914415
1552.25	13.39315741	78.13705474	8.469787849	85.4466907	14.5533093	95.72198271	74.93017658	3.128741103	0.078137055	10.275292	4.278017294	2.0965298215484083	140.9513548735378	3.706628069	3.536799035	4.184556072	93.61596681338744	43.18887486	22.496687800446953	6.296429038	9.694612934283716	88.1326735
1552.375	13.04691833	78.31091535	8.64216632	86.18194757	13.81805243	96.65792675	75.09690166	3.135702779	0.078310915	10.47597918	3.342073249	2.101312426928275	142.09246828190754	6.832194363	2.997947506	3.433131353	105.00009080502129	43.77546638	22.49675805663443	12.39674687	8.581880771584297	78.51598859
1552.5	4.565149191	53.78778701	41.6470638	67.42594356	32.57405644	78.80362943	40.61101528	5.208915156	7.967856578	11.37768587	21.19637057	2.1087697720397918	142.84916993395245	9.922295467	2.426206442	2.662399178	116.67701776967982	49.00868328	22.496835541485638	19.70894039	7.392716107335968	78.3634305
1552.625	4.493113277	53.28048131	42.22640541	69.27018133	30.72981867	80.79219349	40.22798781	5.159786673	7.892706822	11.52201215	19.20780651	2.118850880662256	143.3370182721049	12.96385862	1.865413881	1.893548309	127.8463240388346	49.26322445	22.49691751159926	50.44441223	6.209358846022331	93.46951842
1552.75	4.551925262	54.12571108	41.32236366	70.70051393	29.29948607	81.95844726	40.86615571	5.241640388	8.017914977	11.25793332	18.04155274	2.1308802253038426	143.66628293862792	15.91418893	1.321061268	1.152584553	137.771573844334	53.23719926	22.497000515531685	41.06449783	5.111384641215956	71.18483782
1552.875	4.459674399	55.37103547	40.16929013	69.67698099	30.32301901	80.96490604	41.80640425	5.362240053	8.20239117	11.28792505	19.03509396	2.1433506935591016	143.82925875082822	15.72162552	1.330113839	1.162312634	145.86113182024158	51.72624241	22.497080675126995	40.95830619	4.188718820937615	72.54054546
1553	4.502218849	55.80884118	39.68893997	68.90246932	31.09753068	80.04223558	42.13695762	5.404638019	8.267245541	11.13976625	19.95776442	2.1542126801924186	143.77737589633	15.48570799	1.354097059	1.185763878	151.6913658748284	53.30889813	22.497153910483686	41.47324562	3.526329709511378	73.62948656
1553.125	4.578399119	55.87531856	39.54628232	68.76854581	31.23145419	79.58206734	42.18714957	5.411075819	8.277093171	10.81352153	20.41793266	2.1616129817221843	143.5759746611574	15.35247318	1.371790236	1.202156082	155.0992587598551	53.52716243	22.497216290404097	40.8293128	3.1693706795059597	72.46140242
1553.25	4.581426941	55.66336558	39.75520748	69.64462797	30.35537203	80.50714113	42.0271202	5.390549876	8.245695506	10.86251316	19.49285887	2.1646528481687874	143.38621116829302	15.31154753	1.377634118	1.209708787	156.2722027280911	52.93809504	22.497264419922193	40.90456963	3.108614973856096	72.58523703
1553.375	4.645078724	55.77426615	39.58065513	69.37178057	30.62821943	80.04521996	42.11085268	5.401289705	8.262123767	10.67343939	19.95478004	2.163849302043359	143.3822707497025	15.33628523	1.370320258	1.205318262	155.80445740622864	51.85990135	22.497295777668413	40.66122174	3.290533079372974	73.71308208
1553.5	4.736278405	55.34947208	39.91424951	69.81471697	30.18528303	80.67927521	41.79012339	5.360151812	8.199196876	10.86455825	19.32072479	2.161176854561024	143.68392486400745	15.45231133	1.360855748	1.196291216	154.52149848401805	52.53382719	22.49730896558177	41.37128294	3.627563500799983	74.2120266
1553.625	4.625875037	54.59753831	40.77658665	68.54817406	31.45182594	79.52703942	41.22239612	5.287333065	8.087809128	10.97886536	20.47296058	2.159622966521084	144.33369587751025	15.54995137	1.362671032	1.195287084	153.14603441926795	54.17589146	22.49730385988876	42.3766017	4.004834875599881	75.6202817
1553.75	4.713060944	54.65312569	40.63381337	67.71992682	32.28007318	78.98664876	41.26436587	5.292716257	8.096043568	11.26672194	21.01335124	2.1621278973106004	145.18027087068447	15.73169218	1.346208013	1.179075341	152.05356123146976	53.36023623	22.49728162204777	41.23131633	4.31665179112151	71.52307034
1553.875	4.643859177	53.7722731	41.58386772	69.38036535	30.61963465	80.51454764	40.59930192	5.207412758	7.965558424	11.13418229	19.48545236	2.170139532881145	145.9299132410759	15.80442605	1.341889775	1.173815051	151.26400181983644	52.03608838	22.49724458517248	40.38383961	4.522533357825573	69.94684339
1554	4.662609481	54.61899114	40.71839938	69.39244021	30.60755979	80.54171557	41.23859349	5.289410599	8.090987044	11.14927535	19.45828443	2.1828055341956114	146.31166328465196	15.75381744	1.34087367	1.172819455	150.6588926639752	52.07534944	22.49719598693162	40.8957988	4.6535073738392265	70.68837285
1554.125	4.74162037	54.97733573	40.2810439	69.49704836	30.50295164	80.73219177	41.50915189	5.324113395	8.144070438	11.2351434	19.26780823	2.197123096394665	146.2618321694592	15.66052621	1.338418823	1.17277074	150.1438093624248	52.27078357	22.497139605503527	40.42477608	4.75549137081526	70.59183717
1554.25	4.823101441	55.44970521	39.72719335	69.64325274	30.35674726	80.75568081	41.86580171	5.369858585	8.214044916	11.11242807	19.24431919	2.208847289844803	145.9027813462802	15.57471314	1.342981103	1.176986187	149.73434978077688	51.53300084	22.49707936302503	39.75004256	4.845073708489055	71.22024894
1554.375	4.787833479	54.56323172	40.6489348	69.87396441	30.12603559	81.11200402	41.19649386	5.284010748	8.08272712	11.23803961	18.88799598	2.2135943654239423	145.42796700765984	15.57377337	1.335393629	1.170538816	149.55546886637467	51.81243598	22.49701893131312	40.44054449	4.916402987321009	72.42318392
1554.5	4.763771151	54.43413038	40.80209847	70.76589319	29.23410681	82.15140864	41.09901937	5.271508319	8.063602686	11.38551545	17.84859136	2.2080990402653162	144.9808895496862	15.50347188	1.329758227	1.167555219	149.73463394498188	52.53616819	22.496961428006554	40.64980149	4.956841520642752	74.45482612
1554.625	4.810596015	55.52242667	39.66697731	71.6780644	28.3219356	82.78911079	41.92070809	5.376901075	8.224817513	11.11104639	17.21088921	2.1912233344316574	144.586356202248	15.55950445	1.323473096	1.16261358	150.22906261525057	52.47726186	22.49690929099013	40.04165232	4.947031340616943	71.83638811
1554.75	4.776185338	54.86445256	40.35936211	69.88427971	30.11572029	80.8510355	41.42392251	5.313181566	8.127348484	10.96675579	19.1489645	2.1643447704045435	144.14996352321845	15.55785039	1.321253797	1.161571454	150.7315115705636	51.85538465	22.496864172678556	39.5593822	4.868248085156836	71.26767039
1554.875	4.684003514	54.62460065	40.69139583	70.3442232	29.6557768	81.35956564	41.24282881	5.289953836	8.09181801	11.01534244	18.64043436	2.131029425007853	143.52882529780072	15.42719017	1.325598877	1.168110528	150.903508993877	51.48951283	22.496826882478466	38.03684413	4.724393399086691	74.20960665
1555	4.724533312	55.79968664	39.47578005	72.17256752	27.82743248	83.01995303	42.13004573	5.403751476	8.265889433	10.8473855	16.98004697	2.096071340674104	142.6923220630133	15.36407377	1.336091476	1.177887188	150.59770843400872	53.55200077	22.496797397002585	40.22185802	4.546250271271095	73.55283499
1555.125	4.841528989	56.27687722	38.88159379	70.85359315	29.14640685	81.70393008	42.49033558	5.44996355	8.336578083	10.85033693	18.29606992	2.0644146771985525	141.77892549180717	15.13814687	1.341914372	1.18505334	149.9188414677568	49.98836128	22.496774945417044	38.63005042	4.369644291592615	71.53508067
1555.25	4.838183116	57.0429922	38.11882468	72.59157612	27.40842388	83.52067592	43.06877	5.524155633	8.450066565	10.9290998	16.47932408	2.03995484792743	140.9617572597333	14.90068989	1.357194165	1.198955687	149.0683849246946	52.21153856	22.496758192679152	39.82381821	4.209990348728983	75.77870488
1555.375	4.805298989	57.00763701	38.187064	71.48091044	28.51908956	82.65665283	43.04207602	5.520731767	8.444829222	11.17574239	17.34334717	2.0247481330015273	140.2799448788557	14.68583746	1.371976307	1.212550691	148.23631634817866	52.71851364	22.496745415413713	39.72070813	4.062776920115038	76.26794577
1555.5	4.902217309	57.91237483	37.18540786	73.12661656	26.87338344	84.12107126	43.72517387	5.608348358	8.578852605	10.99445471	15.87892874	2.018758087601925	139.6557508823538	14.54134497	1.37657769	1.218112753	147.5100092267615	52.31507668	22.496734783056436	40.18129706	3.927270929333441	75.6532073
1555.625	4.770298442	57.75421559	37.47548597	72.5389849	27.4610151	83.25073012	43.60576	5.593031906	8.555423678	10.71174522	16.74926988	2.020605414505862	139.03336673772856	14.56246078	1.386889132	1.226624859	146.8646759118895	52.62383144	22.496724578225386	39.27433491	3.821777376723789	75.66205859
1555.75	4.729077048	57.08479761	38.18612534	70.4504618	29.5495382	81.12371809	43.10033405	5.528204152	8.456259412	10.67325628	18.87628191	2.028244831581287	138.4513266862362	14.61431438	1.387386231	1.228216983	146.24486403732286	51.94686402	22.49671337753727	39.44888711	3.7781702633245664	74.41094518
1555.875	4.622674835	56.68051779	38.69680738	70.6024581	29.3975419	81.21786088	42.79509349	5.489052897	8.3963714	10.61540278	18.78213912	2.0393917132484054	137.9883645065045	14.6725957	1.403921177	1.24099524	145.62599881497954	52.21909429	22.496700179344767	38.56812119	3.8152892982583246	73.03625345
1556	4.717738488	57.74058135	37.54168016	69.33534819	30.66465181	80.06123271	43.59546584	5.591711539	8.55340397	10.72588452	19.93876729	2.0518295462216862	137.6658391962887	14.73947627	1.405427877	1.240552093	145.0190043354052	51.62262862	22.496684537394692	38.30534518	3.916266371716066	71.93332911
1556.125	4.733703188	57.15810639	38.10819042	71.08951189	28.91048811	82.00745835	43.15568386	5.535303518	8.467119012	10.91794646	17.99254165	2.0640230466485154	137.38018167803617	14.6560707	1.416296158	1.248491736	144.43824770257027	51.32987235	22.496666511575338	38.12304139	4.0261886973603005	73.06435108
1556.25	4.654730923	58.04307764	37.30219143	69.99561564	30.00438436	80.98918961	43.82385749	5.621005876	8.598214274	10.99357398	19.01081039	2.0752879325051667	136.96055580195315	14.42465564	1.433475522	1.262885301	143.9434275751151	51.58593119	22.49664661240317	38.69811893	4.089418997043994	73.57276082
1556.375	4.525507635	59.13287675	36.34161561	71.63156004	28.36843996	82.60417643	44.64668087	5.726544166	8.75965172	10.9726164	17.39582357	2.085586701243342	136.27817983493588	14.24087317	1.447787494	1.275709283	143.66846174223747	52.11908001	22.49662561486035	37.63879836	4.089046338849442	72.8905797
1556.5	4.450166832	59.81806783	35.73176533	70.23185419	29.76814581	80.9509741	45.16401588	5.792899419	8.861152536	10.71911991	19.0490259	2.0952229447513115	135.34882625336945	14.05747114	1.482840031	1.3054501	143.74530787290306	50.58323716	22.49660438102783	36.90627217	4.056691567949303	71.59970999
1556.625	4.479051017	59.51983343	36.00111556	68.5394632	31.4605368	79.20637236	44.93884205	5.764017812	8.816973567	10.66690916	20.79362764	2.1046969267900915	134.38237952103844	13.99050586	1.504489116	1.324553554	144.16676211616266	50.60813738	22.496583766891533	37.09723353	4.051261186705038	71.29141688
1556.75	4.507359411	59.06969641	36.42294418	67.74751916	32.25248084	78.27682928	44.59897825	5.720425657	8.750292497	10.52931012	21.72317072	2.1143597778671226	133.7420840702768	14.00687423	1.534925072	1.349762478	144.7759284622166	52.10139285	22.4965645752718	36.8170321	4.123514841605958	70.29541135
1556.875	4.569227953	59.36350644	36.0672656	66.60816128	33.39183872	77.11965485	44.82081158	5.748878799	8.793816061	10.51149357	22.88034515	2.124028470063183	133.7161262531348	14.15480308	1.552732206	1.363620727	145.38849736169098	51.06831548	22.49654756946524	36.66287661	4.286394815689739	68.11538935
1557	4.685102373	58.52695801	36.78793962	65.05222591	34.94777409	75.39245033	44.18919829	5.667865803	8.669893917	10.34022442	24.60754967	2.1326030090586845	134.25933216774013	14.28267679	1.565222215	1.374583693	145.82938001115107	50.47743478	22.496533544182576	37.20440269	4.503499029139904	68.69705915
1557.125	4.783239013	58.32969263	36.88706836	64.63602395	35.36397605	74.76089458	44.04025839	5.648762235	8.640671999	10.12487063	25.23910542	2.1385440720958546	135.03822644206957	14.43444175	1.566116578	1.37668583	145.8974975123364	51.44754915	22.496523242149408	37.61445284	4.711473588764873	67.42013693
1557.25	4.693293558	57.58594215	37.72076429	65.19087262	34.80912738	75.05619253	43.47870969	5.576735975	8.530496484	9.865319904	24.94380747	2.1408647557665423	135.70741159129025	14.56467643	1.565445393	1.377138022	145.39670642510404	51.14490782	22.496517303054173	37.54459023	4.854389512994608	67.05960631
1557.375	4.688183319	58.09489723	37.21691945	64.62564777	35.37435223	74.60492063	43.86298247	5.626024186	8.60589057	9.979272855	25.39507937	2.139990176732865	136.12861535732222	14.5506949	1.565641921	1.379370505	144.2964303516642	50.59235152	22.49651621259705	35.88703871	4.921223124151074	68.90730262
1557.5	4.723463108	58.66912385	36.60741304	65.30787642	34.69212358	75.26294416	44.29653677	5.681633422	8.69095366	9.955067741	24.73705584	2.1373223993020822	136.3743925045078	14.47512437	1.567383837	1.381619381	142.7790433460428	50.91789322	22.496520153605715	36.91497743	4.948443045312096	67.20557809
1557.625	4.707036024	59.10526486	36.18769911	65.62220429	34.37779571	75.73691249	44.62583325	5.723870176	8.755561431	10.11470819	24.26308751	2.134664908659419	136.61366177363857	14.33751175	1.589777001	1.400193455	141.12209501084587	50.96759025	22.496528922392763	34.60403085	4.976897957409286	64.13149834
1557.75	4.682692514	59.14856772	36.16873976	64.22936101	35.77063899	74.19464794	44.65852791	5.728063711	8.761976103	9.965286922	25.80535206	2.133787947934725	136.9049919178276	14.18929191	1.614140562	1.419583263	139.53437666592794	50.18691737	22.49654190451721	36.16654873	5.002531924730717	66.99472666
1557.875	4.654676563	59.77091434	35.57440909	63.65847722	36.34152278	73.89394126	45.12841391	5.788332982	8.854167452	10.23546404	26.10605874	2.136272143251714	137.09182769801916	14.08252564	1.641835804	1.440063288	138.1609232612173	52.84898394	22.49655807866135	37.38281131	4.983833604684522	67.74644852
1558	4.644976821	59.99635033	35.35867285	63.22903896	36.77096104	73.59967082	45.29862326	5.810164647	8.887562423	10.37063186	26.40032918	2.142897823176422	136.86899024034696	13.99919185	1.665320519	1.45927056	137.18620684557993	51.6727864	22.496576091329082	36.80325747	4.895681507275519	67.1764493
1558.125	4.751167222	60.12998154	35.11885124	63.81410907	36.18589093	73.9501263	45.39951789	5.823105756	8.907357889	10.13601723	26.0498737	2.1534443325872505	136.03900565374863	13.9642062	1.66738702	1.461818144	136.7924306398402	51.94012622	22.49659436543193	36.5175575	4.756971437279859	66.47872925
1558.25	4.682259388	59.50974732	35.80799329	64.53747492	35.46252508	74.40844672	44.93122681	5.763041054	8.815479461	9.870971799	25.59155328	2.1668208335500694	134.68396508997594	13.90523024	1.664093949	1.462443537	136.98017577972684	50.2728092	22.496611224223933	35.16088128	4.613993900216386	65.42218328
1558.375	4.674577028	60.31429186	35.01113111	65.15458398	34.84541602	74.94354869	45.53867642	5.84095473	8.934660707	9.788964709	25.05645131	2.18141774436888	133.16931055841314	13.76211927	1.665572059	1.469312379	137.50396854205286	50.25262701	22.496625060111075	34.91765261	4.50648609711918	67.82562733
1558.5	4.567092721	61.45469884	33.97820843	65.56332027	34.43667973	75.20269327	46.3997099	5.951393987	9.103594955	9.639372992	24.79730673	2.1952125843262187	131.8690273197883	13.69378272	1.652263187	1.461952868	138.06304324138154	51.66020138	22.496634358255278	34.4694972	4.450566711083248	69.50843334
1558.625	4.591989085	60.74380005	34.66421087	66.82759626	33.17240374	76.50047418	45.86296498	5.882549149	8.998285925	9.672877929	23.49952582	2.2060281235658334	130.97890254609936	13.4975278	1.663234927	1.47473859	138.42312563234026	49.84851323	22.496637828072352	34.61235166	4.437380372455918	68.11130047
1558.75	4.592741139	61.54903852	33.85822034	66.4620595	33.5379405	76.00517833	46.47093853	5.960530027	9.117569967	9.543118829	23.99482167	2.2119249604414266	130.51768382579533	13.3717249	1.66114229	1.476110219	138.39908517016673	50.61187122	22.496634428646143	34.56664085	4.443780194464733	69.2299962
1558.875	4.511257964	61.58460417	33.90413787	67.68423359	32.31576641	77.15066273	46.49779141	5.963974275	9.122838487	9.466429144	22.84933727	2.2118484926781936	130.43672936788616	13.36321439	1.642789184	1.461130578	137.8985303568533	50.25068759	22.496623510769968	35.0497663	4.447456643329398	69.77234483
1559	4.442709925	61.39794367	34.1593464	68.23203973	31.76796027	77.96705904	46.35685844	5.945897705	9.095187524	9.735019306	22.03294096	2.2062030913403765	130.6212206517156	13.27048184	1.649583303	1.465981091	137.0410515353801	51.19668029	22.496604978457086	34.29956734	4.433201862986153	68.69267225
1559.125	4.467312062	61.73802822	33.79465972	67.48341733	32.51658267	77.4667131	46.61363009	5.978832161	9.145565965	9.983295766	22.5332869	2.196780641635077	130.9137493847578	13.2583709	1.645612316	1.459646753	136.13490018073	48.93182946	22.496579396079305	33.9646548	4.39432333561348	68.51919293
1559.25	4.393566222	61.68910572	33.91732806	67.11594886	32.88405114	77.25937309	46.57669248	5.974094411	9.138318829	10.14342424	22.74062691	2.1858918990096745	131.24825269691735	13.21880773	1.647785519	1.459935878	135.44829097837288	51.28290325	22.49654802378001	34.17721987	4.329065459863995	69.56859231
1559.375	4.50093564	61.95766711	33.54139725	68.05065399	31.94934601	77.92439737	46.7794625	6.000102424	9.178102184	9.873743384	22.07560263	2.17547625991423	131.65480739067186	13.20476872	1.6470214	1.459675998	135.09176343421936	50.24733632	22.496512797331597	34.77264047	4.244039454334208	70.36275864
1559.5	4.524852398	61.47347247	34.00167513	68.60882768	31.39117232	78.3539435	46.41388442	5.953212062	9.106375986	9.745115821	21.6460565	2.166863172902796	132.134134787051	13.28860244	1.62788048	1.443657873	135.0545193537623	51.60662236	22.49647612547712	34.93014872	4.154357226430943	70.59335709
1559.625	4.464651061	60.73860072	34.79674822	68.72810757	31.27189243	78.69030851	45.85903936	5.882045635	8.997515722	9.962200945	21.30969149	2.1607891193695683	132.54201581511526	13.33210529	1.624704852	1.442799908	135.27641835311323	50.21480837	22.496440670869987	34.97672081	4.081258087007149	69.56371665
1559.75	4.516710347	61.20431556	34.27897409	66.84464985	33.15535015	76.58317507	46.21066477	5.927146378	9.066504414	9.738525229	23.41682493	2.157337957684043	132.7498143415757	13.42798695	1.635891984	1.451404221	135.61350483849995	50.44735904	22.4964090598666	35.09316444	4.051409231930695	69.5492506
1559.875	4.630469745	61.12109429	34.24843596	64.85479949	35.14520051	74.52437171	46.1478308	5.919087066	9.054176427	9.669572217	25.47562829	2.15562154955038	132.83158584381155	13.55541586	1.635383733	1.450918618	135.8544781139925	51.14730942	22.496383535562508	33.07320476	4.102176821726729	69.32312846
1560	4.701583235	60.1928904	35.10552636	66.46080503	33.53919497	75.93840046	45.44701553	5.829197974	8.916676897	9.477595428	24.06159954	2.1539229616873836	133.00185582958372	13.67160967	1.645457521	1.461567664	135.9069742385172	51.83472791	22.49636578717442	35.25318205	4.264745410420614	67.65569448
1560.125	4.807343785	59.62761063	35.56504558	65.38810374	34.61189626	74.60200536	45.02021631	5.774455169	8.832939149	9.213901616	25.39799464	2.1504262950719335	133.3336348262683	13.90914712	1.63770177	1.45679434	135.89261906669327	50.21952656	22.49635682475013	36.68809533	4.521728553437985	68.08117628
1560.25	4.825263864	58.77238577	36.40235037	64.02389075	35.97610925	72.98309524	44.37450189	5.69163351	8.70625037	8.959204494	27.01690476	2.144147678863831	133.68329223844293	14.21412054	1.600542313	1.42891594	136.0479003172508	51.69754994	22.496356881222724	38.01144063	4.795112112531814	69.05027032
1560.375	4.93319616	57.7378472	37.32895664	65.06264026	34.93735974	73.78456469	43.59340149	5.591446759	8.552998946	8.721924431	26.21543531	2.1349499808215544	133.96848164990917	14.42610842	1.588125539	1.421241237	136.53594725429744	51.85700514	22.496365475637777	38.90871704	5.001250476419179	69.00271773
1560.5	4.847255966	58.04088026	37.11186377	64.82375056	35.17624944	73.36694096	43.82219842	5.620793077	8.597888764	8.543190408	26.63305904	2.12336881817129	134.2777139080194	14.57295664	1.571139871	1.409415222	137.4565030688724	52.13504588	22.496381428265117	36.27792001	5.109049342548518	66.30926728
1560.625	4.891004794	58.04933441	37.05966079	65.46967628	34.53032372	74.00330142	43.8285815	5.621611793	8.59914112	8.533625145	25.99669858	2.1107456325611027	134.68136555217242	14.63507142	1.55567374	1.399333355	138.89470485442354	50.22964294	22.496402937462882	35.18378735	5.131051976897016	62.05319166
1560.75	4.981056934	57.96551282	37.05343024	65.28790437	34.71209563	73.71737594	43.76529427	5.613494346	8.586724205	8.429471577	26.28262406	2.099219850151732	135.10412812837586	14.70265462	1.547634583	1.393774097	140.8674423745024	50.07197063	22.496427703225937	36.92506552	5.074805601459392	64.42428827
1560.875	5.109624397	56.93191853	37.95845708	65.22384331	34.77615669	73.68484971	42.98490683	5.51339904	8.433612661	8.461006399	26.31515029	2.0907526086053956	135.5302846064065	14.8597854	1.536911006	1.384616505	143.23213725494688	50.44173527	22.496453024499147	38.82048428	4.939297984815894	68.11696291
1561	5.12518841	56.29832601	38.57648557	63.96791646	36.03208354	72.38700857	42.50652992	5.452040694	8.339755402	8.419092103	27.61299143	2.086332656498929	136.1225355106447	15.02236593	1.528484065	1.377921739	145.67732267509956	52.24899575	22.496476048442283	38.99058998	4.752102205912874	67.93087721
1561.125	5.075203262	56.34171543	38.58308131	64.20034764	35.79965236	72.42096108	42.53928992	5.45624261	8.346182895	8.220613434	27.57903892	2.0862004186960688	137.00286942676243	15.25260456	1.502083062	1.355568794	147.8674747397063	50.84796244	22.4964939807089	39.61772323	4.57626410893071	68.5106039
1561.25	5.158286813	55.3770416	39.46467158	65.67692778	34.32307222	73.88819433	41.81093902	5.362821698	8.203280889	8.211266554	26.11180567	2.0905617471922264	138.10083932697856	15.34869145	1.491896861	1.347476545	149.53187577215502	51.82344206	22.496504411726313	40.46168327	4.465996584647259	70.01802325
1561.375	5.141970956	55.89270359	38.96532546	65.28582742	34.71417258	73.5174371	42.20027566	5.41275942	8.279668503	8.23160968	26.4825629	2.099669844495871	139.32782035081462	15.43452486	1.466142517	1.326375042	150.5110395592019	51.48382032	22.496505557371588	41.30885601	4.439133743044807	71.89446688
1561.5	5.153648458	55.13133386	39.71501768	66.59764057	33.40235943	74.92610642	41.62542402	5.339026877	8.166882959	8.328465848	25.07389358	2.113282258349256	140.81187453645498	15.52490913	1.449645643	1.311752343	150.7211801691064	53.53248299	22.496496431907058	41.33412242	4.496650408368154	71.67862058
1561.625	5.219520892	55.18623743	39.59424168	65.30077742	34.69922258	73.67756832	41.66687748	5.344343847	8.175016103	8.376790895	26.32243168	2.1302212171628403	142.67834060303062	15.5434468	1.452201668	1.312788401	150.2147016674273	52.91933527	22.496476952276854	39.57800567	4.636815285245334	68.74568462
1561.75	5.262134608	55.16921812	39.56864727	64.98407337	35.01592663	73.42664662	41.65402751	5.342695663	8.172494946	8.44257325	26.57335338	2.1487297183936107	144.7487595	15.64550697	1.451401414	1.309921079	149.25105443281	50.87045477	22.496447968142284	38.596946	4.827336227769595	64.99438286
1561.875	5.23120777	54.85177547	39.91701676	63.8443789	36.1556211	72.36295918	41.41435102	5.311953892	8.125470563	8.518580284	27.63704082	2.166965716272367	146.59852891093976	15.71279927	1.459201252	1.315604226	148.26044417221325	51.67699743	22.496411142783057	41.08411968	4.991333425519557	68.6488986
1562	5.311399122	54.52574627	40.16285461	64.37099225	35.62900775	72.7528094	41.16819147	5.280380583	8.07717421	8.381817149	27.2471906	2.1829797813228513	147.9756799383184	15.84796951	1.459871348	1.315778231	147.66373882797683	53.00359065	22.496368769640227	41.02812707	5.057580778462607	67.7737236
1562.125	5.167225486	53.95672879	40.87604572	63.22387775	36.77612225	71.35487852	40.7385702	5.22527581	7.992882777	8.131000763	28.64512148	2.1945225574596465	148.91939609126487	16.00006797	1.467303206	1.320725374	147.6445634356215	52.41510065	22.496323578840975	39.85958695	5.0236767293550715	65.68844914
1562.25	5.035236847	53.9408589	41.02390425	61.64458429	38.35541571	69.85266477	40.72658807	5.223738939	7.990531891	8.208080474	30.14733523	2.1996937803062147	149.52786538890484	16.03751869	1.484836139	1.335794658	148.14390657443852	52.18452561	22.496278492862643	40.77318013	4.9426898236245185	65.44034481
1562.375	4.931796857	54.88016519	40.18803796	60.76599245	39.23400755	68.83589639	41.4357859	5.314703208	8.129676075	8.069903941	31.16410361	2.1975198885053118	149.76047317162548	16.13832105	1.491482468	1.339853088	149.0025731879201	52.43306748	22.496236442303417	39.1356498	4.854066561325059	67.6622808
1562.5	4.927233124	53.83491981	41.23784707	61.86298741	38.13701259	70.11383953	40.64660162	5.213479588	7.974838597	8.250852126	29.88616047	2.1880505438966686	149.58521003256052	16.24329591	1.48249622	1.329743752	150.14176560733785	53.00396056	22.496200105246814	43.02124977	4.7551833247461275	68.39423776
1562.625	5.021488086	52.87032722	42.10818469	63.0411316	36.9588684	71.52284088	39.91831205	5.120066544	7.831948625	8.481709278	28.47715912	2.17247636090278	149.1084578654594	16.38761432	1.452089595	1.303859073	151.47937223553785	55.44529801	22.49617169200706	43.35188866	4.644277027482753	70.38514614
1562.75	5.058898687	52.13457743	42.80652388	64.29916895	35.70083105	72.57133225	39.36280405	5.048815087	7.722958293	8.272163296	27.42866775	2.153604172455453	148.45959411501676	16.59234484	1.413699216	1.2716231	152.8569760087523	52.36211934	22.496152784641588	42.04599559	4.549331098079468	67.99443364
1562.875	5.197030615	52.30699778	42.49597161	63.62956257	36.37043743	71.7149346	39.49298538	5.065512612	7.748499789	8.085372028	28.2850654	2.1354299737772813	147.6520464245851	16.62865275	1.393336532	1.257068509	154.0955879146054	52.58598324	22.496144078931717	42.69115925	4.490395762565878	67.90115833
1563	5.049596371	53.19418314	41.75622049	64.54805367	35.45194633	72.39302717	40.16283071	5.151429388	7.879923038	7.844973496	27.60697283	2.1218347246765963	146.66730359728479	16.59487067	1.381473791	1.249982928	155.17507661482588	52.31834722	22.49614530430691	41.7776674	4.437290428573457	68.04459691
1563.125	5.112675902	53.01789164	41.86943246	65.49330024	34.50669976	73.54091457	40.02972658	5.134356973	7.853808088	8.047614333	26.45908543	2.1154920003870776	145.6332983664717	16.40600698	1.401072163	1.267498302	156.1163576082493	52.26673624	22.49615523002568	42.4816072	4.347198373989331	69.30941939
1563.25	5.080735119	54.20136423	40.71790065	63.89914953	36.10085047	72.17239397	40.92327558	5.248966787	8.02912186	8.273244432	27.82760603	2.1173685015880164	144.75875272921155	16.35662138	1.412139	1.276800218	156.76144254940579	53.27451762	22.496171805741326	42.55386889	4.230241008411589	68.3912158
1563.375	5.200582815	52.93106262	41.86835457	62.59652243	37.40347757	70.69038063	39.96416867	5.125948279	7.840945666	8.093858202	29.30961937	2.1265873314103323	144.1594483156343	16.40900836	1.421833875	1.28205562	156.82068396501305	52.17169474	22.49619247057801	42.07918942	4.143609071445891	66.9616282
1563.5	5.137010975	52.74886982	42.1141192	62.25002806	37.74997194	70.5788248	39.82660893	5.108304371	7.813956528	8.328796738	29.4211752	2.1406540692533573	143.7642561370028	16.39724482	1.440282984	1.294745712	156.22883906285898	52.19891554	22.496214468428228	43.18451285	4.126939242460983	68.01970005
1563.625	5.160793369	53.32677895	41.51242768	62.68844294	37.31155706	71.24505125	40.26294359	5.164270227	7.899565125	8.556608308	28.75494875	2.1562125643530208	143.47713520588337	16.4632793	1.449990092	1.300608761	155.2153797811412	53.55791643	22.496235254266452	43.08708906	4.187982227551072	68.53087544
1563.75	5.304904994	53.57414678	41.12094823	61.51414187	38.48585813	70.13137489	40.44971199	5.188225815	7.936208971	8.617233021	29.86862511	2.169920095220065	143.29152762258704	16.41339239	1.459214324	1.307308425	153.9923980761582	53.22400141	22.496252813218614	42.34570861	4.344200396786788	67.07289815
1563.875	5.368942371	53.43381235	41.19724528	61.91342598	38.08657402	70.32538244	40.34375627	5.174635552	7.915420523	8.411956454	29.67461756	2.1790659406910367	143.24558574864633	16.35515062	1.473225203	1.320251874	152.5614576512723	52.56485843	22.496265956373275	41.07745886	4.62478576392472	64.50834274
1564	5.523467173	53.33682874	41.13970409	61.08737319	38.91262681	69.33067676	40.27053142	5.165243469	7.901053851	8.243303574	30.66932324	2.181849373055262	143.26398961438196	16.40418457	1.49202151	1.338052066	150.94346900706168	52.43746898	22.496274545899112	40.8095181	5.005873757624356	62.3465836
1564.125	5.670300371	52.93849844	41.39120119	59.49185772	40.50814228	67.56943161	39.96978289	5.126668379	7.842047173	8.077573895	32.43056839	2.177658186115213	143.14938220460644	16.50973175	1.486840468	1.336617776	149.37860904798333	51.57275578	22.496279569444855	41.4429009	5.379789899475643	63.94079924
1564.25	5.667870984	52.40020095	41.93192807	60.96082467	39.03917533	68.96297618	39.56335591	5.07453859	7.762306446	8.002151509	31.03702382	2.1676226836325436	142.77449673163608	16.50456787	1.491606753	1.342353517	148.18813791124867	53.07999882	22.49628306986105	42.98017621	5.629896965339213	65.87607265
1564.375	5.780330357	53.39317033	40.82649931	61.40273138	38.59726862	69.61345793	40.31307062	5.1706997	7.909400016	8.210726553	30.38654207	2.1546327809649237	142.2254475672562	16.43407883	1.4939579	1.345619069	147.49862037884049	53.36921199	22.496287948204404	41.30064845	5.72280238250273	63.93698454
1564.5	5.710564079	53.96266151	40.32677441	61.77505773	38.22494227	69.9762633	40.74304954	5.225850346	7.993761621	8.20120557	30.0237367	2.1423586472576712	141.76136348985918	16.30135259	1.49075726	1.343575874	147.28209645796542	50.27517832	22.496297702272333	37.51867115	5.702936426813595	57.39345551
1564.625	5.677689016	54.13385096	40.18846003	61.72579617	38.27420383	69.99666084	40.87230151	5.24242867	8.019120779	8.270864673	30.00333916	2.1338841605116428	141.6159514491591	16.11255701	1.508994952	1.35967523	147.48681958170232	50.00526636	22.496315989803477	39.69596028	5.616646092685943	62.62984276
1564.75	5.748704001	54.39332599	39.85797001	61.00219254	38.99780746	69.13617803	41.06821112	5.267556742	8.057558126	8.133985491	30.86382197	2.131054101081578	141.92480490546467	16.11664065	1.510949426	1.361973321	148.04363954948707	52.3540284	22.496346186982265	40.9450531	5.489097466232779	65.92335701
1564.875	5.917919414	53.33468389	40.7473967	61.11004478	38.88995522	69.22759708	40.26891201	5.165035758	7.900736124	8.117552299	30.77240292	2.1343942948664805	142.76415089898984	16.21098336	1.500987111	1.354461604	148.69167877147967	51.47645341	22.4963909220454	38.87373209	5.359397518128874	66.08965397
1565	6.039184563	52.8078026	41.15301283	61.96029424	38.03970576	70.02042842	39.87110453	5.114011537	7.822686538	8.060134189	29.97957158	2.143201230104153	144.15155061219767	16.22980242	1.50558478	1.359895447	149.0800699483059	51.5317601	22.49645166625023	41.3793385	5.277552084015831	63.88550997
1565.125	6.180674141	53.83077597	39.98854989	60.94409605	39.05590395	69.06366406	40.64347293	5.213078291	7.97422475	8.119568011	30.93633594	2.155745046110006	145.93422107838308	16.34673623	1.496642532	1.351709085	149.0024304742602	52.33753168	22.49652832566957	41.49925113	5.249940643918982	64.73217607
1565.25	6.242056619	52.95561966	40.80232372	60.68570494	39.31429506	69.00813108	39.9827098	5.128326432	7.844583425	8.322426135	30.99186892	2.1697269910040555	147.75043070232127	16.39548143	1.500009828	1.353339645	148.5130775044912	52.48640213	22.496618944724595	42.08425283	5.229091771477647	65.13925791
1565.375	6.151668355	52.81321244	41.0351192	60.00833569	39.99166431	68.33669796	39.87518908	5.114535437	7.823487925	8.32836227	31.66330204	2.1828762970438405	149.24566396943305	16.3419616	1.525022624	1.372448216	147.78225143685063	53.53540899	22.496719747497966	42.3532933	5.1824311907903375	65.01756907
1565.5	6.210542006	53.57045097	40.21900703	59.26357752	40.73642248	67.67345317	40.44692157	5.187867905	7.935661492	8.409875653	32.32654683	2.193302028623999	150.28627130770977	16.44370263	1.519393238	1.365285779	147.00835349737986	53.8662611	22.496825340072782	41.0610944	5.14053887143038	64.48337436
1565.625	6.126626315	52.79155861	41.08181507	60.28463171	39.71536829	68.68183575	39.85883994	5.112438437	7.820280234	8.397204044	31.31816425	2.1994288263134036	150.962793220735	16.4759487	1.517126925	1.363429003	146.45906881632638	51.72650869	22.496929174731157	41.0238415	5.150022399142302	62.33898401
1565.75	6.096411643	52.68874209	41.21484626	60.55724335	39.44275665	68.75028013	39.78121111	5.102481483	7.805049503	8.193036785	31.24971987	2.2000383524178706	151.34661795918532	16.57628852	1.513319278	1.359455161	146.3920072238433	52.75800889	22.49702415350803	41.1469698	5.201878961060528	61.60162687
1565.875	5.933223879	51.90549906	42.16127706	59.18100258	40.81899742	67.38178397	39.18984462	5.026630686	7.689023756	8.200781387	32.61821603	2.194816044431535	151.43262985411445	16.80468472	1.494535521	1.342223325	146.91272271625667	51.67528841	22.497103266462968	41.6819185	5.248307470159215	61.8763566
1566	5.798186823	51.32217229	42.87964089	58.71701412	41.28298588	66.91768095	38.7494195	4.970140173	7.602612615	8.200666826	33.08231905	2.1847775868766215	151.3101538582738	16.89808023	1.490219815	1.338656195	147.90617512366146	53.63320187	22.497160300583538	43.37767363	5.271064924976398	63.5862112
1566.125	5.930006498	51.94727449	42.12271901	59.64080364	40.35919636	67.77564389	39.22138603	5.030676301	7.695212161	8.134840244	32.22435611	2.171751152268064	151.269058667049	16.99632485	1.480107138	1.329053692	149.18173054664499	53.46847904	22.49719041991579	43.28653812	5.296627320786446	64.99615312
1566.25	6.017621632	51.63843054	42.34394783	60.65437699	39.34562301	68.91916125	38.98820175	5.000767245	7.649461547	8.264784254	31.08083875	2.1574498077429105	151.55941991866695	16.93816177	1.483059529	1.332157189	150.4805947740021	53.75626869	22.49719066585235	44.31132972	5.359128486949344	65.22831321
1566.375	6.114168787	52.42464735	41.46118386	59.56918347	40.43081653	67.82585531	39.58181351	5.076906028	7.765927815	8.25667184	32.17414469	2.1430959569365746	152.15791386593193	16.82421591	1.480900814	1.33155468	151.47346909196304	54.24165177	22.497160281237203	43.46210063	5.48806698646524	64.67149258
1566.5	5.976744573	52.29726147	41.72599396	60.52105873	39.47894127	68.82298463	39.48563424	5.064569729	7.747057501	8.301925901	31.17701537	2.1295865966636573	152.88306278276502	16.71038617	1.478996756	1.331383706	151.82872566849844	52.57736965	22.49710078689326	40.74917734	5.713266580458842	61.69575453
1566.625	6.026798625	52.95500404	41.01819733	61.43721424	38.56278576	69.59045737	39.982245	5.128266814	7.84449223	8.153243133	30.40954263	2.1176186604306118	153.62735241828713	16.62342298	1.473101371	1.327571208	151.48297643002314	51.23189099	22.497015865137357	41.42882824	6.044862318488439	64.68648314
1566.75	6.00795944	52.37252255	41.61951801	62.67778824	37.32221176	70.93931538	39.54245809	5.07185816	7.758206305	8.261527143	29.06068462	2.1076355444273127	154.35746428996137	16.59091366	1.455587466	1.313771627	150.66196199899105	53.32774623	22.496911021881235	42.31676161	6.443912134282094	68.56793165
1566.875	6.152699403	52.44783715	41.39946345	62.46273501	37.53726499	70.78674198	39.59932234	5.079151774	7.769363037	8.324006973	29.21325802	2.1000312061338557	154.9223331401926	16.44359464	1.454919646	1.31442692	149.66850187714292	52.88458389	22.49679308444429	41.04681015	6.826327612633491	66.4211452
1567	6.067299686	53.62262446	40.31007586	62.61987466	37.38012534	71.04891325	40.48631375	5.192920489	7.943390215	8.429038592	28.95108675	2.0954625403799745	155.06792371953182	16.28009706	1.472803877	1.328956989	148.6807206219548	52.84716361	22.496669546473935	41.76680744	7.105387567472764	67.34547615
1567.125	6.237460219	54.61983213	39.14270765	61.22467396	38.77532604	69.78870121	41.23922846	5.289492043	8.091111625	8.564027251	30.21129879	2.0949253857600496	154.66107534910662	16.01003675	1.513718661	1.363867529	147.82515380898494	54.04215422	22.4965479499835	39.94642496	7.235330723803548	66.23697877
1567.25	6.240019126	55.37391163	38.38606924	60.7849947	39.2150053	69.30010704	41.80857582	5.362518586	8.20281723	8.515112343	30.69989296	2.0993217522326377	153.8053320107617	15.78480008	1.559717851	1.401977423	147.18645872452146	50.38110931	22.496435253907514	37.93319762	7.2291108393100725	60.23768783
1567.375	6.413579061	55.08465897	38.50176197	59.38005452	40.61994548	68.01502742	41.59018341	5.334506789	8.159968772	8.634972895	31.98497258	2.1091110104277138	152.65430505215951	15.66615308	1.592412844	1.42945417	146.72887333787077	52.20816565	22.49633718531591	37.36202717	7.137468781020798	69.31579709
1567.5	6.313754582	55.08856397	38.59768145	59.92345091	40.07654909	68.44342508	41.59313178	5.334884957	8.16054724	8.519974172	31.55657492	2.1242439807820634	151.27904558906857	15.66790187	1.601493577	1.437829013	146.29572273582167	51.64296475	22.496257676858978	37.95904517	7.01680204325933	60.49138904
1567.625	6.229828637	54.75534901	39.01482235	60.05167707	39.94832293	68.38098436	41.34154682	5.302615764	8.111186424	8.329307288	31.61901564	2.144202588447608	149.80740322463265	15.77688986	1.606771665	1.443134952	145.78408458928328	50.17589478	22.496198610454726	38.69729638	6.903874582177856	58.73259902
1567.75	6.379264682	54.41480548	39.20592984	58.70766418	41.29233582	66.8294476	41.08442863	5.269636858	8.060739991	8.121783421	33.1705524	2.1677219100070033	148.52340918836072	15.85633437	1.61211992	1.44885862	145.16954333448066	51.6684585	22.496159843013846	40.17267823	6.814638346589411	63.78698945
1567.875	6.466195322	54.43813355	39.09567113	57.73694282	42.26305718	65.94000019	41.10204186	5.271895994	8.064195696	8.203057362	34.05999981	2.1927285344043583	147.65498411230902	15.89688922	1.623369412	1.46086019	144.46535487688388	53.92563771	22.49613942147313	40.14639258	6.760838920794419	63.16527724
1568	6.613000099	54.80217628	38.58482362	58.14449102	41.85550898	66.16331126	41.37690249	5.307150609	8.118123184	8.018820241	33.83668874	2.216860008012614	147.17590716983818	15.98497946	1.643295587	1.479078511	143.65731527352153	51.00210944	22.496134057636446	37.77354658	6.757044885416743	57.65443444
1568.125	6.4788887	54.1548041	39.3663072	56.59489428	43.40510572	64.41420611	40.88812161	5.244457813	8.022224673	7.819311827	35.58579389	2.238262607825844	146.92437320500255	15.93451361	1.68197009	1.511180647	142.76647436268502	50.84904832	22.496139679186697	39.14167881	6.806733503870644	59.78166461
1568.25	6.32448415	55.4018282	38.27368765	54.9806748	45.0193252	62.91796807	41.82965346	5.365222081	8.206952652	7.937293271	37.08203193	2.25577623868497	146.8269986871309	15.94769943	1.713475581	1.536612676	141.8353482000589	52.51133495	22.49615204171711	39.87284303	6.892790105222376	58.95861387
1568.375	6.334347577	54.7591107	38.90654172	54.05195659	45.94804341	62.0394545	41.34438698	5.302980053	8.111743662	7.987497909	37.9605455	2.268705926600795	146.8939310097088	16.02471758	1.739327423	1.556396358	140.97802199200106	52.08388474	22.496167315049647	38.3857429	6.996376821517098	57.81428218
1568.5	6.270576577	54.52846833	39.20095509	54.17874612	45.82125388	61.96493436	41.1702467	5.280644193	8.077577444	7.786188242	38.03506564	2.2767140905513212	147.07319512173171	15.95353723	1.754805442	1.569764788	140.34680046877145	51.21321701	22.49618252925238	36.93811893	7.0997711796640575	55.2962184
1568.625	6.284005328	55.0853243	38.63067037	55.73737619	44.26262381	63.43944982	41.59068575	5.33457122	8.16006733	7.702073625	36.56055018	2.279934633773632	147.20496819346405	16.06285813	1.747619033	1.564511111	140.09734532603767	50.60588701	22.49619593784886	37.66956329	7.164833358458285	55.04611731
1568.75	6.469113127	54.26884801	39.26203886	54.42636008	45.57363992	62.12844578	40.97422739	5.25550205	8.039118574	7.702085693	37.87155422	2.2788320235306205	147.1260136128713	16.02151517	1.761821478	1.577936554	140.2648957832622	51.14854323	22.49620718283142	39.13113475	7.126998452881757	59.52279568
1568.875	6.285617073	55.34511515	38.36926778	53.14281638	46.85718362	60.84900843	41.78683381	5.359729877	8.198551461	7.706192051	39.15099157	2.2739752223232133	146.71369954824195	15.88222839	1.777973727	1.591841767	140.67288849333863	52.66765897	22.496217289329984	38.38940263	6.93722520693742	58.93660784
1569	6.135196557	56.05676246	37.80804099	54.23168264	45.76831736	62.07331913	42.32414388	5.428647203	8.303971372	7.841636494	37.92668087	2.2661285390366412	145.8378420654315	15.80316902	1.815683261	1.619606758	141.00677175323023	51.03939404	22.496228507951734	37.21156716	6.6081115709124205	56.23261929
1569.125	6.082915258	56.2674835	37.64960124	52.75843874	47.24156126	60.80457217	42.48324311	5.449053844	8.335186545	8.046133424	39.19542783	2.2565393696653304	144.3883563435254	15.65477806	1.862818074	1.653369068	140.99938833690578	50.6705909	22.496243998005355	37.9850626	6.211056702779846	55.86796999
1569.25	5.966334989	56.25893654	37.77472847	51.34732458	48.65267542	59.5608229	42.47678996	5.44822614	8.33392044	8.213498321	40.4391771	2.246890426312024	142.44391499946488	15.52338925	1.91195977	1.687453009	140.57982824044902	51.42535614	22.49626738244487	37.5659883	5.829478336567522	58.47858787
1569.375	5.87267793	57.11271051	37.01461156	49.9824243	50.0175757	58.30986366	43.12140893	5.530907291	8.460394291	8.327439359	41.69013634	2.2387609600414384	140.28151743683122	15.40686683	1.955650347	1.720144935	139.77229551500713	52.1651499	22.496302266783168	37.54834533	5.522173205270455	57.12979436
1569.5	5.70852239	57.68045036	36.61102725	51.34977118	48.65022882	59.43018993	43.55006556	5.585888336	8.544496462	8.080418755	40.56981007	2.2331780396967744	138.1928590111877	15.3174634	1.990773296	1.745635916	138.63538116948015	51.96765556	22.496351774879727	37.29175329	5.333425228614789	54.19994593
1569.625	5.704698476	57.52016296	36.77513856	50.47105454	49.52894546	58.74944873	43.42904489	5.570365789	8.52075228	8.278394187	41.25055127	2.2307079836942263	136.33821726868604	15.15590846	2.008296094	1.761612694	137.28414645247219	50.38654577	22.49641801051137	36.25975847	5.2976255780201775	54.25063372
1569.75	5.75259062	58.01921536	36.22819402	51.73747611	48.26252389	59.88911595	43.80584092	5.618695005	8.594679433	8.15163984	40.11088405	2.2316494449062105	134.84483622305032	15.01812275	1.99087305	1.751135269	135.92489877633662	50.1759791	22.496501532130097	37.13754416	5.414005725714219	55.45547605
1569.875	5.626921087	58.35366455	36.01941436	53.25209155	46.74790845	61.43303924	44.05835775	5.651083723	8.644223081	8.180947685	38.56696076	2.2357761420308444	133.8282376952755	14.9083328	1.98502441	1.747246006	134.7516868659433	52.39384428	22.496601055606448	35.8546406	5.628908211773266	58.78941417
1570	5.637483753	58.68217469	35.68034156	53.30312683	46.69687317	61.53647287	44.30639045	5.682897291	8.692886947	8.233346041	38.46352713	2.2418744306003924	133.29143417328703	14.68637239	1.984356743	1.750639654	133.82844424744872	48.97842971	22.496713474010193	34.90014672	5.872188700392209	55.68623543
1570.125	5.671319826	59.63568622	34.69299396	53.4973014	46.5026986	61.78870667	45.02631357	5.775237224	8.834135426	8.291405271	38.21129333	2.247904624993646	133.05019907150273	14.57065447	1.980542486	1.749779521	133.14745094176232	51.11549879	22.496833998474052	35.31162739	6.094881817545751	56.47626519
1570.25	5.542153249	59.1544474	35.30339935	53.56625367	46.43374633	61.62654829	44.6629672	5.728633111	8.76284709	8.060294617	38.37345171	2.2514816248705287	132.8992888266406	14.40622399	2.011228574	1.777912892	132.74745751900304	50.00716461	22.496956523075582	33.75785947	6.2660360650768165	55.63709736
1570.375	5.400075842	60.26870074	34.33122342	52.66251307	47.33748693	60.55010228	45.50425408	5.836539597	8.927907065	7.887589203	39.44989772	2.250363756532273	132.764269414798	14.34273496	2.043345023	1.805825073	132.73569921569543	49.23725268	22.497074084261257	32.9318732	6.346615112450141	54.43995595
1570.5	5.481820309	59.62718342	34.89099627	51.26608287	48.73391713	59.16266795	45.01989376	5.774413796	8.832875863	7.896585082	40.83733205	2.2429280014423676	132.65081987789176	14.33798548	2.072936488	1.832184658	133.15662569266513	49.70050705	22.497179349273654	34.30604935	6.291228936863154	55.61178923
1570.625	5.438508615	60.03278324	34.52870815	50.92540999	49.07459001	58.66802468	45.32613094	5.813692881	8.892959413	7.742614687	41.33197532	2.228917280567456	132.50206530188058	14.35955644	2.108017355	1.859451648	133.94302578378702	49.94143058	22.49726519701013	34.86360312	6.081940166928343	55.27658463
1570.75	5.460486303	59.267299	35.2722147	50.15667836	49.84332164	58.08963364	44.74817275	5.739561881	8.779564366	7.932955279	41.91036636	2.2098499170940133	132.24051031503942	14.5565201	2.111909012	1.857634182	135.06832157463367	50.64731848	22.497325168198678	35.10500193	5.755830283213766	54.36347723
1570.875	5.569564772	58.35486784	36.07556739	49.73327112	50.26672888	57.82300033	44.05926626	5.651200252	8.64440133	8.089729214	42.17699967	2.1887329129091144	131.96826262624677	14.74965865	2.082975209	1.83031122	136.57083311601912	50.14366238	22.49735390061507	35.73285639	5.3907647045112155	53.74727249
1571	5.475357824	57.52647964	36.99816253	51.20842248	48.79157752	59.31568422	43.43381413	5.570977509	8.521688003	8.107261734	40.68431578	2.169287265443981	131.9530765191463	14.98198344	2.048126523	1.796732018	138.48402555813738	50.06244691	22.4973475210888	36.87377572	5.056222184659427	53.72347236
1571.125	5.385230185	57.51755058	37.09721923	50.77967747	49.22032253	58.8287214	43.42707249	5.570112801	8.520365295	8.049043933	41.1712786	2.154985398925037	132.46137723514414	15.19393284	1.993266621	1.748349502	140.70735959574884	49.9441985	22.497303917651145	38.12126517	4.785871950937677	54.71437573
1571.25	5.253437251	56.81675753	37.92980522	52.13553248	47.86446752	60.35243946	42.89795763	5.502246622	8.416553281	8.216906986	39.64756054	2.148360167486713	133.6881846377614	15.40258865	1.930449873	1.695721365	143.08912778112241	52.2484143	22.497223082206546	39.44944739	4.584345194279942	54.93023396
1571.375	5.231839946	55.90535087	38.86280919	52.63541141	47.36458859	60.75941275	42.20982465	5.413984207	8.281542008	8.124001336	39.24058725	2.1504980534355305	135.78701153185082	15.64448398	1.891802425	1.663009199	145.44573366895995	52.36791689	22.49710730713697	40.21328688	4.435861490600867	56.19104505
1571.5	5.201945092	54.94383106	39.85422385	51.7179753	48.2820247	59.62406823	41.4838551	5.320868737	8.139107222	7.906092934	40.37593177	2.1608833533351257	138.74787879302593	15.97321725	1.832327139	1.613736911	147.60389642149562	52.0090633	22.496961219641896	40.90940952	4.294237411314875	57.06543326
1571.625	5.084710984	53.91989922	40.99538979	52.33795184	47.66204816	60.08179244	40.71076303	5.221709162	7.987427027	7.743840598	39.91820756	2.177272848325623	142.24990660107952	16.21331455	1.812649338	1.597787097	149.3769110901932	52.91511462	22.49679164734772	41.00775123	4.093496548910878	56.29159808
1571.75	4.942583333	54.43517648	40.62224019	50.95698861	49.04301139	58.66835914	41.0998092	5.271609626	8.06375765	7.711370535	41.33164086	2.1960019665280934	145.78865535623044	16.46198098	1.793933169	1.581003285	150.60770365609025	52.14598264	22.496607400764937	41.50730371	3.791483387135563	56.78162575
1571.875	5.055482679	53.3827449	41.56177242	51.42216648	48.57783352	59.3195575	40.30519918	5.169690081	7.907855644	7.897391016	40.6804425	2.2126859781718835	148.94763844672553	16.65432831	1.7701028	1.559459189	151.26044486833325	52.69588856	22.49641897775671	43.30248237	3.4005639228152758	59.20341015
1572	5.165668088	52.85506	41.97927192	51.83605901	48.16394099	59.8255474	39.90678495	5.118588036	7.829687014	7.989488391	40.1744526	2.2233617320274033	151.56446862890715	17.576291	1.536827065	1.376793552	151.4167791000413	53.49840764	22.496238126304235	47.32883573	2.97022969702773	73.71985316
1572.125	1.718851204	43.76620917	54.51493963	96.58885825	3.411141754	96.94880481	38.27461549	1.49953242	3.992061257	0.359946567	3.051195187	2.22552046925609	153.67320644162646	18.63594809	1.288004232	1.182080555	151.18203657410163	55.11794382	22.496077405037532	51.11083388	2.5480887057544104	82.32220411
1572.25	1.751505279	42.68100655	55.56748817	94.28185182	5.718148177	94.63636714	37.32557938	1.462350846	3.893076323	0.354515319	5.363632858	2.21858969912773	155.39325051753846	19.55461188	1.049737451	0.99677914	150.67835363153284	55.94362944	22.495949780752774	60.18304229	2.173923106059296	93.43245029
1572.375	1.801204472	43.1062579	55.09253763	96.95790683	3.042093174	97.31107918	37.69747204	1.476920949	3.93186491	0.353172358	2.688920816	2.2040361551604497	156.85432011645753	20.54506042	0.816150181	0.815112615	150.15524930721898	57.0411242	22.495868132949845	53.24480534	1.8895953341166438	91.11053348
1572.5	1.778854121	41.90302678	56.3181191	96.58264106	3.417358944	96.93077375	36.64521713	1.435695444	3.822114205	0.348132698	3.069226247	2.184972777981775	158.08473366124252	20.66253727	0.81397812	0.812977603	149.9451964863087	55.79769135	22.495844530496274	54.27405238	1.730689027427539	90.32088518
1572.625	1.785591403	42.46927354	55.74513506	95.46027014	4.53972986	95.81655993	37.14041371	1.455096379	3.873763452	0.356289791	4.183440069	2.1653007658267898	159.00916839889652	20.52689493	0.819617403	0.818640564	150.21508125979963	55.68896735	22.495889523371474	54.82074022	1.6955772332717904	91.43708944
1572.75	1.827732077	44.08097442	54.0912935	94.25993618	5.740063821	94.61921897	38.54988537	1.510317011	4.020772041	0.359282791	5.380781029	2.148399158664679	159.48164011968043	20.47396794	0.83502074	0.833969374	150.852253758339	56.66087762	22.49601127532999	55.24623394	1.7437359975115703	91.83382392
1572.875	1.853613277	43.80278755	54.34359918	91.47985685	8.520143155	91.83587214	38.30660417	1.50078568	3.995397692	0.356015296	8.164127859	2.136435256306598	159.49275942197175	20.43588954	0.853703239	0.852567203	151.57541033645887	56.81178476	22.49621487886042	55.13184071	1.8266459849942702	93.86844039
1573	1.85164465	42.47174249	55.67661286	89.47510622	10.52489378	89.82340535	37.14257287	1.455180971	3.873988653	0.348299128	10.17659465	2.1303714110270136	159.15833753292	20.35022534	0.867251907	0.866063458	152.13632740475987	56.66184183	22.496501848322055	53.83788347	1.9092360586750106	89.83105421
1573.125	1.833939733	43.48067477	54.6853855	91.33331505	8.666684946	91.68982429	38.0249087	1.489749345	3.966016716	0.35650924	8.310175706	2.1302255956322895	158.6479653133082	20.30566719	0.869936475	0.868735785	152.3409071575412	55.050595	22.49686954795379	53.43903899	1.9590440991148996	91.50124788
1573.25	1.814395128	44.58399907	53.6016058	93.95103375	6.04896625	94.30822018	38.98979267	1.527551809	4.066654589	0.357186426	5.691779824	2.135141094818108	157.9760088383543	20.21294995	0.871573921	0.870376954	152.0246618382754	56.19915528	22.49731098611673	54.05974984	1.938846964438639	93.33181381
1573.375	1.863810383	44.76641825	53.36977136	92.42892327	7.57107673	92.79061829	39.14932269	1.533801916	4.083293649	0.36169502	7.20938171	2.1435269919293747	157.06422488729007	20.09923037	0.86891676	0.867776941	151.14273647567057	56.41772694	22.49781487701755	53.48618627	1.8345962066361707	93.0362165
1573.5	1.898383574	43.56982029	54.53179614	92.38621869	7.613781305	92.74226358	38.10286864	1.492803678	3.974147975	0.356044881	7.257736424	2.1535916952629277	155.904480431241	19.96275621	0.866445608	0.865446635	149.8540298478261	55.56325988	22.498366042309996	52.89552808	1.6750940392023241	90.93060493
1573.625	1.955126123	44.74567953	53.29919434	94.64611171	5.353888286	94.99769622	39.13118617	1.533091359	4.081402001	0.351584511	5.002303775	2.163605667225624	154.64140772947195	19.84952592	0.863216553	0.862375425	148.42671402370854	56.04331434	22.498946272650706	53.1242907	1.511927909990587	91.69988036
1573.75	1.992202944	45.53986587	52.46793118	97.26935039	2.73064961	97.63078222	39.82572146	1.560302036	4.153842374	0.361431828	2.369217781	2.1719768278594778	153.46194802339625	19.74262381	0.858818249	0.858122943	147.04649136625068	56.64535181	22.49953513165974	52.47386098	1.3788693272222199	92.56871939
1573.875	1.990931468	45.69138335	52.31768518	96.05519228	3.944807715	96.41640046	39.95822719	1.565493378	4.167662787	0.36120818	3.583599535	2.177324752590234	152.4490688792136	19.56470598	0.852516998	0.851906476	145.78383719221378	55.90833378	22.500110905461746	52.22771764	1.2834160378265294	91.44791365
1574	1.942699842	45.26478242	52.79251774	98.13123866	1.868761341	98.5026414	39.58515429	1.550877035	4.128751099	0.371402742	1.497358599	2.179052354083275	151.6301478200135	19.39161378	0.857512782	0.856801794	144.67536612795226	55.80654339	22.500651723450673	51.89364552	1.2252647623438868	93.45994592
1574.125	1.884890703	46.64162171	51.47348759	95.78348362	4.216516382	96.16270403	40.78923376	1.59805076	4.254337182	0.379220416	3.837295966	2.17748972627838	150.99452559553237	19.26355705	0.872302551	0.871392946	143.78656430584704	56.41768751	22.50113683979498	51.843822	1.203253519334887	92.14427471
1574.25	1.898825339	47.12490219	50.97627247	93.7331531	6.266846902	94.12076137	41.21187432	1.614609077	4.2984188	0.387608271	5.879238631	2.173461957353543	150.464018096836	19.21247841	0.880047643	0.878931433	143.20606457030547	54.85677419	22.50154799200385	51.72718167	1.20307479537592	91.70733094
1574.375	1.856533444	46.43205828	51.71140827	93.93077531	6.069224686	94.32286607	40.60596545	1.590870629	4.235222206	0.392090755	5.67713393	2.1676702568337953	149.82945702628024	19.0386681	0.898516288	0.897215946	142.9555597904926	55.75870847	22.501870551951285	51.16729736	1.1996244417676964	93.49265695
1574.5	1.892493543	47.32784045	50.779666	93.87895514	6.121044857	94.27578973	41.38934877	1.621562215	4.316929472	0.39683459	5.724210268	2.1606166078008746	148.93705831533998	18.92506141	0.912239514	0.910813054	142.95884775703018	56.05314035	22.502094448903087	50.12947321	1.188784215908462	93.79353523
1574.625	1.880616344	47.97404762	50.14533604	92.63092041	7.369079589	93.03032892	41.95447267	1.64370278	4.375872174	0.399408507	6.969671082	2.152894893818116	147.89810547722607	18.82003897	0.918336133	0.916872292	143.0824672558269	54.7410157	22.50221464820215	50.3012836	1.1960618795203468	93.98895502
1574.75	1.870041622	48.2959535	49.83400488	93.39741544	6.602584561	93.78613933	42.23598719	1.654732027	4.405234278	0.388723888	6.213860673	2.145249734042017	147.00323730603878	18.61260136	0.930243315	0.92871113	143.251166205097	55.56337656	22.50223105858774	50.16417503	1.2457649938761903	94.48743463
1574.875	1.825746765	48.72141597	49.45283726	93.28319725	6.716802753	93.68181014	42.60806449	1.669309364	4.444042123	0.398612893	6.318189859	2.1384992989098635	146.45933112436973	18.48536733	0.938156668	0.936572478	143.47005694465383	55.42167672	22.502148035979822	48.25877845	1.332475864002513	93.05061102
1575	1.825816932	48.77925792	49.39492515	93.31302303	6.68697697	93.70371087	42.65864868	1.671291164	4.449318079	0.390687842	6.296289127	2.133572562714211	146.29686914355307	18.51646376	0.936808337	0.935176861	143.76821562507487	55.1851808	22.50197368641318	49.64250624	1.4350235537777083	93.38006973
1575.125	1.796110891	47.7117947	50.49209441	92.56568376	7.43431624	92.96227246	41.7251261	1.634717384	4.351951214	0.396588703	7.037727537	2.1316472864344274	146.53087634261286	18.48528192	0.933994269	0.932332495	144.13562025361037	54.75950455	22.50171895673152	49.35485721	1.5376385341989425	93.58155131
1575.25	1.771769977	48.6678383	49.56039172	95.06016596	4.939834037	95.44794388	42.56120951	1.667473668	4.439155126	0.387777916	4.552056121	2.1336016839178926	147.17352289233818	18.37954756	0.934726461	0.933082848	144.49333659552508	54.85871688	22.501396898446643	49.41695035	1.6283194006651782	94.04086471
1575.375	1.777880082	49.85250132	48.3696186	95.05185302	4.948146976	95.44237285	43.59722616	1.708062986	4.547212173	0.390519828	4.557627148	2.1391642088082063	148.13281287719101	18.27525915	0.941929981	0.940220466	144.78635162789044	54.77967869	22.501021760303082	48.57676327	1.6901653652497526	92.67629385
1575.5	1.780082837	49.96405234	48.25586483	92.71589109	7.284108905	93.11132343	43.69478024	1.711884984	4.557387111	0.39543234	6.888676565	2.1467692358628536	149.1576207933987	18.08561066	0.952876435	0.951130497	145.00601080663495	53.86669252	22.500607931182394	48.33793044	1.7086602906540205	91.76519513
1575.625	1.780731208	49.78685678	48.43241202	92.17783557	7.822164434	92.57396167	43.53981841	1.705813851	4.541224516	0.396126099	7.426038334	2.15439364348028	150.0093449931162	18.06941595	0.956790279	0.95495996	145.15188168232265	55.49525695	22.50016923518693	48.83690476	1.687029671704088	92.63949394
1575.75	1.751535324	48.89494544	49.35351924	93.90193399	6.09806601	94.30768761	42.75982023	1.675254888	4.459870321	0.405753625	5.692312385	2.1601956995961173	150.581713672862	18.28714851	0.953529795	0.951610594	145.15681945874826	54.58967286	22.499718353475316	49.66175258	1.6458160879306791	92.36303568
1575.875	1.730578511	47.626112	50.64330949	92.14620426	7.853795737	92.54287773	41.6501945	1.631781694	4.344135811	0.396673472	7.457122266	2.162542666159115	150.8597175658929	18.60406821	0.932361201	0.930444171	145.0270074447278	55.11910967	22.499266470370873	50.10643005	1.6085022507020301	93.37465763
1576	1.687652341	46.55975563	51.75259203	94.69559186	5.30440814	95.09705528	40.71763988	1.595245838	4.246869905	0.401463422	4.902944718	2.160183734911109	150.75754876453803	18.78281134	0.915124206	0.913217526	144.86458586003639	56.15046706	22.498823074890893	50.50364733	1.5860121507446592	93.55489016
1576.125	1.717798377	47.82000843	50.46219319	95.16376697	4.836233028	95.57341018	41.81976165	1.638425039	4.361821748	0.409643204	4.426589824	2.152836628834489	150.14570509186711	18.82166936	0.913723009	0.911770093	144.70146801966376	55.82874377	22.498395674850382	50.28991103	1.580385363266673	93.70912313
1576.25	1.705172348	48.52118581	49.77364184	93.69337273	6.306627266	94.10562176	42.43295833	1.662449011	4.425778465	0.412249026	5.89437824	2.141500661525138	149.02542881057732	18.65429331	0.915387842	0.913405168	144.33995680937716	55.97866647	22.49798988448385	49.91310835	1.5935689411078209	94.27214265
1576.375	1.705763186	49.38255646	48.91168035	94.6776263	5.322373696	95.09532372	43.18624794	1.691961579	4.504346942	0.417697417	4.904676279	2.128172994748662	147.61129405366208	18.29885175	0.939117009	0.937019692	143.55626089681857	54.17293832	22.49760977443777	49.09670055	1.6271152952843524	93.48022342
1576.5	1.676117758	50.47286383	47.85101841	92.56939311	7.43060689	92.97868375	44.13974828	1.729318053	4.603797498	0.409290638	7.021316251	2.115470514616681	146.17297617582898	18.09349161	0.951833079	0.949650126	142.36620043864585	55.20234347	22.49725836440172	48.60171676	1.6699066067486363	92.20277071
1576.625	1.668660933	50.10783885	48.22350022	94.32085126	5.679148745	94.73607903	43.82052505	1.716811445	4.570502357	0.415227778	5.263920967	2.1063165188865005	144.83834481445152	17.82692979	0.96681511	0.964579044	140.9938599699147	55.49780826	22.496938085633783	47.64075875	1.697647261822072	92.32289791
1576.75	1.671943496	51.43836798	46.88968852	93.46457138	6.535428623	93.8752714	44.98410517	1.762398477	4.691864337	0.410700025	6.124728598	2.1034348958219433	143.6124663950577	17.52270349	0.984566416	0.982294204	139.59736284670018	53.8990443	22.496650989607865	46.31941319	1.6895903467393694	93.01160574
1576.875	1.675312535	52.70696039	45.61772707	94.38938436	5.610615645	94.79784166	46.09352012	1.805863412	4.807576863	0.408457304	5.202158341	2.1084003462367424	142.47396078871586	17.28062188	0.987384845	0.985202656	138.18997520790924	53.78990409	22.49639882457461	46.13052607	1.6441939430619745	92.40255356
1577	1.691701538	52.96472842	45.34357004	96.47181177	3.528188225	96.87553877	46.31894454	1.814695147	4.831088741	0.403726992	3.124461233	2.1208061581715825	141.44194555959652	17.08844894	0.996933364	0.994829034	136.80941833900312	53.62798479	22.49618279700139	45.2477932	1.578011564480803	91.8774724
1577.125	1.72967242	52.12008145	46.15024613	94.73315076	5.26684924	95.12977747	45.58028019	1.785755571	4.754045685	0.396626707	4.870222532	2.1383619786947885	140.50268738706407	16.93001639	0.996918479	0.99494726	135.58183709670516	53.77769578	22.496003214836367	45.76274753	1.51088636715793	92.89488792
1577.25	1.728054383	53.00737477	45.26457085	96.71835749	3.281642509	97.11533407	46.3562398	1.81615631	4.834978655	0.396976575	2.884665934	2.1579657471159828	139.6565944521625	16.86307128	0.993980093	0.992153555	134.6049018651096	53.95517213	22.495859296027806	45.56987882	1.4612446395749479	92.64124632
1577.375	1.755168992	53.28842872	44.95640229	96.81011143	3.189888569	97.20346944	46.60202833	1.825785874	4.860614519	0.393358014	2.796530555	2.1767994407049702	138.9825030032719	16.93977602	0.996449877	0.994633696	133.92148088720455	54.66252703	22.495749108214902	44.64022815	1.4469643353682196	94.14386749
1577.5	1.742572033	52.16220809	46.09521988	94.00422561	5.995774387	94.39868051	45.61712096	1.787198928	4.757888196	0.394454901	5.601319486	2.192743115314557	138.59909799972047	16.85244444	1.010235114	1.008367119	133.59568294650518	52.96560158	22.495669753369178	45.07744908	1.4785294368391568	92.48739481
1577.625	1.710643182	53.1646804	45.12467641	91.86897364	8.131026365	92.25200483	46.49380741	1.821545968	4.849327025	0.383031198	7.747995167	2.2045373822853347	138.438982487123	16.83348408	1.025113452	1.023215259	133.6685294110931	54.90275626	22.495617796047007	45.01550198	1.545282882347515	90.71516991
1577.75	1.748191343	53.33320308	44.91860558	92.05114129	7.948858711	92.4247584	46.64118459	1.827319948	4.864698537	0.373617112	7.575241599	2.211676535500726	138.17344007477183	16.7781437	1.03653928	1.034662865	133.99708771282576	52.60543891	22.49558953265252	43.81320179	1.6189714614871935	90.49721956
1577.875	1.787877374	53.94106115	44.27106148	94.05510203	5.944897966	94.42534349	47.17277127	1.848146583	4.92014329	0.370241456	5.57465651	2.214181580884434	137.49465161297874	16.48628586	1.051537215	1.049816952	134.27250084345962	53.74402308	22.495581327042874	44.3399936	1.6742493775435423	92.37043858
1578	1.83548726	55.20304831	42.96146443	95.09394257	4.906057429	95.4587178	48.27640977	1.891385207	5.035253329	0.364775224	4.541282205	2.212280791557468	136.3564557994946	16.38349887	1.050293822	1.048730478	134.19447661126145	53.98086534	22.495590065671017	43.54132712	1.6992454771592294	91.70529842
1578.125	1.79268543	54.13054783	44.07676674	94.40116736	5.598832643	94.76784356	47.33848199	1.854638839	4.937427	0.366676199	5.232156444	2.206580199871364	134.98375154059664	16.30919417	1.046788262	1.045336877	133.66212272682955	52.61926624	22.495613490887507	43.62535477	1.6971020715368739	92.06178188
1578.25	1.822218869	53.99100432	44.18677681	94.73907273	5.26092727	95.11251041	47.21644779	1.849857753	4.924698772	0.373437685	4.887489585	2.1981540818544563	133.66758978023228	16.19931733	1.049844214	1.048461538	132.74597131149548	53.21372854	22.495650463543285	43.69703829	1.6847546767477601	92.91118383
1578.375	1.85399316	55.0289159	43.11709094	95.3877838	4.612216197	95.76029845	48.12412674	1.885419025	5.019370134	0.372514646	4.239701551	2.1885104475366095	132.69406351160242	16.1177009	1.053320643	1.051948702	131.61281107497075	53.38638797	22.49570106904217	42.34355092	1.6921025834083256	91.07224941
1578.5	1.874648513	56.0288595	42.09649199	95.75690162	4.243098377	96.13331674	48.99860177	1.919679425	5.11057831	0.376415115	3.866683262	2.1791706983834245	132.2813725214949	15.89039269	1.059511345	1.058216594	130.44873871008548	52.88147905	22.495766672121466	42.79279113	1.7486779772612009	91.93576574
1578.625	1.822012741	56.47033756	41.7076497	97.35618082	2.643819178	97.7231351	49.38468508	1.934805493	5.15084699	0.366954279	2.276864899	2.17113921471359	132.4924105423563	15.55559172	1.080070395	1.078818467	129.36686057503078	54.62136948	22.495850035977305	41.51960909	1.8687108516715434	91.42540693
1578.75	1.823744735	57.58507893	40.59117634	95.52575476	4.474245241	95.88643997	50.35955354	1.972999133	5.252526251	0.360685212	4.113560029	2.164555217462868	133.1816205675548	15.32843095	1.087640338	1.086450746	128.2822742722699	52.76802124	22.495955263938605	40.51574469	2.0455323218467374	91.4608717
1578.875	1.84843018	57.40588336	40.74568646	98.05068294	1.949317063	98.41831422	50.20284266	1.966859474	5.236181228	0.367631284	1.581685779	2.158918109680669	134.0380869071589	15.08999192	1.102098319	1.100919306	126.97167475766852	52.08959602	22.49608751958462	40.50523341	2.2570691598396255	92.31693745
1579	1.860483122	58.58950317	39.55001371	96.70042386	3.299576144	97.07513647	51.237947	2.00741305	5.344143121	0.374712613	2.924863531	2.1536551753005297	134.83302621888726	14.96601812	1.104349014	1.103207633	125.39102368913225	52.3103133	22.49625243972396	40.48727751	2.4740555209372803	92.69354343
1579.125	1.815668162	57.74930744	40.4350244	99.52415073	0.475849272	99.89139698	50.50317538	1.978625985	5.267506079	0.367246248	0.108603024	2.1484660088086085	135.4421745241085	14.89639657	1.101261596	1.100150305	123.80556498052508	51.9726775	22.496455356138892	40.47059715	2.6583369707496627	93.01960468
1579.25	1.821951078	58.25770611	39.92034281	98.14489188	1.855108123	98.51441434	50.94778239	1.996044909	5.31387881	0.369522458	1.485585665	2.1435511686110744	135.79356333560355	14.87159222	1.101755034	1.100612807	122.61606211274778	53.02006275	22.496700423880515	40.33565819	2.7693523769233934	93.88171434
1579.375	1.789961543	57.71576995	40.4942685	98.49672016	1.50327984	98.8611422	50.47384603	1.977476912	5.264447014	0.364422036	1.138857805	2.1395062612150966	135.74686843048968	14.9921229	1.091912035	1.090763034	122.05848699550417	52.41899637	22.49698956498171	40.76172113	2.78228578983727	92.24535227
1579.5	1.816343035	57.31893827	40.86471869	96.97308655	3.026913448	97.33980346	50.12680706	1.963880533	5.228250678	0.366716905	2.660196543	2.1369653186222153	135.29243178028287	14.99704709	1.094176148	1.093025458	122.21967143614575	51.93380621	22.497321697975416	39.21963573	2.7041469622184433	89.25377727
1579.625	1.808435824	57.73014764	40.46141653	98.65616591	1.343834086	99.01540505	50.48641967	1.977969525	5.26575845	0.359239134	0.984594952	2.136107451104434	134.6162493217987	15.13366259	1.079956462	1.07886264	123.10928193019114	50.85471143	22.49769233947876	40.26019573	2.5613214563239968	91.37032628
1579.75	1.783573392	56.77220153	41.44422508	99.64110379	0.358896205	99.99	49.64867247	1.945148057	5.178381005	0.348896205	0.01	2.136701559152786	134.00466377767125	15.21424985	1.070935903	1.069862724	124.6040952105038	52.20543179	22.498093534689545	41.12110138	2.3804642931584445	92.26499796
1579.875	1.766816714	56.83257988	41.40060341	99.63105314	0.368946863	99.99	49.7014748	1.94721676	5.183888314	0.358946863	0.01	2.138249841479705	133.64821142785223	15.37017348	1.057585454	1.05651008	126.33399854223255	52.93810752	22.498514278264672	40.15087485	2.1881504280943327	93.55964065
1580	1.746042646	55.67262581	42.58133154	97.84992461	2.15007539	98.2056156	48.68706673	1.907474028	5.078085053	0.355690989	1.794384401	2.1401504525461483	133.64683774474696	15.57918899	1.040505314	1.039425456	127.86362962849697	53.8150728	22.49894113366581	41.98019207	2.020364673546501	90.95541239
1580.125	1.78915647	55.45917757	42.75166596	99.62655204	0.373447956	99.99	48.50040104	1.900160793	5.058615729	0.363447956	0.01	2.1417058386673893	134.10416004012387	15.7999008	1.026252305	1.025149526	129.00724351263605	52.38573673	22.499358873194762	42.51004457	1.914782219640979	90.93979597
1580.25	1.782210829	54.38745346	43.83033571	99.63131584	0.36868416	99.99	47.56315222	1.863441025	4.960860215	0.35868416	0.01	2.1423548292880286	135.07442705180142	16.06052511	1.009536822	1.008428503	129.80779844076736	52.30172041	22.499751276890322	43.44462454	1.8850899912704662	90.94084501
1580.375	1.740799855	54.04032891	44.21887123	99.63369173	0.366308266	99.99	47.25958335	1.851547728	4.929197832	0.356308266	0.01	2.141819275067776	136.41582954281364	16.1356818	0.99969127	0.998596239	130.22380259766695	54.16300545	22.50010195560104	43.50717664	1.913274274250035	92.15381742
1580.5	1.746664195	54.80638953	43.44694627	99.62496031	0.375039687	99.99	47.92952201	1.877794752	4.999072765	0.365039687	0.01	2.140236310865098	137.81179205305597	16.18648817	0.996499268	0.995372615	130.03132653257308	54.85261976	22.500395247077048	43.85766387	1.9693080153999414	92.89889336
1580.625	1.785269517	54.91370072	43.30102976	99.61499087	0.385009128	99.99	48.02336826	1.881471484	5.008860975	0.375009128	0.01	2.137917237760477	138.9918113967092	16.12581441	1.001067978	0.999920881	129.1348937994676	53.38328597	22.500617113962882	43.09303761	2.036049670878296	93.33715439
1580.75	1.787838625	55.04655943	43.16560195	99.34118066	0.658819339	99.7066958	48.13955643	1.886023533	5.020979459	0.365515135	0.293304204	2.1351890107525318	139.86244682203574	16.01747574	1.015710819	1.014473921	127.80007401439298	52.15514698	22.50075601769275	42.19704568	2.10340537375262	91.73594713
1580.875	1.763288646	55.2730165	42.96369485	96.84438778	3.155612222	97.21833381	48.33759866	1.893782481	5.041635361	0.373946028	2.781666193	2.1324404571563287	140.33193862232815	15.87619457	1.040749846	1.039391723	126.47014959221005	52.34055718	22.500803860285146	42.27837026	2.149457207968465	93.21475029
1581	1.738211076	56.49804791	41.76374101	94.35354875	5.646451251	94.71741391	49.40891845	1.935754914	5.153374543	0.363865156	5.282586095	2.130230810057797	140.2311382299441	15.78244126	1.055354506	1.053939244	125.48322642741249	53.15435027	22.50075670650495	42.843467	2.1419052206385154	94.35656667
1581.125	1.735549028	56.06259165	42.20185932	96.69080437	3.309195634	97.0494026	49.02810135	1.920835167	5.113655132	0.358598233	2.950597401	2.1289760948669745	139.46776097247965	15.64421874	1.066843155	1.065363683	125.00314950548511	52.92465955	22.500615247128348	42.5223887	2.0683163824900337	94.14160252
1581.25	1.715344889	56.63477577	41.64987934	98.53303795	1.466962048	98.89403516	49.52849029	1.94043953	5.165845945	0.36099721	1.105964838	2.128653514183157	138.21249671110883	15.40679445	1.078898288	1.077438176	125.14620148686251	53.32032457	22.500384972007815	42.1346724	1.951945336571869	93.59520674
1581.375	1.729780121	57.82784638	40.4423735	98.30854481	1.691455188	98.67370055	50.57185959	1.981316912	5.274669876	0.365155736	1.326299452	2.1288269796195456	136.7592026867689	15.25139794	1.074603238	1.073222425	125.90197848803908	54.36371491	22.50007594437335	41.28473103	1.834772237688504	93.99114847
1581.5	1.728556037	58.03884518	40.23259878	99.36540512	0.634594877	99.73512338	50.75638318	1.988546223	5.293915778	0.369718254	0.264876624	2.128817787318589	135.30755924417065	15.12260316	1.075088167	1.073698909	126.97591424298471	52.6832862	22.499702327802872	40.91823995	1.7495767501625172	93.24094057
1581.625	1.712573806	57.39270573	40.89472046	99.53433694	0.46566306	99.90912786	50.1913185	1.966407978	5.234979253	0.374790916	0.090872144	2.1277069042257417	133.9228760847218	15.0435026	1.077447012	1.076003053	127.82771308260115	52.19113262	22.49928152826729	41.01833105	1.713994555974391	94.98060346
1581.75	1.708313357	57.46471181	40.82697483	99.6040423	0.395957704	99.99	50.25428957	1.968875074	5.241547167	0.385957704	0.01	2.124426909012082	132.62208196754653	15.06446275	1.0721039	1.070600352	128.06634670249363	54.12955684	22.498833071632234	41.12792611	1.7411245238187987	94.07198429
1581.875	1.668338961	57.62220044	40.70946059	99.61046921	0.389530794	99.99	50.39201721	1.974271002	5.255912228	0.379530794	0.01	2.1182698565331477	131.48473392759888	15.00991897	1.083744497	1.082101241	127.67365892749504	52.92658405	22.498377620821238	40.02761543	1.8371319774631831	91.90021753
1582	1.684268831	58.74051884	39.57521233	96.93846766	3.061532345	97.32444634	51.37001388	2.012587199	5.357917762	0.385978681	2.675553664	2.109678411704149	130.6010259279421	14.935033	1.10102555	1.099230423	126.83686399287755	51.91499727	22.497935968542528	40.71944356	1.9853304985515674	92.78401136
1582.125	1.674789298	58.34727633	39.97793437	95.72381099	4.276189008	96.10941288	51.02611373	1.999113794	5.322048807	0.385601888	3.89058712	2.1004382017134513	130.01162121113111	14.97776012	1.117456653	1.115494495	125.66315275850016	53.17045746	22.497528083899	40.81635475	2.1445354099397282	92.78702736
1582.25	1.705752039	57.18694467	41.10730329	93.3381522	6.6618478	93.73052939	50.01137544	1.959358124	5.216211103	0.392377188	6.269470611	2.092847686063451	129.67928991046796	15.08950886	1.124093609	1.121996236	124.21937497522796	53.05503886	22.4971722383605	41.13366604	2.281099418352045	91.83279276
1582.375	1.685709841	56.53414661	41.78014355	94.81997806	5.180021936	95.21585876	49.44048765	1.93699174	5.156667225	0.395880698	4.784141239	2.088610528094871	129.61215142615913	15.24535415	1.126720857	1.124482081	122.72928789202072	51.90219185	22.496884013014277	39.31030035	2.3926587072893803	92.1905756
1582.5	1.641400338	57.21838433	41.14021534	92.52126373	7.478736273	92.91052751	50.03887019	1.96043532	5.219078819	0.389263785	7.089472487	2.088323613752413	129.80561246870553	15.28448681	1.139024973	1.136632146	121.57894599551355	51.26238676	22.496675315285795	39.27810788	2.4915559231883933	84.75284576
1582.625	1.646062436	58.07679505	40.27714251	91.18564991	8.814350093	91.57578507	50.78957127	1.989846474	5.297377312	0.390135167	8.424214926	2.091567903686008	130.11352945172564	15.11043216	1.157466104	1.154979052	121.07497542273921	50.35132589	22.49655356734375	39.96102214	2.5682853318492453	90.25880098
1582.75	1.615468675	59.1845639	39.19996742	91.95947899	8.040521007	92.34173755	51.7583421	2.027801219	5.398420586	0.382258555	7.658262451	2.09697555315204	130.2039100525722	14.82262186	1.181285039	1.178754479	121.28801116558452	52.66972429	22.496521143623553	40.12034535	2.5883587697335395	90.89756012
1582.875	1.65742003	59.68543294	38.65714703	94.30490851	5.695091493	94.69446194	52.19636427	2.044962161	5.444106515	0.389553432	5.305538061	2.102685888609468	129.80444911562938	14.60096183	1.191426528	1.188935048	122.11933279744201	51.74373841	22.496575197960592	39.26800489	2.530386146946336	91.87713265
1583	1.680283557	59.52038087	38.79933557	94.66301124	5.33698876	95.06056122	52.05202221	2.039307092	5.429051567	0.397549975	4.939438785	2.107058115439826	128.9553254650338	14.50505271	1.18387872	1.181454889	123.46319317622292	51.37918552	22.49670776119659	39.06234503	2.413086590313204	91.79925919
1583.125	1.641249068	58.99366021	39.36509072	95.62630582	4.373694179	96.02909501	51.59139217	2.021260413	5.381007627	0.402789186	3.970904993	2.1094641457785053	128.0225348262348	14.61537378	1.165900957	1.163536026	125.21549844702133	51.86025805	22.49690626656346	39.69656527	2.277505596377714	92.06240177
1583.25	1.681360901	57.85905177	40.45958733	94.65302163	5.346978373	95.0600872	50.59914947	1.982386081	5.277516224	0.407065576	4.939912797	2.1099926485173777	127.39681730765443	14.84208663	1.151072652	1.148671589	127.16135858426397	52.4964189	22.49715448518544	39.88545835	2.148308492177841	92.41156578
1583.375	1.725217083	57.20040782	41.0743751	93.40396504	6.596034955	93.82179085	50.02314929	1.959819403	5.217439122	0.417825805	6.17820915	2.1089493487321125	127.23161738810431	15.05262247	1.13174514	1.12931196	128.9681271579115	51.07159531	22.49743360358932	39.57039118	2.0292844156302268	90.75279236
1583.5	1.697540892	57.20149334	41.10096577	95.58691356	4.413086436	96.01471313	50.02409861	1.959856596	5.217538136	0.427799563	3.985286874	2.106560539453034	127.51683071157528	15.25747046	1.108197507	1.10588828	130.35187323176007	50.29694564	22.497723595930367	40.63637257	1.9272347407254657	90.87767601
1583.625	1.747107424	56.60332627	41.6495663	98.30434218	1.695657823	98.72238187	49.50098694	1.939361997	5.162977332	0.418039691	1.277618132	2.1034652592606946	128.2421932627308	15.29393341	1.103047095	1.100763109	131.22880985797528	51.41538205	22.49800459844115	41.30884707	1.8570662749749705	92.30630994
1583.75	1.704679311	57.42235808	40.87296261	95.40106156	4.598938439	95.81359629	50.2172502	1.967423937	5.237683942	0.412534733	4.186403706	2.1006761454012746	129.3514497555695	15.16705633	1.098325927	1.096132882	131.64167977677184	52.75595046	22.498258153586505	40.88929892	1.820964082545605	92.42313504
1583.875	1.692070506	58.47318837	39.83474113	97.84106712	2.158932883	98.25492484	51.13622687	2.003427834	5.333533662	0.413857723	1.74507516	2.099242127641818	130.58128300848205	15.15763184	1.098972079	1.096861497	131.6449604868275	52.09155021	22.498468343021408	40.83126783	1.7990597247566322	90.73183537
1584	1.723796272	57.28003409	40.99616964	95.59589978	4.404100221	96.00237672	50.09278441	1.962547585	5.224702099	0.406476943	3.997623278	2.0997517605805367	131.60453104627007	15.20362067	1.106406197	1.10417761	131.31633262377625	52.09668726	22.498622565704753	41.80655479	1.7787415264675435	93.15185547
1584.125	1.703114576	56.24887738	42.04800804	94.82134589	5.178654112	95.2398468	49.19101276	1.927217751	5.130646872	0.418500911	4.7601532	2.1022834252945293	132.30997945709316	15.31943266	1.102630359	1.100300414	130.8538562334545	54.86240172	22.49871214601857	41.98715985	1.77086990077393	93.25861335
1584.25	1.676405088	56.23596392	42.08763099	93.97106174	6.028938261	94.40194901	49.17971962	1.926775305	5.129468992	0.430887272	5.598050989	2.1064394570318816	132.8187986663344	15.5991033	1.095074996	1.092619306	130.50880451457454	52.51864187	22.498732800848074	42.25725234	1.7875968972991592	92.69360304
1584.375	1.712403361	55.5467796	42.74081704	93.82862403	6.171375972	94.26479409	48.57701115	1.903162243	5.066606202	0.436170063	5.735205909	2.111489351003611	133.17710443517655	15.69047481	1.095845341	1.093297327	130.36063504674803	52.97123585	22.498684741176337	42.71330833	1.8096640034715556	92.96752214
1584.5	1.739756221	56.34539842	41.91484535	93.29390187	6.706098131	93.71785759	49.27542276	1.930524787	5.139450876	0.423955718	6.282142413	2.1165377850182265	133.19840312420428	15.77463637	1.103952139	1.101333241	130.26916059888993	53.23874067	22.498572532096812	42.25034714	1.8046866366821896	92.02017784
1584.625	1.741656329	55.43264802	42.82569565	90.50032627	9.49967373	90.91524729	48.47720031	1.899251829	5.056195881	0.414921017	9.084752712	2.1208336882637298	132.74149011117422	15.79911821	1.110103117	1.107505482	130.07873011344503	52.70439218	22.498404601248424	42.56973565	1.7715997483452415	91.50044918
1584.75	1.692267116	56.02769754	42.28003534	91.54811448	8.451885517	91.95449947	48.9975856	1.919639613	5.110472324	0.406384982	8.045500534	2.1243085677048374	132.00426974018896	15.78055827	1.12604533	1.12337121	129.8880975403277	52.20958328	22.498192458889754	42.16864705	1.7471930893487535	88.6837244
1584.875	1.704101156	55.88300107	42.41289777	89.40824261	10.59175739	89.8242387	48.87104502	1.914681975	5.097274078	0.415996096	10.1757613	2.1276760537641075	131.3943988511412	15.7581704	1.143633137	1.14086469	129.97909496923785	52.54482762	22.497949731382043	40.41591883	1.763650871635599	90.08929729
1585	1.722423194	56.73852267	41.53905414	88.6514562	11.3485438	89.05654385	49.61921948	1.94399414	5.175309044	0.405087646	10.94345615	2.131839108408358	131.15519085915574	15.74441952	1.159579637	1.156758463	130.53519613709	54.17204276	22.497691107299573	42.91962087	1.8185767344175203	91.03544354
1585.125	1.760802529	55.69195752	42.54723995	86.2874419	13.7125581	86.68257792	48.70397278	1.908136377	5.079848362	0.395136019	13.31742208	2.137127146288631	131.30232555685404	15.81263565	1.169668763	1.166790234	131.45047079474307	53.2296138	22.497431306142936	42.91671813	1.8965608694303981	89.94301558
1585.25	1.773789583	55.35242108	42.87378934	87.22530522	12.77469478	87.63074529	48.40703989	1.896503067	5.048878115	0.405440071	12.36925471	2.1432581145154455	131.86147562410508	15.77887241	1.171745609	1.168931545	132.45420282135856	54.06046761	22.49718410817703	43.04054081	1.998302377185774	90.08015394
1585.375	1.74015804	56.21617102	42.04367094	89.52773822	10.47226178	89.93205364	49.16241025	1.926097154	5.127663615	0.404315415	10.06794636	2.1495025996674726	132.86322021047792	15.88905897	1.161464691	1.158687069	133.32324136288008	54.1611239	22.496961515457865	42.40400791	2.1322020527056216	88.57312202
1585.5	1.70037487	55.54782228	42.75180285	89.23863184	10.76136816	89.637655	48.577923	1.903197968	5.066701308	0.399023162	10.362345	2.154812708683246	134.16009224067747	15.97109501	1.139197846	1.136530728	133.93211241124527	51.66375175	22.496773242769475	42.39477515	2.2877915940615385	89.8194313
1585.625	1.677145954	54.7340706	43.58878345	90.97977516	9.020224844	91.36797816	47.86627735	1.875316937	4.992476315	0.388203006	8.632021838	2.1581230650110372	135.39578506927012	16.0669136	1.122884256	1.120269863	134.23260920453964	52.66896199	22.496626447655103	42.75913537	2.4374581079035518	90.68143368
1585.75	1.684727787	54.30540449	44.00986772	89.98704913	10.01295087	90.385728	47.4913984	1.860629836	4.953376256	0.398678879	9.614271995	2.1590530744146816	136.34027132965053	16.3711029	1.106903458	1.10422162	134.2348426684021	50.76986836	22.496525641734358	43.65874827	2.5597099001639707	88.69656324
1585.875	1.662819796	53.03168779	45.30549241	88.01655275	11.98344725	88.42381304	46.37750213	1.816989331	4.837196327	0.407260296	11.57618696	2.1580930892810395	136.9924394735621	16.72169632	1.093338754	1.090544247	134.0250525138719	52.94903728	22.496472864481937	43.75715554	2.638835411324656	85.92338562
1586	1.653968216	51.87638389	46.46964789	86.29131557	13.70868443	86.70408076	45.36716074	1.777405924	4.731817222	0.41276519	13.29591924	2.156100591429556	137.39866521475705	16.88906644	1.101745239	1.098648739	133.69941767897134	52.29279115	22.49646777549716	44.83014643	2.6471686419232077	85.87770462
1586.125	1.612378805	53.13478456	45.25283664	85.18735777	14.81264223	85.60946878	46.46766276	1.820521666	4.846600125	0.422111018	14.39053122	2.1534882288008776	137.46355526493366	16.96055289	1.107079982	1.103811856	133.32624658560047	54.0381267	22.496507773247526	45.41352391	2.5576825950933113	88.86646032
1586.25	1.634680786	53.65544332	44.70987589	86.98066809	13.01933191	87.39755272	46.92299153	1.83836065	4.89409114	0.416884636	12.60244728	2.150071815048948	137.12908904119806	16.95606194	1.114730967	1.111327751	132.93846345607076	54.28584016	22.496588131661305	44.64722574	2.3848626310176293	85.92530489
1586.375	1.63574396	53.16003605	45.20421999	85.86876106	14.13123894	86.29102468	46.48974581	1.821386841	4.848903397	0.422263627	13.70897532	2.145338108479585	136.5472456807105	16.74295498	1.132154619	1.128680115	132.5879711768584	52.13715795	22.49670211222253	43.50600839	2.190769878988096	84.63606834
1586.5	1.668172261	54.19500737	44.13682036	85.38928163	14.61071837	85.80618213	47.39485343	1.856847373	4.943306569	0.416900502	14.19381787	2.1390253139802446	135.9218098536518	16.59791513	1.144974454	1.141563082	132.38081252819487	52.48730881	22.496841300156284	44.37888861	2.0356895737776535	87.07945347
1586.625	1.699527842	54.66032746	43.6401447	84.48916942	15.51083058	84.89531243	47.80178717	1.872790325	4.985749958	0.406143011	15.10468757	2.131330311295873	135.3196355994117	16.50012381	1.159180203	1.155722593	132.46902883927555	52.98145857	22.49699601909859	43.8834846	1.9393230437707443	87.02194691
1586.75	1.689617916	54.72914442	43.58123767	84.95349677	15.04650323	85.36984455	47.86196928	1.875148154	4.992026982	0.416347786	14.63015545	2.123063336011072	134.7307447302774	16.25631669	1.17132085	1.167892105	132.89515399759338	53.45494163	22.497155784976087	43.44441891	1.8911566324056366	86.94750667
1586.875	1.649313938	55.74644276	42.6042433	87.28752059	12.71247941	87.70489705	48.75162145	1.910003169	5.084818142	0.417376462	12.29510295	2.1152992367201606	134.22556282743005	16.13366145	1.170757044	1.167380672	133.44931577829158	52.85286709	22.497309897351503	43.104285	1.880139404332196	89.09986019
1587	1.652872272	55.45955788	42.88756985	87.98745289	12.01254711	88.40496547	48.50073364	1.900173823	5.058650419	0.417512587	11.59503453	2.1089101050078582	133.85118311571733	15.94875924	1.165457262	1.162124147	133.76135499488987	54.46279038	22.497447961317967	43.30172837	1.8976162359556825	91.49646759
1587.125	1.667682362	56.53435645	41.79796118	89.7009	10.2991	90.12963882	49.44067116	1.93699893	5.156686366	0.428738815	9.870361182	2.10407268996996	133.5194834033955	15.74699834	1.154572922	1.151422248	133.63337188971772	53.85946585	22.497560538794875	42.0119226	1.9321393479212943	91.43151641
1587.25	1.686683197	56.70515005	41.60816675	92.21215978	7.787840223	92.63354163	49.59003432	1.942850717	5.172265017	0.421381858	7.366458366	2.1005437885723413	133.13726948990274	15.61924168	1.152931807	1.149896163	133.21130670739024	51.62406763	22.497639696442704	42.23348498	1.9811955497642286	90.73922634
1587.375	1.709307051	56.99056325	41.3001297	90.44750916	9.552490838	90.86820917	49.83963511	1.952629639	5.198298502	0.420700006	9.131790832	2.0981994405423965	132.8288458213814	15.52760557	1.151416562	1.148543165	132.76840053477156	53.38159417	22.497679476592445	39.91117179	2.062232743804833	89.40961957
1587.5	1.757415198	56.29972627	41.94285854	90.34430573	9.655694275	90.7543611	49.23548135	1.928959952	5.135284967	0.410055371	9.245638904	2.0972613562855447	132.844200205955	15.42667273	1.153688728	1.151054572	132.40893662349998	51.74207197	22.497676319916927	40.97745419	2.185890174739686	88.79938126
1587.625	1.801567523	57.47194083	40.72649165	91.25098618	8.749013818	91.64922984	50.26061152	1.969122757	5.242206549	0.398243662	8.350770155	2.0979383799224918	133.20229746223268	15.39973782	1.152275376	1.149807337	132.04058480334987	52.53589169	22.49762937130184	40.63262641	2.315728765271921	90.46794772
1587.75	1.763916221	56.90145793	41.33462585	93.22986713	6.770132866	93.62514261	49.76171034	1.949576683	5.19017091	0.395275477	6.37485739	2.099995549902302	133.601431155486	15.35517044	1.144816809	1.142568329	131.60081016552334	51.59262694	22.49754082929318	41.309762	2.379628810377407	92.46462584
1587.875	1.754453946	57.34193043	40.90361562	93.62553421	6.374465793	94.01530731	50.14691427	1.964668298	5.23034787	0.389773102	5.98469269	2.1026037227068137	133.7416329638283	15.23391648	1.152247046	1.150076408	131.09901805463932	52.58510395	22.497416214003373	41.96874201	2.3343801199391625	92.40592718
1588	1.79674641	57.56351921	40.63973438	90.85539882	9.144601176	91.25196519	50.34069904	1.972260446	5.250559718	0.396566362	8.748034814	2.1043436111525726	133.58610934186805	15.29850487	1.156329781	1.154043708	130.45974447012023	53.0873542	22.497264414822634	41.38948321	2.205001316079857	89.12909031
1588.125	1.752410453	56.88990419	41.35768535	88.7046548	11.2953452	89.10465182	49.75160631	1.949180825	5.189117056	0.399997025	10.89534818	2.103667195129992	133.227921014865	15.26288009	1.183875438	1.18138093	129.53038839087884	52.69031431	22.497097469197566	40.80982208	2.053843831685862	86.45085692
1588.25	1.752113061	57.50190011	40.74598683	86.32601204	13.67398796	86.71769503	50.28681164	1.970149232	5.244939235	0.391682999	13.28230497	2.0996101749333613	132.66305874096955	15.35335818	1.20313837	1.200477064	128.26023144251155	51.01072085	22.496930012703878	41.1826551	1.929342128298419	86.69709563
1588.375	1.776371384	56.56696089	41.65666773	86.25638084	13.74361916	86.63974692	49.46918453	1.938116034	5.159660324	0.383366075	13.36025308	2.0924399523919917	131.8705225898593	15.3823215	1.209686584	1.206968266	126.76953204176667	53.80062388	22.49677828421265	41.77568555	1.8554431819913584	89.21470642
1588.5	1.748508828	57.36266849	40.88882268	88.41626129	11.58373871	88.79734643	50.1650502	1.965378832	5.232239457	0.381085136	11.20265357	2.0836491762259373	130.97290563611648	15.32314381	1.216483581	1.213814661	125.10304414109287	53.16175411	22.4966589052842	41.52086675	1.8535540763706269	88.08069229
1588.625	1.752155129	57.54755327	40.7002916	88.13004172	11.86995828	88.50845781	50.32673645	1.971713416	5.249103412	0.378416089	11.49154219	2.075553085782484	130.1729181601058	15.2604009	1.223435285	1.220800125	123.20265803284106	52.6574014	22.496587522866086	40.9987092	1.9405000511008412	86.83474064
1588.75	1.740327199	58.20218175	40.05749105	85.89356488	14.10643512	86.26734146	50.89922499	1.994142515	5.308814249	0.373776579	13.73265854	2.070567253242849	129.48243710346097	15.00225345	1.243334987	1.24069712	121.06684995970866	53.1970831	22.49657749945281	41.40390754	2.1002694320523756	88.71269226
1588.875	1.790656358	59.33360704	38.8757366	86.70474712	13.29525288	87.08788489	51.88868395	2.032907785	5.412015306	0.383137771	12.91211511	2.0706117036459752	128.71700026943938	14.89175951	1.263418891	1.260632114	118.9693927284519	53.34610768	22.496638845309086	40.84126353	2.282616071016796	88.36724758
1589	1.742755493	58.64381144	39.61343306	85.61945205	14.38054795	86.01099979	51.2854409	2.009273778	5.349096759	0.391547743	13.98900021	2.0766455010681817	127.79898535494192	14.73820846	1.287404243	1.284455892	117.27912720377338	53.33207116	22.49677723248494	40.29226303	2.4556468547919796	86.41693592
1589.125	1.791875117	59.25929179	38.9488331	85.39141744	14.60858256	85.79230896	51.82369345	2.030361571	5.405236765	0.400891518	14.20769104	2.088215438456972	126.95698615316591	14.57619829	1.311930004	1.308737795	116.17576149317887	51.43581209	22.496993332257873	38.59938979	2.6319337291529967	81.8092525
1589.25	1.754170937	60.01149598	38.23433309	83.56234871	16.43765129	83.97260736	52.48151433	2.056133841	5.473847807	0.410258654	16.02739264	2.103111001501342	126.47550253594616	14.47572486	1.328999442	1.32565243	115.598284792986	50.88184379	22.497282548600413	36.25828028	2.8229001153132365	79.76011038
1589.375	1.796858135	60.46993284	37.73320902	84.88263051	15.11736949	85.28630142	52.88242853	2.071840957	5.515663355	0.403670905	14.71369858	2.1177021431050553	126.35768118716645	14.21522579	1.363099621	1.359599913	115.48563098520694	50.55265401	22.49763500921228	37.81023622	2.9885224766508394	82.32927918
1589.5	1.795995031	61.48439689	36.71960808	83.52003033	16.47996967	83.93038968	53.76960204	2.106598862	5.60819599	0.410359351	16.06961032	2.1279043210986828	126.37492602106667	14.02961141	1.379779561	1.376266585	115.88479108401307	52.52602644	22.498036116870736	37.67094612	3.070138158881393	84.27861333
1589.625	1.784760258	61.26389045	36.95134929	85.63235105	14.36764895	86.0307894	53.57676379	2.099043797	5.588082866	0.39843835	13.9692106	2.1304281705224546	126.33240589414785	13.93274875	1.371118019	1.367861682	116.75570118981018	50.90872094	22.49846719962649	37.51404881	3.061639937366429	82.79990554
1589.75	1.822647662	60.88204833	37.29530401	87.76232907	12.23767093	88.16099403	53.24283355	2.085960995	5.553253777	0.398664962	11.83900597	2.123876739785808	126.1959660444356	13.87054082	1.373961371	1.370728737	117.86679172130641	52.05443399	22.498906504271627	36.94781363	3.011055636911168	82.41286874
1589.875	1.818718373	61.10347903	37.0778026	85.63673409	14.36326591	86.04477342	53.43648009	2.093547727	5.573451207	0.408039332	13.95522658	2.1093474203553804	125.9369344144424	13.91734616	1.371080172	1.367851684	118.95795884256341	50.15212517	22.49933053449788	34.42329168	2.9516947258361497	83.37991834
1590	1.820287	60.97422147	37.20549153	83.10697137	16.89302863	83.51938154	53.32344121	2.089119062	5.561661196	0.412410165	16.48061846	2.090045727184725	125.44229585129005	14.02996062	1.380575998	1.377117622	119.8801811040997	51.10393172	22.499715624547434	38.22376132	2.8641294282571614	82.87828565
1590.125	1.82822117	60.15427395	38.01750488	81.09348332	18.90651668	81.51434578	52.60637714	2.061025747	5.48687106	0.420862461	18.48565422	2.0703846753586177	124.5720910914932	14.07845848	1.405951578	1.402070197	120.53589710874066	52.00728613	22.500039805486253	38.47102523	2.7264551936236403	82.41585493
1590.25	1.778353135	60.59420141	37.62744545	80.99439238	19.00560762	81.41925136	52.99110442	2.076098688	5.526998304	0.424858981	18.58074864	2.0548132030134325	123.37155937338157	14.0591758	1.423489483	1.419379866	120.7857799246695	52.70249025	22.500284433627645	37.6110971	2.5653010248282158	81.23118877
1590.375	1.811845412	61.42043474	36.76771984	82.23951963	17.76048037	82.66445985	53.71366558	2.10440737	5.60236179	0.424940222	17.33554015	2.0467776058444502	122.06314392896766	13.97516321	1.44602806	1.441675585	120.6054211447499	49.79697869	22.50043554049163	36.5178287	2.4282667288489455	78.46310139
1590.5	1.781450411	61.99302425	36.22552534	80.29990875	19.70009125	80.72468422	54.21440905	2.124025622	5.65458958	0.424775463	19.27531578	2.047884273658579	120.85729801374757	13.82914863	1.477118601	1.472461118	120.19546850518637	51.19030981	22.50048471944293	37.71082759	2.329435025037407	80.84778786
1590.625	1.770642452	61.86191427	36.36744328	78.0069962	21.9930038	78.43971382	54.09975018	2.119533488	5.642630603	0.43271762	21.56028618	2.057872220602126	119.8218036827216	13.77386703	1.499049086	1.494071944	119.87858824573397	52.17556901	22.50042949761889	37.77186573	2.2596674905031535	79.96959686
1590.75	1.728041661	61.31700314	36.95495519	77.79397488	22.20602512	78.23790943	53.62321213	2.100863562	5.59292745	0.443934544	21.76209057	2.0748952451188987	119.02143526985427	13.72666889	1.532963317	1.527456706	119.81113482182832	50.78614668	22.500273208722987	36.33099198	2.2381258759281604	77.79607773
1590.875	1.73649821	62.14325219	36.1202496	76.66503897	23.33496103	77.11905787	54.34578704	2.129172782	5.668292369	0.454018896	22.88094213	2.095857342560699	118.68067805234894	13.82135526	1.549826576	1.54391863	119.93453380348245	50.60896624	22.50002448543373	36.6807282	2.302291016432938	76.60383582
1591	1.780470732	61.12303294	37.09649632	75.16312958	24.83687042	75.61419978	53.45358047	2.09421769	5.575234784	0.4510702	24.38580022	2.116744236155265	119.03848137304914	13.95270629	1.548774188	1.54267762	120.21957978863652	50.26214192	22.499696531462412	38.33945394	2.4504090489898904	77.88303494
1591.125	1.823685554	60.48558848	37.69072597	75.52314719	24.47685281	75.9814593	52.89611976	2.072377356	5.517091358	0.458312118	24.0185407	2.1334478457287793	120.11319166306777	14.12806085	1.547606624	1.541313991	120.7833922528817	53.34918576	22.49930620275151	38.48829865	2.62615193919795	77.65140533
1591.25	1.803484588	59.47449151	38.7220239	74.53413173	25.46586827	75.00224113	52.01189085	2.037734815	5.424865847	0.468109403	24.99775887	2.1428690819388914	121.63914590487975	14.4028462	1.52322579	1.5169187	121.72637673376023	51.92900519	22.498872935558673	38.59325647	2.7764079994213287	77.32685804
1591.375	1.790345419	59.17217369	39.0374809	75.63039779	24.36960221	76.10345708	51.74750655	2.027376701	5.397290434	0.473059289	23.89654292	2.14385155493851	123.32447209916661	14.56809989	1.499311643	1.49299099	122.91508325986466	50.95810436	22.498417457840873	38.04950416	2.8927246064125933	75.43537617
1591.5	1.745251011	59.32290429	38.9318447	76.26564847	23.73435153	76.73900635	51.87932414	2.032541083	5.411039073	0.473357876	23.26099365	2.137475803957692	125.03854399220742	14.73664029	1.468902871	1.462703752	124.11483486290678	50.55348705	22.497960616458606	37.26551235	2.982621510675229	73.91991615
1591.625	1.763785137	58.62297876	39.61323611	78.0076524	21.9923476	78.47225949	51.26722221	2.008560002	5.347196541	0.46460709	21.52774051	2.126419077598862	126.74379215476516	14.91547165	1.438831888	1.432794242	125.14848989713138	50.54823037	22.497522261864745	39.1260922	3.0249900145709665	76.85792446
1591.75	1.793849458	57.47418687	40.73196367	76.92121819	23.07878181	77.3979125	50.26257574	1.969199712	5.242411419	0.476694311	22.6020875	2.1139470895988417	128.3067749802346	15.08966507	1.405056902	1.399255957	125.94644652952428	53.2491118	22.497120188318434	40.17894268	2.980018989901813	78.68387699
1591.875	1.757859014	57.20453346	41.03760752	79.10326689	20.89673311	79.57529332	50.02675727	1.959960757	5.217815436	0.472026426	20.42470668	2.1029309581181215	129.51788781381876	15.26532031	1.382252329	1.376612278	126.46062610559568	51.33214766	22.496769400842787	40.86727798	2.841607355421409	79.155761
1592	1.709571744	57.4114213	40.87900696	77.42164514	22.57835486	77.88191151	50.20768572	1.967049217	5.236686362	0.460266374	22.11808849	2.0952683686545903	130.32789601110386	15.37689029	1.368560079	1.362922623	126.72322360452162	52.70325748	22.49648134687715	41.34856761	2.647341068306138	79.43380475
1592.125	1.72132668	57.42241578	40.85625753	78.68444364	21.31555636	79.15703416	50.21730067	1.967425914	5.237689206	0.47259052	20.84296584	2.0916919285830016	130.8612543052191	15.47558371	1.359391159	1.353722138	126.96933714888644	52.13774951	22.496263608099994	41.387555	2.440614590859335	78.5461545
1592.25	1.671151319	56.47848967	41.85035901	76.92603768	23.07396232	77.39613047	49.39181429	1.935084803	5.15159057	0.470092786	22.60386953	2.092321769595414	131.2381173128348	15.51559447	1.367705927	1.361888228	127.52297333952384	52.57536674	22.496119942595172	41.89651608	2.237974248529844	79.52781916
1592.375	1.643704022	56.91389444	41.44240153	76.53269105	23.46730895	76.99002974	49.77258637	1.950002787	5.191305286	0.457338692	23.00997026	2.0972437695725143	131.3992741074825	15.54521508	1.369516208	1.363658687	128.4867971801678	53.2818588	22.496050580732117	39.74892497	2.0400887190853867	80.23517132
1592.5	1.675947281	57.13781178	41.18624094	76.47530404	23.52469596	76.92927662	49.96840753	1.957674717	5.211729529	0.453972584	23.07072338	2.1064508290616373	131.27002586976047	15.6718636	1.363841738	1.35800297	129.59398891110254	52.94382673	22.496052722955156	41.49329662	1.8522758549110718	78.11995149
1592.625	1.724014156	56.08557059	42.19041525	77.52148434	22.47851566	77.98500308	49.048197	1.921622479	5.115751117	0.463518742	22.01499692	2.119246271427966	130.93833157155575	15.70078993	1.352621506	1.346937552	130.50733627492843	52.71663112	22.496120828858643	42.57031083	1.6831017606712095	79.94904518
1592.75	1.738919611	56.07012514	42.19095525	78.8498161	21.1501839	79.32189723	49.03468957	1.921093282	5.114342286	0.472081123	20.67810277	2.133895508941586	130.57225228563084	15.72958045	1.333190873	1.32768976	131.09324451270604	54.67289402	22.496246981891336	42.60119498	1.535288053131403	80.92342615
1592.875	1.763256529	56.42265389	41.81408958	80.26176168	19.73823832	80.7457781	49.34298455	1.933171739	5.146497604	0.484016416	19.2542219	2.1479285397017667	130.19437340476037	15.82991051	1.31423394	1.308737874	131.37831257424418	52.585168	22.49642113613509	42.10270345	1.4133603215142094	81.89780116
1593	1.731266618	55.95613787	42.31259551	78.67739736	21.32260264	79.17502193	48.93500493	1.917187812	5.103945129	0.49762457	20.82497807	2.1588770929397265	129.75227685476602	15.85145718	1.298999733	1.293516517	131.36719804942805	52.86487253	22.496631432760555	43.05661917	1.3498480350817208	85.17983556
1593.125	1.709754753	55.77339287	42.51685238	80.53619406	19.46380594	81.03340935	48.77518998	1.910926542	5.08727635	0.497215295	18.96659065	2.165276963243137	129.44272272770235	15.78880475	1.286888381	1.281387826	131.01676669597038	54.36714998	22.4968646330813	43.20346713	1.4005169755962956	84.5895052
1593.25	1.674150767	56.67336183	41.6524874	82.85157812	17.14842188	83.36124087	49.56223474	1.941761578	5.169365507	0.509662755	16.63875913	2.167320207003635	129.65279880295984	15.76253719	1.287889785	1.282293073	130.39913783830897	53.65029354	22.49710670611092	42.70443916	1.5998851329380617	82.57133365
1593.375	1.69736841	56.74106407	41.56156752	80.5148952	19.4851048	81.01132517	49.621442	1.944081215	5.175540854	0.49642997	18.98867483	2.1667099832412675	130.59451705761543	15.76390423	1.289144056	1.283554084	129.6310984629759	53.10263124	22.49734361506417	42.52432585	1.9208317251875564	83.3438158
1593.5	1.67715183	55.98401969	42.33882848	78.35226036	21.64773964	78.83479705	48.95938826	1.918143108	5.106488322	0.482536684	21.16520295	2.165658849602903	132.09458671603016	15.65651096	1.303558508	1.29796508	128.7941373813808	54.18233265	22.497562034982856	41.96376503	2.2915523616626166	81.05369806
1593.625	1.704707692	56.97359672	41.32169558	79.30650902	20.69349098	79.78022757	49.82479747	1.952048326	5.196750929	0.473718551	20.21977243	2.165782186913602	133.83636308223745	15.61675139	1.331731854	1.325954178	127.86006679912293	52.72450617	22.49775003878667	41.58459604	2.6432158533893366	79.72196937
1593.75	1.686999626	57.2531014	41.05989897	77.28896873	22.71103127	77.77102976	50.06923111	1.961624808	5.222245479	0.482061024	22.22897024	2.1676358900125257	135.56576403893877	15.61690285	1.343766095	1.337890745	126.90431405754029	53.32570251	22.49789766484143	41.33631885	2.9346053225504	78.75103354
1593.875	1.700651778	56.81377696	41.48557127	77.85219479	22.14780521	78.33823212	49.68503119	1.946572528	5.182173237	0.486037326	21.66176788	2.1709840780129928	137.06151050057673	15.6492262	1.341513098	1.335687276	126.09184892693253	51.46208339	22.49799746779206	40.82424939	3.144813492623663	77.44501233
1594	1.750685527	55.59199195	42.65732252	78.28454488	21.71545512	78.76977483	48.61655046	1.904711324	5.07073017	0.485229957	21.23022517	2.175393101750085	138.05562763250282	15.83784989	1.324673352	1.318897427	125.5580331991462	53.24638884	22.498044880230246	41.57975912	3.2665971893006938	78.3167243
1594.125	1.77278533	54.8825743	43.34464037	79.60905334	20.39094666	80.10061682	47.99614745	1.88040502	5.006021831	0.491563481	19.89938318	2.180371968181149	138.35986166181118	15.94212168	1.302213968	1.296645737	125.28824887511783	51.47674037	22.498038384336624	41.38583839	3.3132203455239857	77.3118794
1594.25	1.817505077	55.95672735	42.22576758	80.2922363	19.7077637	80.79589659	48.93552044	1.917208009	5.103998897	0.50366029	19.20410341	2.185213397796206	138.04249525893724	16.01809136	1.291530876	1.286035533	125.24691871456666	52.71070372	22.497979572061414	41.63405299	3.3165608790756926	78.72994542
1594.375	1.7823216	55.91503208	42.30264632	78.7951651	21.2048349	79.29683873	48.89905692	1.915779432	5.100195733	0.501673629	20.70316127	2.188773093394335	137.3542488427852	15.92974467	1.305145569	1.299443077	125.4939140066019	53.3213437	22.497872882877175	41.14717543	3.305734887757773	78.8410902
1594.5	1.77321573	56.57144994	41.65533433	76.98405126	23.01594874	77.49681839	49.47311031	1.938269839	5.160069785	0.512767131	22.50318161	2.1896724545004633	136.47675229893187	15.77829087	1.321643203	1.315764674	126.07859478164639	52.24235436	22.49772537067529	41.96560383	3.2914749423482585	79.39380407
1594.625	1.766855403	56.55021141	41.68293319	78.69711524	21.30288476	79.20669969	49.4545367	1.937542157	5.158132549	0.509584446	20.79330031	2.18668183445842	135.48157790561706	15.68178889	1.339482809	1.333325457	126.92877087091459	53.43222822	22.497546270384657	42.30303764	3.278549748359287	79.84275818
1594.75	1.731660088	57.1172487	41.15109121	78.13428027	21.86571973	78.65187499	49.95042462	1.956970178	5.209853903	0.517594715	21.34812501	2.1793925012951485	134.5137732436215	15.68362781	1.351751313	1.345325884	127.85457840524039	53.53497143	22.497346384401776	41.19068384	3.284604722771898	77.759552
1594.875	1.760772548	55.98721972	42.25200774	76.10936975	23.89063025	76.63238678	48.96218676	1.918252749	5.106780207	0.523017031	23.36761322	2.1687499604406226	133.86376334871352	15.77970065	1.343331466	1.336867962	128.7192904108428	51.484018	22.497137314977874	37.99746633	3.3294548969546107	78.13642621
1595	1.813041844	55.50747732	42.67948083	77.03164756	22.96835244	77.5687906	48.54264036	1.901815655	5.063021311	0.537143032	22.4312094	2.156964996155662	133.70758076432796	15.80785056	1.346491006	1.339898529	129.4808946833909	51.88758369	22.496930511120333	41.21139646	3.405290354978963	75.92691183
1595.125	1.828083447	56.24412862	41.92778793	77.51223719	22.48776281	78.04877269	49.18685986	1.927055047	5.130213722	0.536535498	21.95122731	2.146492838526189	133.96542906419432	15.97116062	1.342200084	1.335462018	130.11590327006968	51.54113589	22.496736416199397	40.75422287	3.474192276678446	75.34492016
1595.25	1.826998762	55.35641897	42.81658226	76.08167655	23.91832345	76.63383149	48.41053615	1.896640044	5.049242777	0.552154941	23.36616851	2.138669437109101	134.41166896419347	16.00900545	1.329703237	1.323024706	130.5714216912469	51.66218002	22.496563626717865	41.98912382	3.5016106545323824	76.92120075
1595.375	1.857648418	55.45861875	42.68373283	78.13996537	21.86003463	78.69924789	48.49991234	1.900141647	5.058564758	0.559282523	21.30075211	2.1331358250228014	134.9233544884817	16.08135574	1.328091741	1.321393467	130.80008065446287	52.78481946	22.496418367102308	42.41609275	3.4849343599255787	77.35527754
1595.5	1.860570158	54.72633282	43.41309703	76.1092254	23.8907746	76.65209564	47.85951047	1.875051822	4.991770526	0.542870239	23.34790436	2.1284044813506515	135.4618583194484	16.2352634	1.316368303	1.309642616	130.78574044733216	52.31499152	22.496304236335064	43.03165376	3.448122053904979	77.77069807
1595.625	1.816247504	54.59430207	43.58945042	77.26750567	22.73249433	77.81797643	47.74404637	1.870528141	4.979727564	0.550470756	22.18202357	2.1231205922372514	135.97156164711356	16.35116088	1.311679129	1.304870048	130.46852437697703	53.66727282	22.4962222258953	42.99690425	3.420158080701235	77.56950259
1595.75	1.797122545	54.15174817	44.05112928	75.03447277	24.96552723	75.59506672	47.35702221	1.855365212	4.939360753	0.560593949	24.40493328	2.1167479386254864	136.34101876582233	16.36061665	1.318105192	1.31105115	129.79257594101767	52.36614519	22.49617092027914	42.41983891	3.4191656946801476	75.87580681
1595.875	1.772040111	55.45508122	42.77287867	76.53849586	23.46150414	77.11585395	48.49681869	1.900020443	5.058242088	0.577358092	22.88414605	2.1096241978161667	136.49563149786874	16.36121363	1.321224149	1.313998799	128.80879169434158	52.37768727	22.49614673089086	42.00475812	3.444991454142169	74.959445
1596	1.817117246	54.76494897	43.41793378	75.4182172	24.5817828	75.98193476	47.89328124	1.876374902	4.995292834	0.563717553	24.01806524	2.10266035662759	136.38785434520707	16.37611644	1.333829638	1.326435718	127.71169160983086	52.03097092	22.496144371489088	42.18004346	3.477021748353196	75.73739886
1596.125	1.846537305	54.50632928	43.64713342	74.33761201	25.66238799	74.88902957	47.66711202	1.867513988	4.971703273	0.551417556	25.11097043	2.097156578308202	135.95048452487018	16.25170286	1.354335472	1.3468321	126.7053327736328	53.48649136	22.49615736796762	42.28277504	3.4803451692593668	75.98128319
1596.25	1.90191763	55.50180361	42.59627876	73.07942017	26.92057983	73.63896821	48.53767856	1.901621261	5.062503792	0.559548038	26.36103179	2.0943246318988535	135.131502563358	16.24621665	1.369089506	1.361562685	125.86849622735852	51.54138166	22.496178674695486	42.38109887	3.418739799028219	74.68360066
1596.375	1.915030191	55.5244915	42.56047831	73.68969991	26.31030009	74.25157898	48.55751967	1.902398601	5.06457323	0.561879065	25.74842102	2.0949362042198136	133.99027260891532	16.07701169	1.403040868	1.395310341	125.18117395117898	52.65210105	22.49620123104212	41.86675251	3.2762793254240727	74.44914579
1596.5	1.90949295	56.65973244	41.43077461	71.79064933	28.20935067	72.33990446	49.55031551	1.941294604	5.168122326	0.549255126	27.66009554	2.0994656559105547	132.71029576010977	15.94608355	1.439865364	1.431767642	124.60971865244423	52.19893923	22.496218463414877	40.9029454	3.072066166198513	73.29255342
1596.625	1.93286322	56.02729289	42.03984389	69.65543048	30.34456952	70.20833912	48.99723173	1.919625749	5.110435415	0.552908638	29.79166088	2.108462164256293	131.52887669075122	15.78484678	1.464306667	1.45597751	124.16252285208226	52.26812078	22.496224793009503	40.3298676	2.859846816708242	73.07260036
1596.75	1.921598844	57.28934226	40.7890589	71.38066543	28.61933457	71.94664942	50.10092462	1.962866504	5.225551128	0.565983988	28.05335058	2.1222473168802067	130.6572999846508	15.60864988	1.495999426	1.487241892	123.83818536930632	52.07931326	22.496216068328618	40.50729275	2.703421534222122	73.28131795
1596.875	1.869438499	57.54033942	40.59022208	70.8967354	29.1032646	71.47308522	50.32042776	1.971466253	5.248445412	0.576349822	28.52691478	2.140018187082693	130.2297829560509	15.548633	1.516584413	1.50738216	123.61613022262213	52.63287466	22.4961900608236	41.28348529	2.6522705339982227	73.96367788
1597	1.911996284	57.38726648	40.70073723	69.26022368	30.73977632	69.84435724	50.18656175	1.966221617	5.234483122	0.584133566	30.15564276	2.1594374828264304	130.2852945523435	15.3398851	1.544180536	1.534620989	123.41453257184631	53.17503571	22.49614678057393	40.44560194	2.729029006313629	73.37514758
1597.125	1.937283178	58.31469215	39.74802467	68.62179848	31.37820152	69.2006231	50.99761807	1.997997384	5.319076696	0.578824619	30.7993769	2.1772825944145917	130.8204363676418	15.35474152	1.555454321	1.545619649	123.11662821003782	52.11642859	22.496088668475416	40.57378769	2.932072127789878	72.70957232
1597.25	1.991036103	57.1656054	40.8433585	69.24116956	30.75883044	69.83373354	49.99271373	1.958626991	5.214264678	0.592563985	30.16626646	2.190641825129989	131.78852303883951	15.44925865	1.548092271	1.538279841	122.60800554087265	52.96765572	22.496020579892274	40.30516744	3.2298475962543094	72.53546715
1597.375	1.943506568	56.49266553	41.5638279	70.59409483	29.40590517	71.18248821	49.40421143	1.935570502	5.152883598	0.588393374	28.81751179	2.1978397218511505	133.03658281923674	15.45524667	1.543946783	1.534138519	121.884666103164	51.98802356	22.495949551955633	36.75088286	3.556043738875065	72.25328088
1597.5	1.96345779	57.27839994	40.75814227	69.88095102	30.11904898	70.48390055	50.0913553	1.962491595	5.224553042	0.602949532	29.51609945	2.198797576921549	134.26285831101066	15.47473028	1.530757909	1.521049804	121.03956727576774	52.6941443	22.495884387955957	40.41799307	3.828210583133223	74.19379354
1597.625	1.929088368	58.04886494	40.02204669	70.42716903	29.57283097	71.0206792	50.76514571	1.988889523	5.294829714	0.593510167	28.9793208	2.1949413537184026	135.1118493724108	15.32674334	1.528254468	1.518756921	120.2337785665585	53.88515746	22.4958350794732	39.47824836	3.9847336217847613	73.38165641
1597.75	1.969400003	58.67584286	39.35475713	72.25438931	27.74561069	72.84204149	51.31345316	2.010371249	5.352018451	0.587652182	27.15795851	2.188492400617896	135.29174449775596	15.0870409	1.534858128	1.525427666	119.60427463195572	50.37161664	22.495812186868296	36.67405248	4.003794197842321	70.39983273
1597.875	1.916450316	58.99710965	39.08644004	73.68475687	26.31524313	74.28388223	51.59440879	2.021378599	5.381322262	0.599125356	25.71611777	2.1812992836316765	134.62876687194495	14.87199588	1.532035517	1.522971091	119.22119642752766	51.55722349	22.495826080408307	37.02753484	3.8907097410480116	73.18787575
1598	1.945713957	59.46932413	38.58496191	74.25103598	25.74896402	74.83514988	52.00737185	2.037557769	5.424394513	0.584113898	25.16485012	2.1738299402012746	133.1354987369747	14.71093505	1.53395011	1.525028504	119.00431731911362	51.512127	22.495886091554226	37.00275719	3.6654447663232537	73.15834761
1598.125	1.914147595	59.71360215	38.37225026	73.02870785	26.97129215	73.62124217	52.22099892	2.045927303	5.446675922	0.592534317	26.37875783	2.1652303166747	131.00791069154644	14.60178134	1.548146827	1.539124554	118.7928352530195	50.93758176	22.49599956206162	38.04764152	3.362216065897319	75.55350065
1598.25	1.915944723	59.89647901	38.18757627	71.83136001	28.16863999	72.41029019	52.38092919	2.052193091	5.463356727	0.578930184	27.58970981	2.1543013085061222	128.56058129403687	14.45984432	1.565609034	1.556649816	118.4468989655445	53.26772672	22.496170993093337	39.41369355	3.0286417149595737	77.49986649
1598.375	1.88542767	60.56032325	37.55424908	73.32797043	26.67202957	73.88985032	52.96147714	2.074937943	5.523908165	0.561879891	26.11014968	2.1405627684200486	126.06939166476242	14.26408154	1.583607144	1.574716357	117.96584922912297	53.27404737	22.496401441902492	38.66370022	2.714071934808319	77.02339888
1598.5	1.916963458	61.57997111	36.50306543	74.93069105	25.06930895	75.48900847	53.85318402	2.109873458	5.616913631	0.558317426	24.51099153	2.1248046191461483	123.78229720875227	14.16965201	1.585793362	1.577105563	117.4526121977334	51.82809653	22.496687971609088	37.58257031	2.461460522779808	76.4693141
1598.625	1.877968502	60.70903654	37.41299496	74.45543372	25.54456628	75.01733134	53.09153054	2.080033208	5.537472798	0.561897618	24.98266866	2.1089948381042185	121.92998179192674	14.06899427	1.576985317	1.568613569	117.04136270548453	52.10122181	22.497023419715326	37.05444336	2.296792944490941	75.9193182
1598.75	1.866366598	60.90220754	37.23142587	75.26673894	24.73326106	75.8235157	53.26046327	2.086651697	5.555092566	0.556776756	24.1764843	2.0957564681501486	120.69039838067508	13.96075152	1.582060551	1.573706374	116.77036278870185	50.66887077	22.4973963601362	35.88075638	2.2173121603004886	74.58947301
1598.875	1.880442634	61.69251571	36.42704166	74.60772491	25.39227509	75.17522552	53.95160701	2.113729498	5.627179198	0.567500609	24.82477448	2.087512062890081	120.11290076864856	14.04936339	1.572940209	1.5646385	116.6163284437795	50.55331634	22.49779150500954	36.99393272	2.1904244998835956	75.81683397
1599	1.917653064	60.62782502	37.45452192	74.74312192	25.25687808	75.29676602	53.02050908	2.077250711	5.530065225	0.553644093	24.70323398	2.085819451956106	120.1416549222177	14.03894324	1.580950908	1.572675253	116.59581901472697	51.60631477	22.498190606403817	37.95505166	2.1742701303371588	76.84755325
1599.125	1.92939381	60.83139532	37.23921087	73.31707626	26.68292374	73.86477121	53.19853627	2.084225505	5.548633548	0.547694949	26.13522879	2.0910199157700315	120.67661843716175	14.06439256	1.595997888	1.587597553	116.78198174829078	51.89513782	22.498573732079358	38.4557128	2.1485012053665664	76.16201639
1599.25	1.881539171	60.71597794	37.40248289	72.20625535	27.79374465	72.74409498	53.09760096	2.080271036	5.538105946	0.53783963	27.25590502	2.102338003505511	121.58769154181132	14.19369447	1.596152655	1.587885389	117.15370783225306	51.75654789	22.498920809740188	38.0281508	2.140706561178047	75.24596453
1599.375	1.921587086	60.35567089	37.72274202	72.07146135	27.92853865	72.59495656	52.78250367	2.067926076	5.505241144	0.523495213	27.40504344	2.118159233679492	122.7692400604337	14.30598722	1.609225069	1.60078629	117.52394888942395	51.5984566	22.49921313959301	38.00929785	2.2260820408173805	74.09873605
1599.5	1.944654835	59.54074258	38.51460258	70.42759282	29.57240718	70.96036364	52.06982902	2.040004731	5.430908827	0.532770819	29.03963636	2.136346969275731	124.15953742715604	14.51231516	1.596156463	1.587821832	117.65312684737954	51.38710257	22.499434842233285	38.65276575	2.4985497042058036	74.24730659
1599.625	1.969004796	58.6350945	39.3959007	71.67958193	28.32041807	72.2078881	51.27781773	2.008975116	5.348301658	0.528306174	27.7921119	2.154232129711902	125.8012518307012	14.6310915	1.598952421	1.590455774	117.36543437485733	52.42450077	22.499574014671808	38.7393117	3.033062228267887	73.48807454
1599.75	1.910991444	59.50162622	38.58738234	69.56781911	30.43218089	70.10810825	52.03562081	2.038664514	5.427340893	0.540289144	29.89189175	2.1686030620545242	127.82727503731925	14.69619928	1.606685654	1.597789007	116.60663539256598	51.92899224	22.499623607038647	38.47675323	3.8517368241893544	73.08139801
1599.875	1.882903134	59.74825689	38.36883998	69.59203878	30.40796122	70.14556898	52.25130533	2.047114656	5.449836895	0.5535302	29.85443102	2.1761467071113474	130.32869240627616	14.66729032	1.6176396	1.608384593	115.40472337520275	52.65416011	22.49958189368963	35.94130278	4.901046933381953	74.04094338
1600	1.909961838	59.9077597	38.18227846	69.19894349	30.80105651	69.76422115	52.39079443	2.052579594	5.464385677	0.565277656	30.23577885	2.1744942572109336	133.16179057841822	14.58773579	1.65031075	1.640331132	113.88815639170613	52.59362203	22.49945258472065	36.64075434	6.06710010611257	72.87256718
1600.125	1.872413379	59.66239474	38.46519188	67.81224696	32.18775304	68.37929154	52.1762168	2.044172818	5.442005124	0.567044579	31.62070846	2.1632088833499443	136.01408576911678	14.01284286	1.677860055	1.715018459	112.28033176132013	50.90325398	22.499244502627896	33.60068202	7.227457990837863	71.89269066
1600.25	9.783277797	61.41421478	28.80250743	76.53664815	23.46335185	76.68907105	51.29993653	4.832851665	5.281426582	0.1524229	23.31092895	2.144311043323954	138.65037692183165	13.40629134	1.712734172	1.799777181	110.88599567963666	49.32114482	22.4989707888553	30.44753969	8.292317862305904	70.04871368
1600.375	9.916763969	61.97197221	28.11126382	76.29733399	23.70266601	76.44826811	51.76583715	4.876743115	5.329391942	0.15093412	23.55173189	2.1218719805829025	141.00913519370317	12.85540535	1.72813731	1.865313749	109.8726289976855	48.81649471	22.49864777610825	29.59464192	9.201747564992933	73.49702716
1600.5	10.12465842	61.27598054	28.59936105	77.14557227	22.85442773	77.29650471	51.18446802	4.821973636	5.269538878	0.150932434	22.70349529	2.1006815187354992	143.0583861348555	12.2205652	1.739703931	1.930501879	109.11783743562877	49.10777568	22.498293622304466	27.781865	9.91043239245486	75.22913814
1600.625	10.37621654	61.65445271	27.96933075	77.68557835	22.31442165	77.83587165	51.50060979	4.851756641	5.302086278	0.150293302	22.16412835	2.084416195263863	144.7274927313163	12.18272348	1.734229636	1.929960768	108.34926551027513	47.90250427	22.49792698722957	26.93635821	10.395198376467139	73.62675667
1600.75	10.31793433	61.40611879	28.27594688	77.41724779	22.58275221	77.56570261	51.29317387	4.832214569	5.280730353	0.148454824	22.43429739	2.0744669854176303	145.9803051258551	12.25454157	1.713570003	1.908100354	107.49266497053688	48.86913859	22.497565730848635	28.27774882	10.672805755794645	76.53290629
1600.875	10.06773994	60.93996375	28.99229631	77.30315253	22.69684747	77.45499845	50.90378968	4.795531561	5.240642506	0.151845922	22.54500155	2.0697806252755773	146.86310751735135	12.23964389	1.715401936	1.912156145	106.70054457913824	49.28004377	22.49722562974418	28.74050736	10.79522528537852	77.29959488
1601	10.33595934	61.35469034	28.30935032	77.04548753	22.95451247	77.19557059	51.25021514	4.828167525	5.27630767	0.15008306	22.80442941	2.0677782473899304	147.4033687588263	12.21974956	1.720332814	1.919556571	106.08267509038565	49.13763015	22.49691942739296	28.66775095	10.82106071390183	77.54083872
1601.125	10.56553021	61.84365007	27.59081972	77.34592615	22.65407385	77.49359254	51.65864832	4.866645096	5.318356647	0.147666396	22.50640746	2.065837240158282	147.58373130048875	12.11825338	1.744830723	1.949332971	105.57292155038843	49.49438924	22.4966561721208	28.27005088	10.801138443456853	78.20084691
1601.25	10.48547905	62.623268	26.89125295	76.37745829	23.62254171	76.5217194	52.30987135	4.927995353	5.385401303	0.14426111	23.4782806	2.062687672234299	147.46399438779932	12.01449064	1.75367651	1.964965953	105.12852618264616	48.81067923	22.49644111512565	27.74778008	10.781071368216248	77.28286386
1601.375	10.55679592	61.75509871	27.68810537	77.67578036	22.32421964	77.81844972	51.58468044	4.859676749	5.310741513	0.142669369	22.18155028	2.0584899184090633	147.23172906387512	11.95464962	1.743534053	1.955075912	104.88336101179682	48.74422961	22.496276024426997	26.14967227	10.795049147754616	74.44052696
1601.5	10.31854983	61.60772898	28.0737212	79.16966297	20.83033703	79.31290041	51.46158097	4.848079824	5.298068186	0.14323744	20.68709959	2.0539208829936366	147.04218263587808	12.017508	1.733202401	1.94129777	104.98072223504461	48.17529246	22.49615975811073	26.61344409	10.839389796284188	75.1917243
1601.625	10.39075852	61.20525534	28.40398614	77.5756311	22.4243689	77.71866654	51.12539052	4.816408078	5.263456737	0.143035436	22.28133346	2.049262146258432	146.83634187412014	12.07772866	1.720656793	1.926269552	105.33396380118818	49.0715673	22.496088929160837	27.29226947	10.875797753425816	76.20174289
1601.75	10.44387122	61.92714578	27.62898301	76.71767464	23.28232536	76.85773678	51.72839316	4.873215601	5.325537012	0.140062138	23.14226322	2.044320741939296	146.4679124168129	11.9971673	1.725975439	1.930719006	105.7422741630962	48.06365441	22.49605857440906	27.39892304	10.872003303423845	76.19470358
1601.875	10.25022448	62.59151239	27.15826314	78.65350684	21.34649316	78.79609899	52.28334555	4.925496417	5.382670421	0.142592143	21.20390101	2.0387804547092894	145.8583069446189	11.92055722	1.754460173	1.963859578	106.1682236123273	48.50027476	22.496062845238406	27.88983285	10.828792500963981	76.23325586
1602	10.43838956	62.73975177	26.82185866	77.26528019	22.73471981	77.41092373	52.40717146	4.937161778	5.395418536	0.145643544	22.58907627	2.032737124006907	145.0324894739863	11.81999648	1.78150749	1.996684164	106.68504325768191	48.33141606	22.496095607094766	27.16701329	10.764616434008552	75.68723559
1602.125	10.59876998	62.45798615	26.94324387	76.20123314	23.79876686	76.34963771	52.17180968	4.914988874	5.371187591	0.148404569	23.65036229	2.0270361190060493	144.0742867544106	11.74559712	1.818015119	2.038838145	107.17407983764332	48.5234342	22.496150978478006	26.37334466	10.698349512195126	75.17239451
1602.25	10.5937784	63.1448906	26.261331	74.21309493	25.78690507	74.35993508	52.74558816	4.969043254	5.430259183	0.14684015	25.64006492	2.0230654214199157	143.1958401943812	11.65660341	1.860285311	2.086844834	107.36128337262572	47.67709641	22.496223638827587	26.45998895	10.651076781874623	75.49709678
1602.375	10.32346087	64.05029334	25.62624579	75.83147944	24.16852056	75.97712433	53.50188055	5.04029186	5.50812093	0.145644891	24.02287567	2.022191771324623	142.63630271447948	11.65589341	1.893503698	2.121878836	107.14955579119888	49.66808372	22.496309019799376	25.00506938	10.645754359784162	75.53835511
1602.5	10.37258106	63.3865649	26.24085405	74.05700034	25.94299966	74.20196499	52.94746123	4.988061262	5.451042401	0.144964645	25.79803501	2.025169148499946	142.5166651211344	11.64151332	1.9156407	2.142992629	106.7228332134387	47.48148757	22.4964032443975	26.05938911	10.694444701705638	73.37579131
1602.625	10.29441467	63.08529198	26.62029335	74.43418951	25.56581049	74.57778263	52.69580481	4.964353277	5.425133892	0.143593116	25.42221737	2.0319369271216816	142.8515072905963	11.65726719	1.928191422	2.15279838	106.27365975336632	47.98472376	22.496502895222083	26.03364289	10.788574790855302	72.92150855
1602.75	10.26571158	63.34744285	26.38684557	72.9523908	27.0476092	73.09272958	52.91478218	4.984982642	5.44767803	0.140338779	26.90727042	2.0418252322636583	143.64264055549478	11.75307637	1.947518624	2.169034742	105.83541729441399	47.41611203	22.496604784174487	25.81938803	10.898860128964976	71.2559104
1602.875	10.10044682	63.71679809	26.18275508	72.54798716	27.45201284	72.69087006	53.22330848	5.014048211	5.479441403	0.142882893	27.30912994	2.05414932858454	144.78883535505588	11.78673599	1.953163259	2.17185406	105.36369302236388	48.28373116	22.49670575444616	26.30012631	10.991403464264124	72.64807224
1603	10.12400207	63.30362569	26.57237224	73.09326663	26.90673337	73.23458854	52.87818124	4.98153455	5.443909894	0.141321909	26.76541146	2.068492673105116	145.9820953492562	11.84115157	1.981915959	2.198225992	104.9150152298324	48.82921897	22.496802620457107	26.53429806	11.048890943653824	71.30004168
1603.125	9.981212542	63.2459234	26.77286406	71.01462532	28.98537468	71.15228992	52.82998192	4.9769938	5.438947681	0.137664599	28.84771008	2.084393234291551	146.83600876128065	11.92978049	1.990018567	2.201421799	104.61542478145614	48.323164	22.49689211638936	25.69293976	11.079669842750093	69.59178448
1603.25	9.910647321	62.89553249	27.19382019	70.89841976	29.10158024	71.04000407	52.53729672	4.949420586	5.408815181	0.141584305	28.95999593	2.1008600319519157	147.10969669728547	12.11484123	1.988236301	2.193193483	104.51678066200091	48.51852864	22.4969708763995	27.42995322	11.106316422578715	71.98628187
1603.375	9.841291425	62.30509367	27.8536149	69.77875527	30.22124473	69.91980345	52.044097	4.902957349	5.358039325	0.141048184	30.08019655	2.1162876387856917	146.75641957051005	12.21683617	2.014904399	2.217247402	104.55744931479587	49.91997931	22.497035580427486	26.26966536	11.148030491581425	68.55323315
1603.5	9.916859051	62.99055076	27.09259019	69.11121488	30.88878512	69.25048654	52.61666648	4.956897832	5.416986449	0.139271663	30.74951346	2.128848112538838	145.79806868351278	12.27018479	2.019744782	2.220832994	104.70716486713656	47.73570458	22.49708317475758	25.20128489	11.211298492821813	66.39989018
1603.625	9.942269956	62.91041225	27.14731779	69.72986757	30.27013243	69.87122275	52.54972594	4.950591515	5.410094793	0.141355182	30.12877725	2.137120813847359	144.2856987739176	12.29156107	2.035909905	2.240125017	105.02984646021235	48.17041533	22.49711119778796	26.23028159	11.285971477655039	67.83165336
1603.75	10.17554746	62.90400517	26.92044738	69.05690523	30.94309477	69.1956765	52.54437404	4.950087324	5.409543804	0.138771267	30.8043235	2.140614558982806	142.43999318750016	12.16940505	2.078623015	2.288067512	105.52998481481684	47.56478868	22.497118088586692	26.94275975	11.350431904535263	68.49136949
1603.875	9.880975037	63.90970901	26.20931596	68.08344736	31.91655264	68.22148617	53.38444899	5.029228896	5.496031126	0.138038806	31.77851383	2.139947736404261	140.70493480455372	12.1608271	2.107857544	2.315719991	106.10500356714948	49.48916945	22.497103394386706	25.73560774	11.378946200517177	66.56198502
1604	9.59049513	63.57092468	26.83858019	66.8661779	33.1338221	67.00193738	53.10145889	5.002569035	5.466896755	0.135759478	32.99806262	2.1366568089278095	139.51021502784658	12.21695134	2.147724524	2.352132172	106.60735357296618	47.13156521	22.49706780772465	25.50227046	11.357067177881527	62.94249892
1604.125	9.505604123	63.15091539	27.34348049	65.56187338	34.43812662	65.69795843	52.75062073	4.969517361	5.430777295	0.13608505	34.30204157	2.132792725096661	139.0080218448729	12.31501463	2.193937998	2.392231809	106.96696821353642	46.35072558	22.497013190059178	25.71268678	11.289786531133732	62.05228567
1604.25	9.537754305	62.92469183	27.53755386	63.84471985	36.15528015	63.97690791	52.56165383	4.951715214	5.411322791	0.132188053	36.02309209	2.1301786158634872	139.14742993016023	12.50192774	2.195056113	2.387024074	107.17226253894562	46.69523156	22.49694250168418	26.37242973	11.191781941081153	61.58905625
1604.375	9.632352435	62.48049916	27.8871484	65.04562952	34.95437048	65.1774504	52.19061504	4.916760484	5.373123638	0.131820881	34.8225496	2.129772081825962	139.8644181751978	12.67473502	2.187841318	2.377435638	107.26726540788582	47.78729054	22.496859639258354	26.00369751	11.063255008497814	62.10469007
1604.5	9.730409895	62.02871707	28.24087304	64.72037596	35.27962404	64.85191194	51.81323673	4.881208522	5.334271819	0.131535973	35.14808806	2.1314990522055193	141.02112210256388	12.84912922	2.157426604	2.346247872	107.28804450347728	48.78560084	22.496769144468104	26.99671686	10.883312086753335	64.58417177
1604.625	9.909405646	61.19963031	28.89096404	65.33437317	34.66562683	65.46544324	51.12069188	4.815965429	5.262973002	0.131070073	34.53455676	2.1345169597794387	142.21793380218656	13.03143762	2.093348964	2.281204481	107.2530269885617	49.21436436	22.496675812094217	29.24613357	10.636083585941746	67.98719168
1604.75	10.09737445	60.38721651	29.51540905	66.32198185	33.67801815	66.45529875	50.44207412	4.752034376	5.193108007	0.133316906	33.54470125	2.1376532136294912	142.95697815965636	13.09315426	2.054828325	2.241890759	107.1885643551523	49.79862601	22.496584325262063	28.95213366	10.337966784366897	66.93620682
1604.875	9.858345517	61.36215644	28.77949804	67.31848762	32.68151238	67.45483761	51.25645166	4.828755053	5.276949731	0.136349984	32.54516239	2.13983273162487	143.02308888996816	13.10920689	2.000485474	2.187511923	107.1635284541958	48.54128714	22.49649881094236	26.48974657	10.039178440565689	66.40049815
1605	10.03929171	60.99542498	28.96528331	69.14638472	30.85361528	69.28542694	50.95011703	4.799895956	5.245411995	0.139042227	30.71457306	2.140392754774591	142.60140790294153	13.02201378	1.981000522	2.167186988	107.2539734060438	49.33753556	22.496422531055302	28.57336104	9.800190326528156	68.66908669
1605.125	9.748250561	61.65788212	28.59386732	68.39570846	31.60429154	68.53373625	51.50347441	4.852026511	5.302381197	0.138027787	31.46626375	2.1390270075800606	142.00257402892413	12.83960848	1.99183176	2.17983038	107.42707233047845	49.2842489	22.496357762119423	27.90485024	9.66877613824158	67.79828668
1605.25	9.875776527	62.09501795	28.02920552	68.18641017	31.81358983	68.32122554	51.86861855	4.886425919	5.339973483	0.134815367	31.67877446	2.135738186867119	141.43128871718872	12.82276144	1.987978647	2.174209163	107.52876757465515	48.45581078	22.496305784247152	28.02073359	9.667343321300898	68.16897988
1605.375	9.643746726	61.49877622	28.85747706	67.96405661	32.03594339	68.09565458	51.37057158	4.839506034	5.288698596	0.131597964	31.90434542	2.130751764390183	141.04049554436438	12.88026683	1.994483948	2.177010166	107.38147615792201	49.43826967	22.496266985929164	29.10528183	9.784622304129506	68.51898432
1605.5	9.69103711	60.72958413	29.57937876	67.74008577	32.25991423	67.87510176	50.72805738	4.778976216	5.22255053	0.135015994	32.12489824	2.1245267333807845	140.97349339749564	12.95421078	2.008275173	2.187116579	106.89657135222149	47.97290443	22.496240992079322	29.94186878	9.979114520439868	68.70225668
1605.625	9.408969003	61.35123739	29.2397936	66.07111803	33.92888197	66.20492128	51.24733086	4.827895803	5.276010728	0.133803244	33.79507872	2.1178443222079855	141.31651659102354	13.03314895	2.013182421	2.187106263	106.08781328668826	50.12894386	22.496226833809523	29.89985645	10.198532785085431	69.47942972
1605.75	9.468097036	61.63570858	28.89619439	66.58914754	33.41085246	66.71949357	51.48495262	4.850281615	5.300474342	0.13034603	33.28050643	2.1119287503322983	142.01596698429375	12.96967414	2.036365446	2.209623419	105.08886286986504	49.14124447	22.49622317466512	27.83855796	10.41027393924269	65.58344364
1605.875	9.335603296	62.44544563	28.21895107	66.96228046	33.03771954	67.09204395	52.16133446	4.914002027	5.370109146	0.129763486	32.90795605	2.108243102774767	142.99884273336738	12.89297935	2.050501264	2.224630981	104.19858241722031	48.36896805	22.49622851792984	26.79974735	10.605817860156495	63.75352144
1606	9.565780706	61.61170832	28.82251097	67.65986697	32.34013303	67.78724289	51.46490496	4.848392969	5.298410397	0.127375914	32.21275711	2.10793179172179	144.2007238498144	12.94301604	2.042862114	2.218445747	103.81559781978726	47.98198213	22.496241383071744	27.79939771	10.774161750888272	65.54837823
1606.125	9.697221422	60.75233162	29.55044696	65.95379371	34.04620629	66.0797782	50.7470586	4.780766278	5.224506742	0.125984491	33.9202218	2.111374618894983	145.54922262383383	13.07626401	2.023848329	2.197531644	104.25345338055425	49.85248297	22.496260484230397	28.35318446	10.881966725117648	65.25358558
1606.25	9.581385281	60.22164024	30.19697448	66.24638593	33.75361407	66.36994318	50.30376654	4.73900473	5.178868976	0.123557249	33.63005682	2.118085034805713	146.8948696115674	13.28883587	2.016128096	2.190565481	105.54604683495371	48.1804894	22.496284790435347	28.22623849	10.88910106491522	63.13949823
1606.375	9.862386562	60.4498583	29.68775514	64.32925315	35.67074685	64.45409255	50.49439947	4.75696383	5.198495001	0.124839401	35.54590745	2.1269942708251763	148.0524636254172	13.50399458	2.024541129	2.196072235	107.4446531352154	49.04463739	22.49631349695481	28.9676249	10.776871008175423	65.13171196
1606.5	9.596286465	59.94614148	30.45757205	63.67392974	36.32607026	63.79589247	50.07363954	4.717324983	5.155176961	0.121962729	36.20410753	2.136962569211307	148.8653594197384	13.66831364	2.019643942	2.186091109	109.56682456633351	49.66724636	22.496346058571977	29.68662679	10.545567558856984	63.86725307
1606.625	9.414451142	59.3767869	31.20876196	63.98193175	36.01806825	64.10564302	49.5980517	4.672520922	5.106214284	0.123711274	35.89435698	2.14720767435095	149.21014331767995	13.86929437	2.007511523	2.170577571	111.60837312536681	49.50241025	22.49638207153698	30.40486574	10.208435799583729	64.73882198
1606.75	9.576077505	58.35327925	32.07064325	64.43830106	35.56169894	64.55845649	48.74310504	4.591978319	5.01819589	0.120155435	35.44154351	2.1571651641846974	149.06528434019157	14.06154644	1.963655426	2.11803581	113.3936624758916	50.83327905	22.4964211453666	32.27390945	9.797554177410133	66.51480198
1606.875	9.335601228	58.29885953	32.36553925	65.56399282	34.43600718	65.68453854	48.69764768	4.587695883	5.013515967	0.120545723	34.31546146	2.165927081560208	148.49016175398253	14.19071472	1.923927763	2.073931899	114.79934262347257	49.68508011	22.496462712129237	31.75914586	9.373767141039242	64.30770159
1607	9.450073483	58.29305499	32.25687153	65.44067027	34.55932973	65.56218035	48.69279908	4.587239108	5.013016796	0.121510081	34.43781965	2.1719825556489365	147.62518912590926	14.17258155	1.899861805	2.047525736	115.7158724302699	50.52718435	22.496505933881416	31.51161075	9.012611077118569	65.21814466
1607.125	9.178932619	59.22496224	31.59610514	66.51587519	33.48412481	66.63531105	49.47123097	4.660573426	5.093157847	0.119435862	33.36468895	2.1736349488729365	146.59621806545056	14.14423653	1.899480237	2.044006473	116.098798318316	50.00166438	22.496549642475674	31.78392053	8.779137467493214	65.33874273
1607.25	9.117730212	58.69794847	32.18432131	64.91130651	35.08869349	65.03352434	49.03101085	4.619101279	5.047836344	0.122217832	34.96647566	2.1697468458588154	145.53627318011073	14.13576727	1.918618166	2.064038268	115.99097336004014	49.87947824	22.49659230465755	32.11348653	8.706722750935203	66.81796908
1607.375	9.363165091	58.65835314	31.97848177	63.87119114	36.12880886	63.99483826	48.99793645	4.615985414	5.044431271	0.123647118	36.00516174	2.1604912926251636	144.5808166125067	14.08709605	1.941368857	2.0853251	115.48964349927255	50.52280707	22.49663215650893	30.55276871	8.790243592848482	69.32893991
1607.5	9.085067449	59.14027882	31.77465373	64.02132239	35.97867761	64.14636424	49.40049402	4.653909457	5.085875343	0.125041849	35.85363576	2.147596201348864	143.86404193069345	14.22858791	1.961518543	2.103050793	114.79101874666011	50.91561804	22.49666736972752	32.71294832	8.995456300478105	65.52801132
1607.625	9.02594018	58.35701104	32.61704878	62.56962303	37.43037697	62.69487259	48.74622224	4.592271984	5.018516812	0.125249555	37.30512741	2.1339788180133876	143.48562091715849	14.22426257	2.000861532	2.141256243	114.18448923892021	49.62518712	22.496696232976856	32.31061101	9.268077594979838	64.05719519
1607.75	8.820328976	59.35597876	31.82369227	61.40830215	38.59169785	61.52994578	49.58067043	4.670883472	5.104424849	0.121643628	38.47005422	2.122694661173764	143.43692335015794	14.11249219	2.030331121	2.169981811	113.96768966489957	49.48545167	22.496717328798365	31.89336061	9.537260545012488	63.6272788
1607.875	8.957861711	60.1199275	30.92221079	62.86805221	37.13194779	62.98788359	50.21880482	4.731000678	5.170122005	0.119831384	37.01211641	2.115953697290591	143.62931250869045	14.11920332	2.026432842	2.166644314	114.25397385207475	50.429476	22.49672968650708	31.34147227	9.72787223408222	63.25625777
1608	9.182547986	59.00295562	31.81449639	64.28096142	35.71903858	64.40400875	49.28578652	4.643103121	5.074065986	0.123047327	35.59599125	2.114636315511159	143.98249074016954	14.00472124	2.03888394	2.18283321	114.92356337166328	49.00118478	22.4967328994529	29.93942797	9.792995222807445	60.60253978
1608.125	9.270983457	59.45663717	31.27237937	63.09872934	36.90127066	63.22475603	49.66475146	4.678804556	5.113081152	0.126026691	36.77524397	2.1187042374091543	144.49587807481402	13.98849327	2.007947931	2.154473846	115.69925046585742	48.84426465	22.496727179033122	30.03850877	9.733938284804218	61.958915
1608.25	9.245980105	58.96653919	31.78748071	64.41023171	35.58976829	64.53850054	49.25536749	4.640237413	5.070934289	0.128268831	35.46149946	2.127774082079241	145.12512985620523	14.0970562	1.976200047	2.121586164	116.31245351629613	49.93627049	22.496713359007597	31.28341138	9.578561093373846	62.72531748
1608.375	9.120366133	58.70899156	32.17064231	64.13580413	35.86419587	64.26080475	49.04023526	4.619970289	5.048786014	0.125000618	35.73919525	2.141417446704856	145.67281723266103	14.07183864	1.994081473	2.139332729	116.56274789893612	48.76236116	22.496692837959174	30.3001076	9.348625860394488	60.78191996
1608.5	9.055747867	59.50274317	31.44150896	63.03144523	36.96855477	63.15560629	49.70326429	4.682432763	5.117046121	0.124161058	36.84439371	2.159016045008334	145.92399087872744	14.01300454	2.020220561	2.165847117	116.37847671752542	49.04891697	22.496667513969665	31.93012476	9.07405762424084	65.24959207
1608.625	9.115367488	60.34345073	30.54118179	61.72800242	38.27199758	61.85254685	50.40551611	4.748590328	5.189344289	0.12454443	38.14745315	2.1794650771307027	145.8372819358117	14.02256629	2.055707532	2.203162034	115.83586183161779	51.2591172	22.49663955375402	34.15132761	8.827428732607574	66.91064239
1608.75	9.352301947	59.36196896	31.28572909	61.16768372	38.83231628	61.28941748	49.58567412	4.671354858	5.104939988	0.121733759	38.71058252	2.2008330102891582	145.5925016939471	13.92833523	2.09397404	2.243522035	115.12825961689668	51.43623145	22.496611135992676	31.99559748	8.716994088785054	64.75196481
1608.875	9.079932474	60.0561969	30.86387063	62.10978825	37.89021175	62.23052032	50.16556998	4.725985543	5.164641376	0.120732074	37.76947968	2.220474869938156	145.42849554253047	13.94128465	2.095211831	2.24652427	114.43155229153928	50.43322262	22.49658425256413	31.06319308	8.817496219593158	63.17763925
1609	9.293712617	59.35615343	31.35013395	62.74264124	37.25735876	62.86371498	49.58081634	4.670897218	5.104439871	0.121073738	37.13628502	2.235727916553733	145.50620993225465	14.05260002	2.073947963	2.224917622	113.83318455092041	49.90091784	22.496560427923548	31.97175562	9.123784863933915	64.0386641
1609.125	9.346657451	59.06144485	31.5918977	61.92944508	38.07055492	62.05282874	49.33464318	4.647705797	5.079095872	0.123383658	37.94717126	2.244912676089265	145.85002051157386	14.02235039	2.057847247	2.207918112	113.32337813820088	51.15284397	22.496540585176845	31.7684561	9.569391268257107	64.47557211
1609.25	9.249853195	59.42156203	31.32858478	62.96402912	37.03597088	63.0890586	49.63545283	4.676044398	5.110064802	0.125029485	36.9109414	2.2478817208499393	146.38920744471724	14.01346582	2.065368237	2.218241725	112.8832362766789	49.62473939	22.496524982400437	29.1187644	10.07505515311346	61.16415858
1609.375	9.379557864	60.16592424	30.4545179	61.6369449	38.3630551	61.76164657	50.25722637	4.734620286	5.174077577	0.124701662	38.23835343	2.245864219650234	147.00742501037135	13.86921812	2.10815214	2.264464218	112.53260323711615	48.50874292	22.4965132961889	28.33631039	10.55776259500572	59.68624949
1609.5	9.290376233	61.14372991	29.56589385	61.31499491	38.68500509	61.44310552	51.07399769	4.811566475	5.258165747	0.128110614	38.55689448	2.2405689580740913	147.48866335145703	13.6404587	2.158268784	2.320678066	112.30932974234346	47.99380284	22.49650471889669	29.09100056	10.926441393155145	60.49047112
1609.625	9.456038466	61.62806694	28.91589459	61.21141972	38.78858028	61.34289675	51.47856948	4.849680274	5.299817186	0.131477034	38.65710325	2.233428360379995	147.57678728930136	13.54822599	2.210534325	2.379692399	112.1630079695367	49.06031512	22.49649813721527	29.23673391	11.120912611122181	60.94165444
1609.75	9.680495172	60.8021009	29.51740393	60.09385321	39.90614679	60.22470988	50.7886314	4.784682758	5.228786741	0.130856667	39.77529012	2.225300150605601	147.16897533236153	13.5096492	2.257482294	2.431063273	111.94213907653051	49.43858004	22.496492357276022	28.52255702	11.157151255462274	59.7815752
1609.875	9.63929642	61.0249329	29.33577068	58.6534001	41.3465999	58.78080741	50.9747653	4.802218015	5.247949582	0.127407302	41.21919259	2.2165965487539157	146.45398149685104	13.58622272	2.284947922	2.463471775	111.50643799203114	48.70554086	22.496486297351986	25.80417693	11.10676317301457	60.1205349
1610	9.880725452	60.71986754	29.39940701	58.27381422	41.72618578	58.40282699	50.71994101	4.778211591	5.221714934	0.129012776	41.59717301	2.2074394403274535	145.70525634769803	13.65771627	2.312342375	2.492001251	110.79249309504979	50.36824753	22.4964791919909	29.34654057	11.015722395065781	60.94095111
1610.125	9.621565246	61.31677699	29.06165776	58.21925847	41.78074153	58.35158757	51.21854573	4.825184021	5.273047244	0.132329105	41.64841243	2.1981423646354235	144.97469311866442	13.66388959	2.339146461	2.521233271	109.77250571369447	49.52432662	22.49647071973296	28.64740491	10.872956241293515	59.56750512
1610.25	9.852074802	61.04161849	29.10630671	58.11014653	41.88985347	58.23930921	50.98870295	4.803531049	5.24938449	0.129162687	41.76069079	2.1895195117767265	144.12775867424185	13.62653398	2.340903003	2.523749243	108.43346317106803	49.49127348	22.49646110283487	29.13783789	10.6670690568813	60.29682159
1610.375	9.643345506	61.36086086	28.99579363	59.06060165	40.93939835	59.19025491	51.25536944	4.8286531	5.276838315	0.129653265	40.80974509	2.1825590120326073	143.16288762324254	13.55319892	2.350994655	2.534107074	106.92877828641305	48.92816688	22.49645111256946	28.18522453	10.43968450391344	57.92175531
1610.5	9.728715271	61.48243964	28.78884509	58.57435422	41.42564578	58.70461738	51.35692547	4.838220465	5.287293703	0.13026316	41.29538262	2.177657364426482	142.31291186342898	13.56385217	2.35767569	2.540651616	105.58190860724702	48.00777672	22.496441997960083	27.33740211	10.246047467309381	56.61318898
1610.625	9.599873543	61.30537288	29.09475358	57.60581565	42.39418435	57.73318459	51.20901975	4.8242866	5.272066526	0.127368946	42.26681541	2.1744577229906144	141.72385691874322	13.55885572	2.358287439	2.537233479	104.74424091838658	48.43248808	22.496435385624924	27.96047628	10.089372525563574	58.04204345
1610.75	9.410517116	61.16343942	29.42604346	58.04667464	41.95332536	58.1742987	51.09046125	4.81311747	5.259860701	0.127624062	41.8257013	2.1723238306882537	141.3025343887459	13.62794042	2.338763151	2.512574313	104.58246502805598	49.54069347	22.496433072281086	28.51687074	9.93898615492835	59.39669013
1610.875	9.270143304	60.61107015	30.11878655	59.43772963	40.56227037	59.56162902	50.62906142	4.769650029	5.212358706	0.123899384	40.43837098	2.1709451409719316	140.96589412205643	13.70004353	2.317337895	2.484756163	105.07501644847986	48.56968123	22.496436785215536	29.6310991	9.788114898365643	60.55154204
1611	9.239899638	60.70678794	30.05331242	58.99098908	41.00901092	59.11677758	50.70901549	4.777182322	5.220590131	0.125788508	40.88322242	2.1704881156962346	140.79937430179308	13.7154941	2.315686255	2.478472826	106.02797797860175	50.13193565	22.496447803631817	29.70358133	9.645199821975776	60.47763824
1611.125	9.136715268	61.22992914	29.63335559	57.38781324	42.61218676	57.51671551	51.14600081	4.818349727	5.265578606	0.128902277	42.48328449	2.1714023858839155	140.82823655154675	13.7687403	2.30225148	2.46064839	107.20225204840301	49.63293404	22.496466685204958	29.4958353	9.490506317435152	59.58147645
1611.25	9.062477027	60.61412832	30.32339465	58.17752193	41.82247807	58.30904626	50.63161594	4.769890684	5.212621699	0.131524328	41.69095374	2.1739696770365824	140.800751967739	13.82796888	2.299956142	2.456780037	108.3880400637231	49.62106417	22.496493132256248	30.30691147	9.290733213945506	59.46353078
1611.375	9.215962804	60.08399756	30.70003963	58.76155152	41.23844848	58.8958696	50.18879216	4.728173253	5.167032144	0.13431808	41.1041304	2.177994742826778	140.3909494174255	13.84765893	2.293595774	2.448968085	109.43981154343882	49.96295571	22.49652591796336	30.09030521	9.053541829023231	59.47242379
1611.5	9.143063035	60.47947134	30.37746562	59.16660884	40.83339116	59.30427288	50.51913555	4.75929416	5.201041628	0.137664043	40.69572712	2.182699578934673	139.49913743409923	13.96544809	2.250413835	2.401600577	110.24921720824457	49.37224179	22.496563036867645	30.74865043	8.815188965742044	60.65201163
1611.625	8.993342575	59.7482618	31.25839562	58.86464615	41.13535385	58.99967007	49.90834857	4.701753292	5.13815994	0.135023914	41.00032993	2.186948940854801	138.29143224571152	13.9736734	2.234122708	2.382855164	110.81072055296013	49.85062624	22.49660191335251	30.69276214	8.585113207830553	59.44232345
1611.75	8.833154805	60.3984544	30.76839079	59.23725873	40.76274127	59.37019674	50.45146125	4.752918717	5.19407443	0.132938007	40.62980326	2.189606182983941	136.96085660623106	14.03252616	2.229115941	2.374030481	111.24088281159058	49.53560568	22.496639665645915	30.6043148	8.336969292944783	60.19582748
1611.875	8.864667413	59.57795971	31.55737288	58.25236007	41.74763993	58.38355035	49.76609345	4.688351757	5.123514503	0.131190281	41.61644965	2.1899661465536653	135.64819374372786	14.12815655	2.211904257	2.352061748	111.66769187544364	49.89447735	22.49667338084133	33.41125548	8.074045321962252	62.06933856
1612	8.767256248	59.51943656	31.71330719	59.08249877	40.91750123	59.2113998	49.71720845	4.683746412	5.118481699	0.128901022	40.7886002	2.188069713325858	134.59753457249496	14.16574383	2.199136313	2.338312476	112.12840135391033	50.69337803	22.49670040177964	31.77843392	7.862508005396177	59.94859338
1612.125	8.960585053	59.27545608	31.76395887	59.34277292	40.65722708	59.46813023	49.513409	4.664546923	5.097500156	0.125357303	40.53186977	2.184805455904799	134.20015280312384	14.28485436	2.167333716	2.306285344	112.59609859742503	50.08878219	22.49671855123694	31.37648106	7.781836176609556	61.23576164
1612.25	9.103820446	58.92760154	31.96857801	60.14022266	39.85977734	60.2690905	49.22284246	4.637173303	5.067585775	0.128867832	39.7309095	2.181581618598511	134.69267436647266	14.25972502	2.144919092	2.283731164	113.03672999122858	50.28913874	22.49672635415532	32.10050464	7.853865993020285	61.14048362
1612.375	8.861390975	59.52766822	31.61094081	60.39324603	39.60675397	60.51905718	49.72408444	4.684394183	5.119189596	0.125811152	39.48094282	2.1797369380478386	135.9222693221755	14.26218405	2.147555546	2.285904773	113.4492573872684	48.95997344	22.496723198932735	30.87922037	8.049945944483104	62.16461062
1612.5	8.700990062	59.54188618	31.75712375	58.82606681	41.17393319	58.95232864	49.73596086	4.685513033	5.120412295	0.126261823	41.04767136	2.180174217142801	137.57027329268976	14.25680404	2.13720412	2.275154375	113.80570852095329	48.86369891	22.496709382321725	31.73462152	8.339843244330915	58.63119364
1612.625	8.933614562	59.19824463	31.86814081	60.25753467	39.74246533	60.38452101	49.44891347	4.658470945	5.090860218	0.126986342	39.61547899	2.1833735176867517	139.4330999127527	14.19428586	2.164465671	2.30422123	113.99128673887382	49.34561497	22.49668611734167	31.88776374	8.698870826409081	60.89422107
1612.75	9.12894541	59.80163542	31.06941917	58.84418541	41.15581459	58.96905662	49.95293211	4.705953407	5.142749901	0.124871204	41.03094338	2.1892651785926587	141.39464587424607	14.18912687	2.202607144	2.347680405	113.79943956036772	50.10085455	22.496655395942643	33.24609995	9.081186978479609	62.40499616
1612.875	9.381107484	59.93677337	30.68211915	57.60655025	42.39344975	57.73066448	50.06581426	4.716587781	5.154371334	0.124114232	42.26933552	2.1968207906190185	143.21680156791894	14.13355706	2.233856726	2.388206716	113.12611866663329	52.22455964	22.496619793875524	31.83501661	9.436417518825667	62.25806475
1613	9.611596387	60.23159383	30.15680978	57.45046593	42.54953407	57.57211603	50.31208087	4.739788005	5.179724953	0.121650097	42.42788397	2.204123085853227	144.61382957962897	14.03956327	2.283610992	2.449049317	112.05232821273162	48.87653033	22.496582211616136	28.49446535	9.752399573880991	57.89598823
1613.125	9.885733963	60.44572931	29.66853672	57.930135	42.069865	58.04886989	50.49095048	4.756638908	5.198139921	0.118734886	41.95113011	2.2092766067222316	145.41065051437118	13.92868236	2.301000175	2.47385982	110.78709137395096	49.23267202	22.49654550240198	28.01986337	10.043635250629684	57.66191483
1613.25	9.701547423	60.85803284	29.44041974	59.20588222	40.79411778	59.32257847	50.83535194	4.789084195	5.23359671	0.116696252	40.67742153	2.211324682467355	145.59706118241428	13.89877792	2.302954554	2.47804706	109.5235970561786	48.54621868	22.496512160266267	28.97130847	10.29419409915961	57.99646974
1613.375	9.563329626	60.18846176	30.24820862	57.91694844	42.08305156	58.03276853	50.2760522	4.736393825	5.176015732	0.115820081	41.96723147	2.21016534019285	145.15602057576245	13.86260101	2.295189121	2.472448947	108.35683903152675	49.1571527	22.496483990709276	30.37939668	10.44468977886544	60.96392274
1613.5	9.801810226	60.41918292	29.77900686	58.54150566	41.45849434	58.65904276	50.468776	4.7545499	5.195857016	0.117537103	41.34095724	2.206081818431155	144.05927745923512	13.77287918	2.292568696	2.468445732	107.30103631988769	50.29231131	22.49646201975426	29.7867924	10.46133240752927	60.37753224
1613.625	9.571077438	61.22832305	29.20059951	59.32138922	40.67861078	59.43926926	51.14465922	4.818223339	5.265440487	0.11788004	40.56073074	2.199638685342618	142.47610847297227	13.69488133	2.321184862	2.499700562	106.3231220313416	50.10979882	22.496446527021206	28.86626422	10.381987240564884	59.1927588
1613.75	9.718867456	61.84641914	28.4347134	58.31587627	41.68412373	58.43136721	51.66096136	4.866863002	5.318594779	0.115490942	41.56863279	2.192046934185834	140.82493240534384	13.49797651	2.380755086	2.564373117	105.39275200909869	47.71202785	22.49643711862076	26.77682638	10.271385450939015	56.67886734
1613.875	9.519282061	62.52543366	27.95528428	56.66333519	43.33666481	56.77697721	52.2281493	4.920296502	5.376987862	0.113642021	43.22302279	2.1848077764657123	139.4547215111247	13.30967124	2.440798258	2.629449523	104.44924150906186	47.68394669	22.496432933705965	27.17163265	10.152471377936235	57.42365718
1614	9.72201669	62.69617517	27.58180814	57.15104601	42.84895399	57.26435731	52.37077147	4.933732616	5.391671087	0.113311297	42.73564269	2.1791628962547733	138.4109312124541	13.29313596	2.495296808	2.689868229	103.49556295948432	48.80090733	22.49643279308264	28.27313244	10.024646719912921	58.07081461
1614.125	9.944598995	61.9144764	28.14092461	55.99521273	44.00478727	56.10775261	51.7178103	4.872218613	5.324447486	0.112539878	43.89224739	2.175719249940872	137.6454646786589	13.25890942	2.515274729	2.716592989	102.60586629349957	48.6317044	22.496435409085084	26.92874074	9.909960358900838	56.92395568
1614.25	10.22233436	62.2766643	27.50100133	57.60286498	42.39713502	57.71540154	52.02034965	4.900720165	5.35559449	0.112536561	42.28459846	2.1749580699471744	137.1653924153946	13.27640955	2.490490779	2.700802083	101.86605593732699	48.54635349	22.496439629714683	27.78136432	9.83412597922548	59.01204348
1614.375	10.49559537	61.96176987	27.54263475	58.22390435	41.77609565	58.33633151	51.75731503	4.875940265	5.328514574	0.112427167	41.66366849	2.177248022762882	136.90251641458445	13.3158247	2.494079178	2.710016788	101.27695457161511	49.7332284	22.49644465104006	28.64682674	9.778476658326408	59.28552151
1614.5	10.30959812	62.31814458	27.37225729	56.52053374	43.47946626	56.63053564	52.05499856	4.903984361	5.359161662	0.110001907	43.36946436	2.1825754156260246	136.5984662490165	13.26995638	2.486828101	2.705743242	100.76842328815236	49.90379652	22.49645018939387	28.1904757	9.703095149059456	59.84767675
1614.625	10.1493895	62.19587369	27.65473681	57.1457407	42.8542593	57.25299687	51.9528644	4.894362531	5.348646755	0.107256166	42.74700313	2.190121671507304	135.99940258278988	13.26657943	2.509451789	2.728711663	100.27810217010347	48.38152565	22.496456685881846	27.23082006	9.603768433996649	58.31491351
1614.75	10.16059098	62.5555005	27.28390851	56.23902379	43.76097621	56.34904093	52.25326444	4.922662544	5.379573514	0.110017142	43.65095907	2.198811441752325	135.07889296243133	13.24226654	2.550730624	2.765910333	99.84281228653359	48.31485038	22.496465391315475	27.56886482	9.51163797080478	57.60840774
1614.875	9.916206586	62.69255449	27.39123893	55.86294388	44.13705612	55.97517827	52.36774707	4.933447695	5.39135972	0.112234392	44.02482173	2.207743061535271	134.01811281770443	13.18572869	2.575831752	2.791999106	99.67402755631497	48.08760811	22.496478351441667	25.15415251	9.44192703051486	60.08010507
1615	10.18815095	63.06526138	26.74658767	55.79328115	44.20671885	55.90645901	52.67907304	4.962777014	5.423411324	0.113177869	44.09354099	2.2161053684708527	133.0201385847221	13.04566568	2.607725503	2.831159446	99.92418413845898	49.75094436	22.49649831741626	27.41178274	9.381425516170554	59.41602588
1615.125	10.37186519	63.66398154	25.96415327	57.26921894	42.73078106	57.3849911	53.17919026	5.009891933	5.474899348	0.115772165	42.6150089	2.222684465235135	132.17933982541382	12.98736815	2.615467415	2.845413193	100.44703498290832	49.20076409	22.496528504757933	26.54241621	9.329540627892316	57.53105283
1615.25	10.57735367	63.06441511	26.35823122	56.71169378	43.28830622	56.82799429	52.67836615	4.962710419	5.423338547	0.116300515	43.17200571	2.226161754886461	131.6158520610466	12.89283038	2.619803159	2.858260305	100.8868703861595	47.41342754	22.49657233618806	25.36624074	9.329194648847075	56.63049221
1615.375	10.44189963	63.45203568	26.10606469	57.10117543	42.89882457	57.21649251	53.00214966	4.993213336	5.45667268	0.115317081	42.78350749	2.225966934056151	131.56360863832327	12.74554068	2.607774725	2.85052354	101.06944813107847	47.33066221	22.496633114519994	25.46228468	9.430602263105744	58.11174512
1615.5	10.26993312	64.14880518	25.5812617	58.67087888	41.32912112	58.78595972	53.58416852	5.048044024	5.516592634	0.115080844	41.21404028	2.2228541300366342	132.1886583054673	12.69340637	2.606147256	2.84682058	101.07908990271865	48.63277853	22.496713695675666	28.04479599	9.64219034507485	60.9755218
1615.625	10.08587424	64.12155255	25.79257321	58.06518363	41.93481637	58.17914719	53.56140411	5.045899441	5.514248995	0.113963561	41.82085281	2.218439249623377	133.3653429203467	12.49718002	2.611662345	2.850244384	101.00671011473776	49.06505412	22.49681626798312	27.58111358	9.936881759106175	60.96593738
1615.75	9.937156501	64.83699928	25.22584422	59.13850377	40.86149623	59.25175014	54.15902426	5.10219989	5.575775132	0.113246371	40.74824986	2.2144546245313	134.8200852179507	12.33897201	2.610566304	2.843966379	100.84517332259686	48.52797233	22.496942106697233	25.45562387	10.294236303797515	59.76574421
1615.875	9.654836614	64.8755551	25.46960829	59.35462234	40.64537766	59.46724197	54.19123033	5.105233953	5.579090809	0.112619629	40.53275803	2.212411988406929	136.38582794351692	12.22816687	2.628844333	2.859490636	100.60339260643529	47.43707987	22.49709149077995	23.70525002	10.69619509340845	58.50425959
1616	9.72462709	65.33942169	24.93595122	59.15511216	40.84488784	59.26935071	54.57870296	5.141736877	5.618981857	0.114238545	40.73064929	2.2136114639244315	137.92565396864543	12.16920676	2.645358852	2.874539628	100.41095442602769	47.95877087	22.497263587092124	24.51736331	11.090785984848537	59.55396891
1616.125	9.772790925	64.82532919	25.40187989	57.90018526	42.09981474	58.01374437	54.14927611	5.101281539	5.574771541	0.113559114	41.98625563	2.21867810216537	139.16985046604015	12.18929987	2.673270995	2.902781491	100.33206402804697	48.3778669	22.49745636491611	24.53626096	11.398927886805673	58.57681036
1616.25	9.911278166	64.95095875	25.13776309	57.1960581	42.8039419	57.3113388	54.2542158	5.111167671	5.585575283	0.115280698	42.6886612	2.2272665812697507	139.7888205552546	12.16151691	2.708571913	2.944604683	100.25591992385799	47.2635802	22.49766659476423	22.81538546	11.569200688627348	57.6798737
1616.375	10.00008304	65.38958936	24.61032759	57.79703844	42.20296156	57.9141509	54.62060854	5.145684708	5.623296116	0.117112463	42.0858491	2.238321450886528	139.72902881177674	12.16935974	2.703095315	2.940762563	100.0233853966369	47.84574263	22.497889855216428	23.06842506	11.609546007128934	57.52848387
1616.5	9.899700057	65.18742864	24.91287131	59.39743078	40.60256922	59.51612669	54.45174157	5.12977613	5.605910939	0.118695908	40.48387331	2.2505503593854437	139.2943444623131	12.09326611	2.705988274	2.944180898	99.6857298325377	46.49572651	22.498120747242538	23.24048281	11.55728248854884	56.49608374
1616.625	9.63787266	65.50441198	24.85771536	58.87593255	41.12406745	58.99116941	54.71652107	5.154720412	5.633170495	0.115236857	41.00883059	2.262322124727433	138.8922648402738	12.05390457	2.666883741	2.899462239	99.4162942424374	47.65360166	22.49835314244035	22.8431195	11.437702449049567	57.30483532
1616.75	9.489189898	64.96572652	25.54508358	60.03435661	39.96564339	60.14703648	54.26655147	5.112329788	5.586845264	0.112679868	39.85296352	2.2714622455338365	138.65955802095877	12.16823699	2.617252605	2.841269924	99.20592811145582	47.08789156	22.498580432323813	24.35997725	11.262659351243883	58.76981616
1616.875	9.716477001	64.00131343	26.28220956	58.92900941	41.07099059	59.04108402	53.46096712	5.036437497	5.503908815	0.11207461	40.95891598	2.275664240609719	138.5232870127301	12.21191992	2.586783472	2.809049122	98.84651282413736	47.56844898	22.498795790593398	24.86944795	11.061954403138714	59.699893
1617	9.966485631	64.49819643	25.53531794	60.61339172	39.38660828	60.72775852	53.87601869	5.075538572	5.546639168	0.114366797	39.27224148	2.2735258893572654	138.45994423904915	12.25201987	2.531686343	2.755872151	98.21732657242136	48.27912789	22.498992473271187	24.63928163	10.88100173365075	59.86087918
1617.125	10.10191155	64.50756772	25.39052073	61.74687377	38.25312623	61.86410269	53.88384662	5.076276024	5.547445068	0.117228915	38.13589731	2.2653286354340096	138.53470699805962	12.29026312	2.48525912	2.71244644	97.45676042732478	47.8990538	22.49916402238919	24.48754609	10.748067514532849	60.24448872
1617.25	10.02005216	64.02961533	25.95033251	62.56128535	37.43871465	62.67557865	53.48460799	5.038664651	5.506342688	0.1142933	37.32442135	2.252700782302987	138.70179874664785	12.22449885	2.46708069	2.701062495	96.74895556868022	48.0269876	22.499304439803417	24.80036318	10.661789801519792	61.4770472
1617.375	10.2346094	64.24456571	25.52082488	61.17743313	38.82256687	61.29357792	53.6641583	5.055579681	5.524827735	0.116144795	38.70642208	2.2378157970141346	138.8136171279522	12.19945779	2.479156044	2.714087019	96.13305750948702	48.14661907	22.499408326373807	23.95621836	10.619643231485277	63.93897533
1617.5	9.944190999	64.836504	25.219305	60.23772647	39.76227353	60.35410562	54.15861054	5.102160916	5.575732539	0.116379154	39.64589438	2.2228876593605023	138.7883942872125	12.17758214	2.514072415	2.750811565	95.5624722878251	47.23761513	22.499471030293734	23.9308238	10.62882073432613	60.25062799
1617.625	10.05327344	65.07572024	24.87100632	59.88618958	40.11381042	60.00001772	54.35843038	5.120985493	5.596304373	0.11382814	39.99998228	2.2099449182941475	138.6179228938189	12.13994119	2.569639285	2.811442557	95.1101528795865	48.37890483	22.499488810678507	24.37807918	10.683167527341547	60.88874936
1617.75	10.13010413	64.93313396	24.93676191	59.58864468	40.41135532	59.70367401	54.23932656	5.10976499	5.584042408	0.115029331	40.29632599	2.200283910647784	138.2616481049248	12.16518756	2.598720362	2.842238013	94.97278895526732	47.76638992	22.499458954325583	25.34173727	10.745066355013314	60.92464924
1617.875	10.30906752	64.34581757	25.34511492	58.99400062	41.00599938	59.10763434	53.74873503	5.063547465	5.533535071	0.113633718	40.89236566	2.194311239302963	137.6264340936438	12.20772512	2.617746224	2.865212322	95.24893442706339	48.28147957	22.49937996453877	25.24025142	10.770810517157921	60.31326056
1618	10.28069615	64.62890316	25.09040069	58.50558338	41.49441662	58.61631073	53.98519939	5.085824241	5.557879529	0.110727347	41.38368927	2.1919309637727493	136.72145252482562	12.26916757	2.642068974	2.892288641	95.86472711606564	48.38047046	22.499251745895357	25.56429803	10.748983860626643	60.2419734
1618.125	10.3121322	64.77836737	24.90950044	57.58569687	42.41430313	57.69415628	54.11004841	5.097585986	5.570732974	0.108459416	42.30584372	2.1930971800134405	135.75648378632005	12.29976104	2.694970057	2.947810359	96.69793942370364	47.7252865	22.499075772222955	24.38769639	10.703926580182479	56.81608319
1618.25	10.20024655	65.18980732	24.60994613	56.15289174	43.84710826	56.26127615	54.4537285	5.129963315	5.606115498	0.108384407	43.73872385	2.1975968591616755	135.01518276259753	12.36137715	2.755169371	3.008536191	97.69125464443907	47.26684903	22.498855335985485	23.26762378	10.655112688735349	57.02499747
1618.375	10.26677312	64.43412109	25.29910579	54.69700018	45.30299982	54.80708813	53.82249588	5.070496309	5.541128892	0.110087943	45.19291187	2.2045477032519454	134.56549182903905	12.50734839	2.814075898	3.065197892	98.69140213957998	48.49551341	22.498595716937288	24.69332814	10.588675971555318	56.93883896
1618.5	10.23072429	63.98326923	25.78600649	53.144311	46.855689	53.25585277	53.44589461	5.03501755	5.50235707	0.111541772	46.74414723	2.212146167290458	134.18414490308632	12.71301609	2.825751004	3.074052284	99.45092024320455	48.54462832	22.49830431652738	25.68808496	10.477005883083955	54.37678099
1618.625	10.51564067	63.16329713	26.3210622	54.03850286	45.96149714	54.14673247	52.76096333	4.970491714	5.431842085	0.10822961	45.85326753	2.218348840478395	133.650116178789	12.93662272	2.789344797	3.034463713	99.83419352459921	48.13765622	22.497990663514834	25.95832348	10.315850688412837	53.77270579
1618.75	10.59088368	62.94139137	26.46772495	55.02712571	44.97287429	55.13476111	52.57560312	4.953029346	5.412758898	0.107635398	44.86523889	2.2215943085351815	132.98185415831762	13.10129823	2.733719362	2.972762323	99.97501191050493	48.66207396	22.49766629544144	27.45333612	10.126710880898312	55.35499454
1618.875	10.32150665	62.51993788	27.15855547	55.44984417	44.55015583	55.55870988	52.22355861	4.919864024	5.376515242	0.108865707	44.44129012	2.221066407908183	132.41121301601214	13.13434799	2.70412594	2.939911499	100.06619720545072	49.07726866	22.497344565799636	27.52114832	9.93704883704929	55.25376201
1619	10.12932579	63.45176441	26.41890981	54.19455181	45.80544819	54.3043631	53.00192307	4.993191989	5.456649351	0.109811289	45.6956369	2.2168582189190644	132.15478017685106	13.09622574	2.697517222	2.930896529	100.12918604004042	48.6423337	22.49704015632036	26.23431087	9.775925849704514	55.90168238
1619.125	10.25586552	63.44884956	26.29528492	54.84274437	45.15725563	54.95247803	52.99948826	4.992962612	5.456398684	0.109733661	45.04752197	2.2104892871959727	132.33709910631046	13.07866201	2.687450046	2.915389508	100.03403876598777	48.41443256	22.496768372180526	26.49284005	9.67565951849628	57.08025694
1619.25	10.1231476	63.04599454	26.83085786	55.70421869	44.29578131	55.81107607	52.66297925	4.961260854	5.421754437	0.106857384	44.18892393	2.2046336832848064	132.95652417429312	13.02057055	2.685744665	2.911450652	99.69301315716399	48.87611371	22.496544256908557	26.7436713	9.644962295312087	56.6937089
1619.375	9.999415456	63.03292303	26.96766151	56.27769316	43.72230684	56.38303656	52.65206048	4.960232222	5.420630329	0.105343402	43.61696344	2.2016145905303484	133.87396773165867	13.08282953	2.62786782	2.851587768	99.15139179416298	49.08853139	22.49638162295017	27.15418935	9.64152506692388	57.37181306
1619.5	10.28310516	62.33699809	27.37989675	56.7018827	43.2981173	56.8049054	52.07074709	4.905467995	5.360783004	0.103022692	43.1950946	2.2020756504695758	134.79745494735607	13.06705461	2.580469105	2.800417416	98.48944715523892	48.41404196	22.496291981375563	27.41665542	9.605873665519553	58.1027925
1619.625	10.05618318	63.13348571	26.81033111	57.78172363	42.21827637	57.88526053	52.73606154	4.968145773	5.429278399	0.103536903	42.11473947	2.205046643831102	135.35070672676125	13.06120844	2.534808616	2.754855062	97.72157106599995	49.33745952	22.49628352448117	27.07378268	9.538276415205532	59.57083106
1619.75	10.28709253	62.58784926	27.12505821	58.61710752	41.38289248	58.72218467	52.2802857	4.925208156	5.382355404	0.105077156	41.27781533	2.208785450134093	135.27112979314538	13.11246918	2.504970691	2.72575708	96.80828919007001	48.54839585	22.496360223792976	26.87322199	9.511702253169114	58.2205236
1619.875	10.28597405	62.24897591	27.46505004	57.4469464	42.5530536	57.55340893	51.99722124	4.898541289	5.353213377	0.106462525	42.44659107	2.2116319125328934	134.4909432716425	13.16635159	2.497624366	2.716614477	95.72099493210649	48.7236579	22.49652119626345	26.67635381	9.596792886381344	63.43207955
1620	10.26420321	61.80853635	27.92726044	56.39749182	43.60250818	56.50427579	51.62931747	4.863881903	5.31533698	0.106783972	43.49572421	2.21261318708563	133.12131042349515	13.25118806	2.5215838	2.740345456	94.4905743408783	50.12152344	22.496760237059064	27.66711414	9.790295277316119	57.68589377
1620.125	10.13798428	62.6565956	27.20542012	55.15714899	44.84285101	55.26412476	52.33771024	4.930617992	5.38826737	0.106975776	44.73587524	2.212158291618174	131.4262408850414	13.27659072	2.571508688	2.790234986	93.32249065318551	48.5989018	22.49706575754354	26.86678469	10.024315989460499	57.3043406
1620.25	10.1549243	62.91995684	26.92511887	55.19204972	44.80795028	55.29756153	52.55769864	4.951342605	5.410915596	0.105511808	44.70243847	2.2123630271337515	129.98945572774872	13.16777023	2.609006405	2.828922566	92.74613925863434	48.2720136	22.497421251364855	26.18505359	10.201065778502926	57.00833201
1620.375	10.01426044	63.58938703	26.39635252	56.66097743	43.33902257	56.76335495	53.11688069	5.004021888	5.468484458	0.102377517	43.23664505	2.2164764078086554	129.71748436204277	12.91921508	2.636140564	2.860078233	93.54358320434038	47.50243543	22.497806211077616	26.41137242	10.203521817040116	57.59780407
1620.5	9.978968215	64.20759018	25.8134416	58.25680846	41.74319154	58.3592137	53.63327225	5.052669976	5.521647957	0.10240524	41.6407863	2.22760440811756	131.549725395297	12.73544593	2.635128697	2.858552089	96.4119896681814	48.54611823	22.49819756237506	26.2858212	9.912368656677016	59.93772745
1620.625	9.696807533	64.24995938	26.05323308	57.75719969	42.24280031	57.86187428	53.66866369	5.056004124	5.525291573	0.104674594	42.13812572	2.2479459837120888	136.13458349807888	12.62097275	2.625291464	2.848200392	101.63365994574207	49.23257524	22.498571385570642	26.53110027	9.265850482746288	59.14751291
1620.75	9.896439615	63.81619381	26.28736657	57.34347757	42.65652243	57.45010494	53.30633476	5.021869931	5.487989118	0.106627372	42.54989506	2.278499129793955	143.67154658987047	12.60363858	2.640464685	2.862670881	108.99402110412544	48.19710068	22.498904674210305	25.6452173	8.305733626902978	56.55955076
1620.875	9.867222646	63.90303638	26.22974097	55.98941516	44.01058484	56.09395957	53.37887527	5.028703809	5.495457302	0.104544413	43.90604043	2.318682179715521	153.86377043912069	12.71083032	2.645755816	2.86127427	117.9000217351309	47.35586862	22.499176985985216	19.7355777	7.135982914049853	58.21748376
1621	9.611268321	63.42279924	26.96593244	56.24821948	43.75178052	56.35584336	52.97772816	4.990912641	5.454158439	0.107623879	43.64415664	2.3656594408982587	165.89758316684998	17.53777617	2.125662331	2.286700236	127.51303881079613	53.05731519	22.499371862504688	45.67559361	5.844985632049961	66.96841121
1621.125	0.441117205	13.63958588	85.91929691	91.60755002	8.392449982	91.85871089	10.63138553	2.994560768	0.013639586	0.251160867	8.141289115	2.4143594977419673	178.6400608686399	22.18933413	1.608081559	1.713613969	136.89810330712487	57.15546813	22.499477955030716	80.48455715	4.493591100984591	94.55920458
1621.25	0.44209392	15.04022792	84.51767816	93.75524325	6.244756753	94.00276402	11.72311702	3.302070667	0.015040228	0.247520772	5.997235981	2.4585376626813478	191.0008663938659	26.80453709	1.074407735	1.124285813	145.22174727318276	60.01058651	22.499489736791848	86.93332076	3.1763826878119965	95.65611482
1621.375	0.429927321	15.31682273	84.25324995	91.52884207	8.471157926	91.77648536	11.93870906	3.362796849	0.015316823	0.247643288	8.223514638	2.492639793195872	202.08798848073226	31.37629654	0.5546879	0.553500745	151.91668989451065	64.86018935	22.499407667546144	83.85973573	2.0372053247037685	88.7409687
1621.5	0.436298862	15.3072945	84.25640663	93.30545756	6.694542441	93.54884671	11.93128227	3.360704934	0.015307295	0.243389148	6.451153293	2.513582777315099	211.1481346408578	31.12274668	0.559893713	0.558705507	156.6917598923142	65.18288736	22.499237864468196	83.04452896	1.2007511864267533	88.48141432
1621.625	0.442904575	16.38245484	83.17464059	91.17431336	8.825686636	91.41217523	12.76931681	3.596755573	0.016382455	0.237861866	8.58782477	2.5216683342551978	217.5251866827341	31.03352651	0.566882231	0.565680112	159.4730453556826	64.5829884	22.498991332191114	83.83255005	0.7044535161248513	88.47513199
1621.75	0.445357769	16.02930474	83.5253375	90.06655167	9.933448332	90.30124456	12.4940537	3.519221735	0.016029305	0.234692887	9.698755445	2.520408206891776	220.9445586437052	31.133891	0.567781942	0.566590193	160.48096852240366	65.37587534	22.49868289715831	84.00485516	0.5038647903361264	89.03059363
1621.875	0.432561375	14.24283916	85.32459947	89.6971456	10.3028544	89.93321975	11.10159175	3.127004568	0.014242839	0.236074146	10.06678025	2.515353559705395	221.71475934109236	31.19531561	0.575434299	0.574208591	160.28650710945766	64.31998254	22.498329813300217	83.93179178	0.5136034449732227	90.79613686
1622	0.421313358	14.69730367	84.88138297	87.43581934	12.56418066	87.67227609	11.45582446	3.226781908	0.014697304	0.236456751	12.32772391	2.5121901644957148	220.62866733233676	31.35024248	0.576100654	0.574854844	159.6821357625443	65.88933418	22.49795027451331	84.57682729	0.6276473484361064	93.20850372
1622.125	0.42410537	14.73954786	84.83634677	88.84059053	11.15940947	89.08385649	11.48875172	3.236056588	0.014739548	0.243265962	10.91614351	2.5147929328181373	218.61259716946353	31.36928681	0.577034181	0.575761131	159.32585699819467	66.37709428	22.49756194119324	84.65173244	0.734270748634797	91.78800583
1622.25	0.4163149	15.85270568	83.73097942	89.22493445	10.77506555	89.469895	12.35640343	3.480449546	0.015852706	0.244960547	10.530105	2.5243554980657397	216.50220340025345	31.26604956	0.580914063	0.579604951	159.5386609753334	64.83143205	22.497180690080206	83.71217847	0.7597189275529029	91.03872776
1622.375	0.405673233	15.38920159	84.20512518	88.40320815	11.59679185	88.64772087	11.99512481	3.378687573	0.015389202	0.244512727	11.35227913	2.5397249058099876	215.01454649929593	31.21179985	0.584641001	0.583308486	160.33111714087156	64.67833502	22.496819671515162	81.03477955	0.7104034844094906	90.37512541
1622.5	0.410942972	15.30308287	84.28597416	85.76954265	14.23045735	86.0079387	11.92799951	3.359780274	0.015303083	0.238396055	13.9920613	2.5585103016253607	214.621230543279	31.37938103	0.58863995	0.58728593	161.52412418872075	66.38690766	22.496488976117355	85.70112586	0.6514570893988256	89.43561316
1622.625	0.401955681	12.97497876	86.62306556	84.40419432	15.59580568	84.64151222	10.113357	2.848646776	0.012974979	0.237317904	15.35848778	2.578202645141982	215.37150494965357	31.84635932	0.589479508	0.588125475	162.801665468976	63.8012112	22.49619587410992	86.47178411	0.6332168441002337	89.95164037
1622.75	0.404611337	10.85304456	88.7423441	83.3606121	16.6393879	83.59404849	8.459413791	2.382777728	0.010853045	0.233436392	16.40595151	2.5970714929693965	216.99248997167496	32.07308588	0.591962418	0.59061001	163.78404197063827	66.38333732	22.495945484265594	88.53605986	0.6576724579142618	90.29408097
1622.875	0.414082062	12.96013409	86.62578384	84.24894779	15.75105221	84.48131968	10.10178632	2.845387641	0.012960134	0.23237189	15.51868032	2.6146605969348964	219.33678701014895	32.47840321	0.589560188	0.588230014	164.2164796898995	66.62161212	22.49574166766913	89.10517693	0.7068845429414834	89.25700784
1623	0.416738237	10.93833118	88.64493058	82.69176387	17.30823613	82.91966532	8.525890509	2.40150234	0.010938331	0.227901442	17.08033468	2.6319444328308617	222.53353833003138	32.7980946	0.587966475	0.586657226	164.07663437094914	66.29394502	22.495587826768798	89.21158314	0.7732584151208973	88.61674666
1623.125	0.410550186	9.52973237	90.05971744	81.91000582	18.08999418	82.13875186	7.427957101	2.092245536	0.009529732	0.228746044	17.86124814	2.6509320494046187	226.58105704096042	33.02151588	0.583049444	0.581777979	163.5749819769939	66.11645698	22.495487519646687	90.36234617	0.8497381691905855	89.60541487
1623.25	0.408541022	8.430647656	91.16081132	83.99945186	16.00054814	84.22682684	6.57127469	1.850942318	0.008430648	0.22737498	15.77317316	2.6738404521226213	231.0248917626797	33.63110781	0.569689593	0.568496804	163.00662330502172	67.70131995	22.495444852346942	92.5137043	0.9217138974102089	90.18186927
1623.375	0.406400863	6.362910459	93.23068868	86.11001424	13.88998576	86.33950728	4.959575368	1.39697218	0.00636291	0.229493032	13.66049272	2.702165202244642	235.18737892291523	34.20946516	0.553659276	0.55257389	162.6366012832204	67.43717675	22.495464654439523	93.05943847	0.9770709362879697	90.32322168
1623.5	0.404425873	4.666514955	94.92905917	86.83439088	13.16560912	87.06109388	3.63731861	1.02452983	0.004666515	0.226703001	12.93890612	2.735949857030641	238.62311189954272	34.65995695	0.539935085	0.538937399	162.6079023038233	68.46334597	22.495552265074124	95.24459839	1.014557252306357	89.90271091
1623.625	0.394190163	4.644403712	94.96140613	85.91493579	14.08506421	86.14619465	3.620083985	1.019675323	0.004644404	0.231258854	13.85380535	2.7735153255613807	241.20542913703417	35.2729565	0.527780003	0.526951167	162.93820937380303	68.87131434	22.495712962874197	96.63591981	1.036546954228311	88.77547383
1623.75	0.38725974	1.808356308	97.80438395	85.60646474	14.39353526	85.84182762	1.409524692	0.39702326	0.001808356	0.235362876	14.15817238	2.8118647688686087	242.93817088201956	35.78141667	0.521260063	0.520707219	163.5535220761169	69.08833091	22.49595109695366	97.39117622	1.0453757609180667	88.65398169
1623.875	0.383275646	0.889659404	98.72706495	85.10258928	14.89741072	85.33305812	0.693445695	0.195324049	0.000889659	0.230468842	14.66694188	2.8474859929577105	243.92452319226948	36.04660757	0.523401741	0.52293187	164.33177769251506	69.21496604	22.496268985264518	98.73358011	1.0481420455452828	89.32060003
1624	0.392739658	1.835923951	97.77133639	82.60951822	17.39048178	82.83792756	1.431012312	0.403075715	0.001835924	0.228409346	17.16207244	2.8771240760943386	244.45593808033624	36.38301426	0.519891679	0.519677882	165.17757493508617	69.88801603	22.496665835584658	99.05805588	1.0590494206396974	89.28163648
1624.125	0.398819298	1.012391744	98.58878896	84.6762617	15.3237383	84.89862008	0.78910951	0.222269842	0.001012392	0.222358377	15.10137992	2.8983724660387837	244.93707739556555	36.21366609	0.520752208	0.520474159	166.05188391694563	69.49630519	22.49713681208074	97.94715047	1.0898660983237647	90.52687883
1624.25	0.388265527	3.630671199	95.98106327	86.82474257	13.17525743	87.04347533	2.829929411	0.797111117	0.003630671	0.218732754	12.95652467	2.910170706208588	245.55337818065783	35.92831315	0.522968674	0.522480026	166.96596514395193	70.53266123	22.497672211723497	98.27388525	1.1404899542241882	89.66550827
1624.375	0.396828324	3.954298585	95.64887309	86.69608774	13.30391226	86.91241347	3.082181022	0.868163264	0.003954299	0.216325735	13.08758653	2.9127639671340058	246.23247036104607	35.77555089	0.52063518	0.520101331	167.8849239324817	68.49857414	22.49825713436563	97.29580879	1.2018766932664482	88.84492517
1624.5	0.4070712	3.456273005	96.1366558	85.77431876	14.22568124	85.99395585	2.693994607	0.758822125	0.003456273	0.219637095	14.00604415	2.9073356876045806	246.89937377327243	35.62506131	0.5228966	0.522190202	168.6820618302295	67.6731658	22.498871671896076	96.38593793	1.2668965385799724	90.13892412
1624.625	0.403588004	2.635013448	96.96139855	84.80759484	15.19240516	85.0265897	2.053863225	0.57851521	0.002635013	0.218994861	14.9734103	2.8955277088058744	247.63936299162987	35.85508166	0.519717464	0.519233357	169.163404115121	70.0554302	22.499491757950583	96.77410126	1.330483950624446	88.34346533
1624.75	0.41363949	1.126971145	98.45938937	86.50448538	13.49551462	86.72298795	0.878418511	0.247425663	0.001126971	0.218502575	13.27701205	2.879257142385232	248.47882721615613	35.94018496	0.515473851	0.515033976	169.19684079851834	67.9617602	22.500090696363515	97.31695652	1.3823745355432433	88.45237494
1624.875	0.402503783	3.015711589	96.58178463	88.82925253	11.17074747	89.04990459	2.350598679	0.662097199	0.003015712	0.220652066	10.95009541	2.8604730593140624	249.1696967432594	35.97822987	0.5079862	0.507590738	168.86929092362587	69.26817348	22.50064107320393	94.7697401	1.406349960215488	89.60068226
1625	0.394573187	3.021109838	96.58431697	90.83405505	9.165944946	91.05170452	2.354806347	0.663282381	0.00302111	0.217649462	8.948295484	2.84113607286937	249.31178400772782	35.77540044	0.505242444	0.504805229	168.45000981972686	69.20155314	22.501116969064835	96.52273655	1.3909461663740512	89.21700716
1625.125	0.398205922	4.804577261	94.79721682	88.91143694	11.08856306	89.1267662	3.744931379	1.054841305	0.004804577	0.215329261	10.8732338	2.8231397013607236	248.6504899590886	35.5828549	0.5024263	0.501812998	168.19003850392562	68.21880423	22.501496035178235	96.61693573	1.3369804220739567	89.27302361
1625.25	0.398612898	3.19121044	96.41017666	90.83147973	9.168520273	91.05103237	2.48739139	0.700627839	0.00319121	0.219552643	8.94896763	2.808271484573424	247.28245266238352	35.51677305	0.503902249	0.503264548	168.09577186685988	69.2576984	22.501761189215618	96.14076018	1.2560196884044634	89.51035738
1625.375	0.40898521	3.727473345	95.86354145	88.46361824	11.53638176	88.68403951	2.905381917	0.818363954	0.003727473	0.220421269	11.31596049	2.798154615076637	245.57275787018676	35.3886531	0.512426465	0.511731475	168.02281515003574	70.33302439	22.501901972463816	95.37174702	1.1642997487020916	87.57280111
1625.5	0.421033193	4.418144525	95.16082228	86.00753477	13.99246523	86.22275958	3.44372609	0.97000029	0.004418145	0.215224811	13.77724042	2.7942103653780572	243.95580616742234	35.67109545	0.515120144	0.514557561	167.82190088577389	68.58338679	22.50191544272517	95.90604305	1.078736034363184	88.66143823
1625.625	0.426097589	1.76404917	97.80985324	83.96609443	16.03390557	84.18003724	1.374989459	0.387295661	0.001764049	0.213942813	15.81996276	2.797445341222603	242.73754422616219	35.84880323	0.519967698	0.519577623	167.46238228566102	70.33625614	22.50180652142689	96.70534134	1.0135579506659975	88.10253739
1625.75	0.429496042	1.284620482	98.28588348	85.23139652	14.76860348	85.43908161	1.001298406	0.282037456	0.00128462	0.207685088	14.56091839	2.808089510973626	242.04106076761576	35.9675045	0.52612745	0.525797797	166.92403823612239	69.7078652	22.50158773385437	96.80457115	0.975587131115353	87.44966388
1625.875	0.428413359	2.468368016	97.10321862	82.94119911	17.05880089	83.14315684	1.923971316	0.541928331	0.002468368	0.201957731	16.85684316	2.8255908312268607	241.8386856801448	35.89247799	0.534811891	0.53444803	166.21719208295787	69.48549437	22.50127812294497	97.03350067	0.9634034068821087	87.31307983
1626	0.426024666	5.259771654	94.31420368	81.17293012	18.82706988	81.37628869	4.099732993	1.15477889	0.005259772	0.203358566	18.62371131	2.8487017959678234	242.0704403919707	35.78283458	0.539667851	0.539216013	165.43407628111206	69.44301455	22.500901709129835	97.68613577	0.972196141839522	87.2148931
1626.125	0.433769394	2.95851301	96.6077176	81.94839688	18.05160312	82.15510717	2.306015203	0.649539294	0.002958513	0.206710286	17.84489283	2.875543828450772	242.72003370193528	35.80422144	0.545783254	0.545355757	164.7831460938749	69.1905917	22.500485572920162	97.18059301	0.9984770723188594	86.90558672
1626.25	0.438086014	1.078483791	98.48343019	80.91732661	19.08267339	81.12533152	0.840625007	0.236780301	0.001078484	0.208004912	18.87466848	2.903298045163118	243.80051771015803	36.03363074	0.547665079	0.548273458	164.3850091484755	69.17618773	22.50005769663357	98.32473993	1.0373671925856685	87.05985546
1626.375	0.443780696	0.01	99.5462193	78.5396422	21.4603578	78.74548477	0.007794508	0.002195492	1e-05	0.20584257	21.25451523	2.9283163719472403	245.24332962127488	36.5210377	0.544723863	0.546453667	164.1437424104773	70.19873114	22.499644964156953	98.63986969	1.079148835631708	85.04507542
1626.5	0.439305973	0.01	99.55069403	77.28094145	22.71905855	77.49173548	0.007794508	0.002195492	1e-05	0.210794026	22.50826452	2.946748204752302	246.8549514590188	36.76827265	0.547976151	0.550225947	163.87227920618616	68.60022141	22.499271240068797	99.34865832	1.1137051029286047	85.31015515
1626.625	0.429420809	0.322799934	99.24777926	77.14659256	22.85340744	77.35402323	0.251606653	0.070870482	0.0003228	0.207430671	22.64597677	2.9553706355502043	248.31457248172543	36.86998759	0.550318956	0.553375039	163.49548186755658	70.12890425	22.49895570219173	98.46266508	1.1386191458233783	84.09065008
1626.75	0.424751596	0.01	99.5652484	77.73784316	22.26215684	77.94669119	0.007794508	0.002195492	1e-05	0.208848026	22.05330881	2.952108208230624	249.28320627932004	36.75776041	0.556579706	0.55865892	163.05653933397355	67.86793712	22.49871181152274	97.92634249	1.1592167439920187	83.23069811
1626.875	0.420403671	1.250013639	98.32958269	76.76514504	23.23485496	76.97845315	0.974324076	0.274439549	0.001250014	0.213308117	23.02154685	2.936484310766218	249.5053970243359	36.67329466	0.561867378	0.563073122	162.532607208462	68.91999012	22.498546774128425	98.74230623	1.1818722129444104	84.03259516
1627	0.432469584	0.937885528	98.62964489	75.78458796	24.21541204	76.00325287	0.731035584	0.205912059	0.000937886	0.218664909	23.99674713	2.9100062282578327	248.95673659609702	36.60414921	0.563990726	0.564816879	161.84234508652588	69.84497017	22.498461608785085	97.88767695	1.211505194381226	82.67166615
1627.125	0.436474462	1.068067511	98.49545803	76.86011115	23.13988885	77.08522797	0.832506029	0.234493414	0.001068068	0.225116816	22.91477203	2.87575716264711	247.7928767949699	36.49428068	0.569039328	0.568942283	160.9952008543316	68.70646214	22.498451670376667	98.53687286	1.252682621722653	83.86710882
1627.25	0.42606851	1.204780466	98.36915102	76.6119737	23.3880263	76.8402008	0.939067045	0.26450864	0.00120478	0.228227104	23.1597992	2.8374939721262615	246.18170791793756	36.26897011	0.575666894	0.575343577	160.16393479947254	69.87157636	22.498507275243753	96.03807926	1.3052825059599642	81.8375349
1627.375	0.422106291	3.695044976	95.88284873	75.28933123	24.71066877	75.5129885	2.8801056	0.811244331	0.003695045	0.223657263	24.4870115	2.798884315969806	244.0933199068349	35.75769936	0.584296076	0.583623062	159.5202771212476	67.37038342	22.49861476924341	91.06373787	1.3578737425657643	78.83862257
1627.5	0.425255852	6.467669683	93.10707447	76.00756215	23.99243785	76.22972889	5.041230025	1.419971989	0.00646767	0.222166748	23.77027111	2.763238797486762	241.4259940204887	35.37231994	0.589332158	0.588374804	159.09341436525415	69.33396325	22.498757591614854	94.48746443	1.3922635841357607	83.76238346
1627.625	0.429380564	5.231905727	94.33871371	77.78897888	22.21102112	78.01489293	4.078012875	1.148660946	0.005231906	0.225914054	21.98510707	2.7332993380708985	238.29435803190214	34.77586676	0.601216801	0.599968739	158.87328228902345	68.67293087	22.49891753317884	91.6962862	1.397319488960941	82.06671476
1627.75	0.435777841	7.652731358	91.9114908	75.85102854	24.14897146	76.07830642	5.964927243	1.680151383	0.007652731	0.227277877	23.92169358	2.7109625033726243	235.13758876681948	34.29014669	0.60488918	0.603576965	158.93081363902553	66.3795113	22.499076270287922	90.63774347	1.374841327069753	81.93026185
1627.875	0.443273271	8.914686672	90.64204006	77.9351449	22.0648551	78.16158364	6.948559267	1.957212718	0.008914687	0.226438742	21.83841636	2.6971623491686985	232.47263915716388	33.85537866	0.611370156	0.61002699	159.39904749806072	66.75375818	22.499216690710917	90.24251103	1.33094851428871	82.44194984
1628	0.452471797	11.14592477	88.40160343	76.84622782	23.15377218	77.06592758	8.687699493	2.447079357	0.011145925	0.219699759	22.93407242	2.6918404840760886	230.62319385166734	33.45420227	0.622259346	0.620855696	160.2583506833641	65.52446818	22.499323985267516	89.62171078	1.2679644239902708	82.26335049
1628.125	0.441648433	9.575863752	89.98248781	75.83694642	24.16305358	76.05408174	7.463914242	2.102373646	0.009575864	0.217135328	23.94591826	2.6943491152416246	229.71148103741842	33.35242621	0.62461754	0.623211078	161.33965445492294	67.32433346	22.49938642929204	90.13516903	1.1888786492797225	84.21103954
1628.25	0.444955204	8.749577832	90.80546696	75.60849778	24.39150222	75.83051529	6.819865057	1.920963197	0.008749578	0.222017504	24.16948471	2.7037701139848638	229.75546347015083	33.56387597	0.623504549	0.622119545	162.42459637061097	66.59593671	22.49939571441077	90.75026512	1.1052099730143836	82.32637644
1628.375	0.451931889	6.634345306	92.91372281	76.48583432	23.51416568	76.71046808	5.171145465	1.456565496	0.006634345	0.224633759	23.28953192	2.719252989693222	230.71028979501645	33.76810196	0.619296406	0.617924627	163.3299372477433	66.37823718	22.4993472207025	91.10364914	1.0346431791178934	82.10531473
1628.5	0.463934181	8.929922016	90.6061438	77.02018876	22.97981124	77.24763797	6.960434467	1.960557627	0.008929922	0.227449204	22.75236203	2.7400014061573836	232.41644617792863	33.98721942	0.611603941	0.610256672	163.8709850500695	67.5554121	22.499239961874004	92.49894619	0.9902609626768236	84.0403676
1628.625	0.45686426	7.183537575	92.35959816	77.77236554	22.22763446	78.00581609	5.599213795	1.577140243	0.007183538	0.233450551	21.99418391	2.7653849942531634	234.64239802033407	34.1368526	0.602956836	0.601647853	163.91673331073036	67.82744082	22.499076329018923	92.84608364	0.9768176274192242	84.92479324
1628.75	0.444583778	7.108670938	92.44674528	78.78537121	21.21462879	79.01600182	5.540858937	1.56070333	0.007108671	0.230630607	20.98399818	2.7946272167221102	237.1902995613038	34.25597298	0.595953372	0.594677822	163.5326549784139	68.08899483	22.498861788654672	93.5243845	0.9945878276697895	84.25120115
1628.875	0.451194939	5.326398073	94.22240699	79.22919612	20.77080388	79.46441674	4.151665005	1.16940667	0.005326398	0.235220616	20.53558326	2.8262315217768137	239.89674670665687	34.67316492	0.583519477	0.582317056	162.93254254332976	68.28948874	22.498604279669408	94.30000782	1.0409655888943514	84.8949492
1629	0.440830359	4.412259419	95.14691022	79.90449313	20.09550687	80.14603065	3.43913894	0.968708219	0.004412259	0.241537515	19.85396935	2.857587648587115	242.52474901981148	34.89273862	0.578290089	0.577121443	162.38030423571917	68.29537653	22.49831367383517	94.96366978	1.1056248913986888	85.92560887
1629.125	0.449262283	4.808313074	94.74242464	78.57618979	21.42381021	78.81926902	3.747843261	1.0556615	0.004808313	0.243079227	21.18073098	2.885378499141904	244.75720500888875	35.26681587	0.5754325	0.574339994	162.0461521469162	69.39302149	22.49800128334774	96.40216231	1.1708656808383509	84.80570912
1629.25	0.452405978	3.074630733	96.47296329	76.78919672	23.21080328	77.02777836	2.396523249	0.675032853	0.003074631	0.238581634	22.97222164	2.906441716809677	246.35523090726042	35.53294954	0.579418993	0.578387552	162.04766546216328	69.56199893	22.497679260069	96.65971398	1.220959922633019	83.33873749
1629.375	0.456741136	2.481616971	97.06164189	74.49117111	25.50882889	74.72943723	1.934298224	0.54483713	0.002481617	0.238266119	25.27056277	2.918478421273285	247.2617822305143	35.94189782	0.578646272	0.578775008	162.3880076758542	68.91176412	22.497360032914866	97.05105424	1.249906897772218	83.38469267
1629.5	0.463988792	0.01	99.52601121	75.52537838	24.47462162	75.77039063	0.007794508	0.002195492	1e-05	0.245012255	24.22960937	2.9206833959384615	247.55469840328942	36.12897276	0.57952224	0.579716556	162.97994966152044	68.54544397	22.497055642130924	96.45262361	1.2596443936419093	82.63406157
1629.625	0.454033307	2.800142195	96.7458245	76.29261632	23.70738368	76.53119581	2.182572951	0.614769102	0.002800142	0.238579493	23.46880419	2.9142426863523765	247.4097982465953	35.89967038	0.584009563	0.58412507	163.6517038862002	68.25854734	22.496777063324913	96.59148455	1.2533525065402333	81.641078
1629.75	0.463902684	5.54907578	93.98702154	76.49367294	23.50632706	76.73234762	4.325231312	1.218295392	0.005549076	0.238674682	23.26765238	2.902414630219846	247.02085657219314	35.81220937	0.585859021	0.585929333	164.27347921620023	69.13142514	22.496533864952962	96.47568464	1.234249056163847	83.24080706
1629.875	0.474393359	3.418712886	96.10689376	74.32638407	25.67361593	74.56527457	2.664718344	0.750575829	0.003418713	0.238890495	25.43472543	2.8897217223601266	246.61534178820636	35.7003832	0.587415628	0.586602512	164.7944813716618	69.90799293	22.496333872127916	92.78398156	1.208332768131064	81.67724609
1630	0.479031671	1.20306261	98.31790572	76.46119775	23.53880225	76.69357937	0.937728061	0.264131486	0.001203063	0.232381624	23.30642063	2.880475826013196	246.39777233778997	35.74824326	0.583932004	0.583214661	165.1972362800927	67.84685226	22.49618313930595	96.18815184	1.1836793202223979	83.73820782
1630.125	0.476217016	2.258207048	97.26557594	77.78040314	22.21959686	78.00744492	1.760161191	0.49578765	0.002258207	0.227041781	21.99255508	2.8773340964796645	246.51480501015726	36.07332397	0.574271225	0.573798688	165.46166478903802	69.66093879	22.496086039011807	98.00556898	1.164273125060956	85.0612402
1630.25	0.490495835	2.000583355	97.50892081	78.7954602	21.2045398	79.01780057	1.559356208	0.439226563	0.002000583	0.222340368	20.98219943	2.8805142386631033	246.88255359804396	36.2708215	0.559444352	0.559303483	165.56569983260195	68.47758102	22.496045127438432	97.69129753	1.1468629212550823	85.89959145
1630.375	0.482548182	1.2274687	98.28998312	80.80375104	19.19624896	81.02543915	0.956751407	0.269489825	0.001227469	0.221688106	18.97456085	2.888014364037286	247.25393786969465	36.37590106	0.546339379	0.547257386	165.47621619662178	69.21899613	22.49606108125421	98.89938831	1.1266634521322891	88.06204796
1630.5	0.492042489	0.01	99.49795751	82.53385044	17.46614956	82.75790253	0.007794508	0.002195492	1e-05	0.224052082	17.24209747	2.896510251172381	247.40099794064997	36.5811215	0.536216798	0.538289576	165.13880334332035	69.47318989	22.496132618695523	99.69874024	1.1036017799672797	87.65209913
1630.625	0.483340778	0.01	99.50665922	80.93673095	19.06326905	81.16410681	0.007794508	0.002195492	1e-05	0.227375861	18.83589319	2.902769586231912	247.3042685275214	36.73716653	0.533299275	0.535882303	164.5843313446775	69.32175404	22.496256403319066	99.33592677	1.0820575880756986	86.22148633
1630.75	0.468872947	0.328455238	99.20267182	78.6083432	21.3916568	78.8376744	0.256014683	0.072112099	0.000328455	0.229331201	21.1623256	2.9048119822383205	247.09980280256303	36.85309373	0.536596181	0.540088137	163.9942918935933	68.82025638	22.496427123122622	98.87547493	1.065862409636198	85.10140777
1630.875	0.475441122	0.01	99.51455888	76.85098915	23.14901085	77.07434998	0.007794508	0.002195492	1e-05	0.223360837	22.92565002	2.9024418170024133	246.94235855789213	36.73695715	0.549523305	0.551925214	163.5748429451733	70.45502538	22.496637449041025	98.52912426	1.0560787611418383	85.44000387
1631	0.471097746	1.325447035	98.20345522	76.69155493	23.30844507	76.9212826	1.033120693	0.291000894	0.001325447	0.229727671	23.0787174	2.8967877385839267	246.891332839004	36.39512251	0.561674316	0.562822527	163.42929700750778	69.21780699	22.496878182070333	97.08628058	1.050447381944529	84.73245502
1631.125	0.479461191	3.731740356	95.78879845	77.95131515	22.04868485	78.18539557	2.908707842	0.819300774	0.00373174	0.234080415	21.81460443	2.8896061048080934	246.87847149997356	35.9505737	0.568380635	0.568823359	163.53518085804762	68.7614096	22.497138572390433	96.34634256	1.042675149909069	85.93886495
1631.25	0.482711898	5.119164592	94.39812351	79.4305485	20.5694515	79.66979341	3.990136712	1.123908715	0.005119165	0.239244911	20.33020659	2.88271933429347	246.72564574761293	35.46833294	0.574113853	0.573299269	163.82054459182035	69.91613828	22.497406700270894	96.76602483	1.0240932651201358	87.06183434
1631.375	0.470722678	5.208443891	94.32083343	79.10730979	20.89269021	79.34962542	4.059725529	1.143509918	0.005208444	0.242315624	20.65037458	2.8777900190433217	246.24018002093646	35.30229053	0.573017044	0.572014024	164.13451936824237	70.15883231	22.497670190395716	97.14719653	0.9894451039022691	87.15105057
1631.5	0.477441061	3.098338795	96.42422014	79.00357389	20.99642611	79.25124529	2.415002517	0.68023794	0.003098339	0.247671393	20.74875471	2.875982880227976	245.35930737664452	35.59078151	0.569318699	0.568719905	164.2900388068307	70.87066573	22.497916859571465	97.20033407	0.9435060093277998	85.96774936
1631.625	0.465295857	0.628314839	98.9063893	77.06241081	22.93758919	77.30569034	0.489740476	0.137946048	0.000628315	0.243279532	22.69430966	2.877512936583391	244.2552207024344	36.06562885	0.561409711	0.561983545	164.20138212851936	69.06681578	22.49813536484594	98.28089476	0.8997899381972752	85.66090465
1631.75	0.454336008	0.01	99.53566399	78.58625934	21.41374066	78.82465723	0.007794508	0.002195492	1e-05	0.238397886	21.17534277	2.8812973712709127	243.21875871320788	36.54942457	0.555237176	0.556959368	164.04047148472415	70.68205393	22.49831583166625	99.37576056	0.8721759390088348	85.35555005
1631.875	0.442859948	0.01	99.54714005	77.16586751	22.83413249	77.40167444	0.007794508	0.002195492	1e-05	0.23580693	22.59832556	2.885149268156562	242.4254010835418	36.8391311	0.553951394	0.556747122	164.11418807363773	70.09500122	22.498450358292605	99.4228363	0.8665423102190358	85.50129533
1632	0.441509856	0.01	99.54849014	76.13229726	23.86770274	76.36202282	0.007794508	0.002195492	1e-05	0.229725564	23.63797718	2.8865412600549867	241.8470572506563	36.79125979	0.557378053	0.559948012	164.5272998102564	70.21949685	22.49853351239026	98.59675169	0.8815132291840475	84.16074514
1632.125	0.443133893	1.168733494	98.38813261	75.74280525	24.25719475	75.97924718	0.910970206	0.256594555	0.001168733	0.236441929	24.02075282	2.8837062889914877	241.4361567177652	36.48997727	0.568097744	0.569503465	165.10893117244726	69.87356959	22.498562699746415	98.57332706	0.9137411438182697	82.47159123
1632.25	0.437939658	3.294691985	96.26736836	76.18660259	23.81339741	76.42148275	2.568050159	0.723347134	0.003294692	0.234880166	23.57851725	2.8766917894319897	241.31291808958696	36.36572939	0.571925415	0.572380264	165.68157382008582	69.31622371	22.49853832654182	98.57319593	0.960758078427333	83.96404386
1632.375	0.439564678	1.356838059	98.20359726	76.93459361	23.06540639	77.17425499	1.057588451	0.29789277	0.001356838	0.239661383	22.82574501	2.8677568029190676	241.71360971404982	36.3642186	0.56686588	0.567313211	166.27810472366934	68.60588547	22.498463796291325	93.49056482	1.019784422841589	81.41191602
1632.5	0.432369997	0.01	99.55763	79.14391728	20.85608272	79.37995957	0.007794508	0.002195492	1e-05	0.236042297	20.62004043	2.860396811746471	242.83811981108917	36.22454805	0.564883706	0.565155626	166.89311359410337	69.636863	22.498345190836766	97.48899937	1.0877353538004175	83.92488956
1632.625	0.426983052	2.669866387	96.90315056	78.28893834	21.71106166	78.53186986	2.081029374	0.586167147	0.002669866	0.242931516	21.46813014	2.8574855283627634	244.77714311415616	36.18664904	0.565587465	0.565831102	167.31457881035405	67.39313703	22.498190647900646	97.10735083	1.1620876910760516	83.41361284
1632.75	0.433520131	3.707138261	95.85934161	76.15853458	23.84146542	76.39808203	2.889531721	0.813899402	0.003707138	0.239547447	23.60191797	2.8598931465248256	247.47985450509174	36.13370956	0.564818174	0.564992387	167.31268172438607	69.28356192	22.4980096885556	96.47158384	1.2377787463219887	84.61204171
1632.875	0.42748028	1.929282276	97.64323744	77.93287178	22.06712822	78.1661926	1.503780529	0.423572465	0.001929282	0.233320823	21.8338074	2.8665155293564486	250.60345690508007	35.84878664	0.572614743	0.571701761	166.95138197935574	68.45936415	22.497812443064987	95.70153952	1.3040034938411367	84.13590789
1633	0.417680177	3.106414401	96.47590542	78.14859453	21.85140547	78.37767759	2.421297054	0.682010933	0.003106414	0.229083055	21.62232241	2.8750249288581653	253.50175559950495	36.06470188	0.571728047	0.571295574	166.44061214273478	68.12163798	22.49760890790212	97.61041403	1.348164077849443	85.47385931
1633.125	0.407112022	0.360548608	99.23233937	76.42513581	23.57486419	76.64931668	0.281029885	0.079158174	0.000360549	0.224180866	23.35068332	2.8827697208917478	255.51234853375695	36.39058104	0.56167882	0.561979981	165.8545707184971	70.02355343	22.49740829850439	98.53594303	1.3648432550296161	84.05039907
1633.25	0.402134077	0.187921366	99.40994456	78.33501714	21.66498286	78.55573642	0.146475451	0.041257994	0.000187921	0.220719289	21.44426358	2.8875682907675753	256.3210684523562	36.49958458	0.558825137	0.5593294	165.12925156266755	69.45713977	22.497218438089913	98.50879908	1.3593922302854007	86.13600135
1633.375	0.401266715	0.763462057	98.83527123	78.44701771	21.55298229	78.67036556	0.595081077	0.167617517	0.000763462	0.223347852	21.32963444	2.8882783103422547	255.97865332605934	36.53256308	0.555833479	0.556377223	164.35295328602757	70.34417195	22.497045502527442	99.02369976	1.3426220300231788	85.83609462
1633.5	0.410838162	2.744315316	96.84484652	79.59072558	20.40927442	79.81194872	2.139058648	0.602512353	0.002744315	0.221223143	20.18805128	2.8846316476172817	254.68024494382172	36.31214963	0.558542636	0.558616857	163.7508852917708	70.28988433	22.496893957328503	97.00039625	1.3241657619257283	85.53711176
1633.625	0.42000567	2.729863885	96.85013045	77.28842295	22.71157705	77.51393275	2.127794469	0.599339552	0.002729864	0.225509802	22.48606725	2.8766917217374495	252.58420973212682	36.12038933	0.567636076	0.567046702	163.4238696985724	68.05351268	22.496766667424144	96.32818699	1.3087714130350183	83.69013667
1633.75	0.411185478	2.275200852	97.31361367	75.42575966	24.57424034	75.65364777	1.773407024	0.499518627	0.002275201	0.227888111	24.34635223	2.8647954958405433	249.8369238940026	35.85845716	0.580884228	0.579945914	163.26468323758206	69.33212786	22.496665290115114	96.11954689	1.2975006809076723	82.68753886
1633.875	0.415237018	3.619088517	95.96567447	73.70884937	26.29115063	73.93715047	2.820901281	0.794568147	0.003619089	0.228301099	26.06284953	2.8499432093961143	246.6637935910182	35.64175816	0.598205223	0.597106812	163.24392701673622	69.97658536	22.496590588663924	95.64781189	1.2886020004815202	81.32613897
1634	0.406281833	5.139231573	94.45448659	72.25556903	27.74443097	72.47876557	4.005777936	1.128314406	0.005139232	0.223196535	27.52123443	2.83411500454227	243.39169543005858	35.45726489	0.607606837	0.606395941	163.503175320676	67.74230308	22.49654295156439	94.32021379	1.2805767240119068	80.22991419
1634.125	0.401485075	4.757672977	94.84084195	73.94791769	26.05208231	74.17076516	3.708371799	1.044543505	0.004757673	0.222847464	25.82923484	2.819756272636517	240.41567529958934	35.00491516	0.620498181	0.619115225	164.14370370489038	68.11107055	22.496522855267266	93.50858331	1.2737240985980252	79.75745797
1634.25	0.405030333	7.185561347	92.40940832	72.94899192	27.05100808	73.17668646	5.600791225	1.577584561	0.007185561	0.227694534	26.82331354	2.808907268254205	238.1412893746574	34.59243505	0.631645257	0.630158793	165.05604908287347	67.36447824	22.49653124315438	92.3812747	1.2694836366781963	79.46710587
1634.375	0.414076998	8.090916822	91.49500618	71.96634507	28.03365493	72.1919001	6.306471234	1.776354671	0.008090917	0.225555027	27.8080999	2.802509011037114	236.89356076872693	34.15179859	0.642663271	0.64110218	166.0448951897358	68.36922499	22.49656974992397	92.12253094	1.2663128906951304	77.94098258
1634.5	0.411884776	9.908063993	89.68005123	71.07234843	28.92765157	71.2940089	7.722847971	2.175307958	0.009908064	0.221660475	28.7059911	2.8008179226005705	236.7682220508367	33.91719001	0.654802666	0.653170098	166.97736319470906	67.14329485	22.496640615590284	91.75220132	1.260610851281512	77.21648216
1634.625	0.418995517	7.310325626	92.27067886	70.22720437	29.77279563	70.44490858	5.698038836	1.604976464	0.007310326	0.217704211	29.55509142	2.803898294861469	237.62357031287382	34.00429302	0.659360481	0.657731957	167.76808632189096	68.95318212	22.496746488464087	92.00626612	1.2520780384261738	77.13562846
1634.75	0.429523917	6.251725406	93.31875068	70.04715474	29.95284526	70.26635806	4.872912095	1.372561586	0.006251725	0.219203322	29.73364194	2.811736324800558	239.18957218519145	34.26809872	0.658039022	0.656456796	168.35455146470693	66.86320942	22.496889962182514	92.74167418	1.2451757249079587	76.20601654
1634.875	0.432881786	5.241726782	94.32539143	70.25191481	29.74808519	70.4700949	4.085667904	1.150817152	0.005241727	0.218180089	29.5299051	2.824001095685166	241.1266623259622	34.91696506	0.644672337	0.643248627	168.69688421134083	68.11605437	22.49707295405789	90.58279395	1.2440863761050438	77.62679458
1635	0.421823119	2.885001306	96.69317557	71.56049401	28.43950599	71.77842232	2.248716449	0.633399855	0.002885001	0.21792831	28.22157768	2.8400158807463525	243.1003420678869	35.38489132	0.637289393	0.636024209	168.77118421694942	68.21308927	22.497296053196006	94.68467236	1.2494231544085697	76.5775919
1635.125	0.425230663	2.253358163	97.32141117	69.5659879	30.4340121	69.77859629	1.756381724	0.494723081	0.002253358	0.212608393	30.22140371	2.8583509650554015	244.9032909605615	35.58741151	0.63527461	0.634061739	168.50385546157497	68.50041389	22.497558014234375	95.8701849	1.2611301543309672	77.89269686
1635.25	0.427578575	4.069117926	95.5033035	69.22347575	30.77652425	69.43613703	3.171677044	0.893371764	0.004069118	0.212661288	30.56386297	2.8764044687357115	246.48093641066833	35.89929033	0.628511003	0.62745429	167.80563874621663	69.68707935	22.497855467404335	96.9273746	1.278880528040955	79.85156178
1635.375	0.419918283	1.873074454	97.70700726	70.71780231	29.28219769	70.9329484	1.4599693	0.41123208	0.001873074	0.215146083	29.0670516	2.89059362075403	247.69665038598018	36.07076619	0.62292018	0.622094286	166.66101681519535	69.00224583	22.498182817958465	96.16200924	1.297943759400536	79.06671762
1635.5	0.42258144	1.022534367	98.55488419	72.74878029	27.25121971	72.96431739	0.797015186	0.224496647	0.001022534	0.215537093	27.03568261	2.897332311281551	248.22360015064424	36.10035105	0.614218788	0.613483298	165.1883839721823	68.27260474	22.49853228554616	96.61384821	1.3073132638846254	79.42140102
1635.625	0.433484121	1.900936582	97.6655793	73.57117442	26.42882558	73.78164746	1.481686456	0.417349189	0.001900937	0.210473041	26.21835254	2.8938656445527555	247.7129584171993	36.26547828	0.601424674	0.600842321	163.590133961726	69.16260721	22.49889407840507	97.15967178	1.2957050626252062	80.0168097
1635.75	0.443866204	2.241448022	97.31468577	73.97991947	26.02008053	74.19641933	1.747098356	0.492108219	0.002241448	0.21649986	25.80358067	2.878802529504928	246.0062974686679	36.07102745	0.597003115	0.596350756	162.07099135636136	69.04713617	22.499256810989856	95.99819183	1.2581216294194566	81.65776134
1635.875	0.442248598	3.935188994	95.62256241	74.6946503	25.3053497	74.91640904	3.067286037	0.863967768	0.003935189	0.221758739	25.08359096	2.8521664859811127	243.18687008921006	35.62467954	0.597403578	0.59648607	160.75642756609034	67.01940737	22.499607994201277	94.44839358	1.1953596480876172	80.54428697
1636	0.454335785	5.801282805	93.74438141	76.73270282	23.26729718	76.96105952	4.521814269	1.273667254	0.005801283	0.228356695	23.03894048	2.8156635860909414	239.45585056276465	35.01980424	0.603438949	0.602320215	159.68524812340132	67.21369879	22.499934708682083	93.82326603	1.1082907203406784	82.38624334
1636.125	0.460823447	8.406365149	91.1328114	76.05966488	23.94033512	76.28895581	6.552347672	1.845611112	0.008406365	0.229290934	23.71104419	2.772717652742049	235.158047760255	34.30834581	0.609467649	0.60818904	158.8259359270121	68.25713251	22.500224551246262	91.70060158	0.9984243531107664	84.54698324
1636.25	0.46227771	9.895711408	89.64201088	77.52620937	22.47379063	77.74867713	7.713219739	2.172595958	0.009895711	0.222467766	22.25132287	2.7281853961094393	230.7995786941483	33.52584365	0.614694951	0.613332776	158.193713619648	67.57538859	22.500466522197318	90.544945	0.8760138713875788	84.79948044
1636.375	0.451594307	12.35332457	87.19508113	79.5216932	20.4783068	79.75079083	9.628808173	2.712163068	0.012353325	0.229097628	20.24920917	2.687178633012404	227.0063602045284	33.13600866	0.619947477	0.618527976	157.87840264068404	69.12003339	22.500652037060327	89.93600607	0.7634824486065305	85.18548012
1636.5	0.445645779	10.01365295	89.54070128	77.69994151	22.30005849	77.93231034	7.80514936	2.198489933	0.010013653	0.232368827	22.06768966	2.6540690293612177	224.25757883191903	32.79215116	0.622693415	0.621231346	158.05231049959426	66.73721194	22.500775583544392	88.67225647	0.6852756916467675	85.66637039
1636.625	0.43279234	12.1257082	87.44149946	78.03072341	21.96927659	78.26997235	9.451392424	2.662190067	0.012125708	0.239248942	21.73002765	2.631575218938027	222.79399877352242	32.57598929	0.628382431	0.62683826	158.78417234828242	66.6992968	22.50083506715656	88.38859797	0.6543752179530017	84.86589193
1636.75	0.441587119	12.25056193	87.30785095	76.74648222	23.25351778	76.99260544	9.548709762	2.68960161	0.012250562	0.246123216	23.00739456	2.620159325835229	222.65610087724443	32.67537363	0.629700091	0.628106854	159.98457846532014	66.15680671	22.500831779214238	88.29032779	0.6684194089873587	84.71088409
1636.875	0.446970434	11.29442262	88.25860694	77.80137481	22.19862519	78.05103999	8.803446253	2.479681947	0.011294423	0.249665181	21.94896001	2.6180306279481753	223.70171136875936	32.79506208	0.628508187	0.62689847	161.4293972720265	66.94207991	22.500770000011588	88.66358399	0.7171069632030048	83.68450403
1637	0.437868951	8.728311206	90.83381984	77.15214346	22.84785654	77.39616348	6.803288769	1.916294126	0.008728311	0.244020023	22.60383652	2.622170366269422	225.5879610321369	33.0065664	0.630121691	0.628490366	162.93082067302893	66.52489611	22.500656473150777	89.17316794	0.7885299163961816	82.09720254
1637.125	0.437311804	9.857495205	89.70519299	75.11617372	24.88382628	75.36029958	7.683432091	2.164205619	0.009857495	0.244125855	24.63970042	2.629469453077057	227.81905339597756	33.32739031	0.627729424	0.626106602	164.34536435881472	66.15291226	22.500499580818293	89.71002102	0.8688798707619072	80.48549294
1637.25	0.440592752	8.796846595	90.76256065	74.81778054	25.18221946	75.06499537	6.85670873	1.931341019	0.008796847	0.247214825	24.93500463	2.637294909946293	229.88004697788344	33.38392542	0.631845703	0.630196144	165.56592107623825	67.28876998	22.500308457494818	90.10908604	0.9407217721326173	80.96585274
1637.375	0.452629818	10.69965527	88.84771491	75.15303129	24.84696871	75.40343198	8.339854389	2.349101224	0.010699655	0.250400686	24.59656802	2.64368105966322	231.28159278172055	33.37578612	0.638332326	0.636621707	166.54232971148997	66.69367314	22.500092231593406	87.53165007	0.9890714468704482	81.49552941
1637.5	0.448888343	8.833585429	90.71752623	73.93363355	26.06636645	74.18957269	6.885344842	1.939407002	0.008833585	0.255939139	25.81042731	2.6474220857109283	231.66643847525924	33.49849561	0.637035402	0.635314092	167.30153843862084	67.89856298	22.49985945135574	90.40583968	1.00783607457261	82.30063915
1637.625	0.437499618	8.534506353	91.02799403	74.59503734	25.40496266	74.84878482	6.65222743	1.873744417	0.008534506	0.253747482	25.15121518	2.648223272875347	230.92272977643145	33.57301412	0.632664925	0.630964094	167.85022098752142	66.88248866	22.49961768852554	89.42027092	0.9988111802325452	82.05170631
1637.75	0.449102072	7.975116384	91.57578154	76.342987	23.657013	76.59626146	6.216210496	1.750930772	0.007975116	0.253274457	23.40373854	2.646854615811832	229.24242627764926	33.6257278	0.633460936	0.631757378	168.06123004284404	66.47783118	22.499373219206994	89.8257494	0.9655175741162108	81.34304285
1637.875	0.451379523	10.13718543	89.41143504	74.25774692	25.74225308	74.50643079	7.901436852	2.225611397	0.010137185	0.248683872	25.49356921	2.644721153097086	227.02851514848646	33.55656199	0.638673796	0.636945405	167.79664610504068	67.89247207	22.49913079994437	90.61205983	0.9135996034871006	81.70488477
1638	0.443156138	9.597890812	89.95895305	72.10440579	27.89559421	72.35469711	7.48108325	2.107209671	0.009597891	0.250291315	27.64530289	2.6430007240833353	224.71663960528684	33.45698217	0.643053912	0.641308159	167.08371436647568	67.45816258	22.49889358408319	90.28151631	0.8542248806239341	80.4538846
1638.125	0.442304596	9.617197	89.9404984	73.39709267	26.60290733	73.64597497	7.496131473	2.11144833	0.009617197	0.248882295	26.35402503	2.642033883284186	222.6308766469898	33.17990165	0.658234276	0.656403701	166.08944475776642	66.45686004	22.498663208760604	88.43599558	0.8020351814277837	78.50744724
1638.25	0.437289475	11.01180765	88.55090288	71.60639585	28.39360415	71.85138377	8.583161795	2.417634042	0.011011808	0.244987925	28.14861623	2.641230655664431	220.92003092830092	32.88176413	0.67408237	0.67215814	164.88380600305408	66.14248979	22.498440069290908	87.36951351	0.7670514700957339	77.9296279
1638.375	0.4347799	13.40043301	86.16478709	69.94469247	30.05530753	70.19044419	10.44497764	2.942054935	0.013400433	0.245751725	29.80955581	2.6390215136406425	219.57320727586762	32.62484175	0.685057819	0.683082495	163.39611567814404	66.73942978	22.49822386832646	87.99447417	0.751663142152968	75.97094774
1638.5	0.44325903	12.39343735	87.16330362	69.64931887	30.35068113	69.89259691	9.660074112	2.720969799	0.012393437	0.243278038	30.10740309	2.633322117522208	218.41397192939357	32.50247443	0.699852042	0.697774976	161.60341789766227	66.61865238	22.498014326046167	87.76564598	0.7545965713004669	75.55737495
1638.625	0.430858731	10.98461656	88.58452471	68.00622895	31.99377105	68.25528969	8.561967685	2.411664261	0.010984617	0.249060734	31.74471031	2.622861540811458	217.18414519693403	32.26964805	0.71658678	0.714391624	159.66180764290303	67.15824746	22.49781170100811	87.26688027	0.776123371965106	74.32334423
1638.75	0.428063115	13.56736105	86.00457583	66.81876073	33.18123927	67.06809429	10.57508983	2.978703861	0.013567361	0.24933356	32.93190571	2.6082178864256353	215.72392177844847	32.15142865	0.725332035	0.723083267	157.81217906794274	66.134045	22.49761721976231	86.66613698	0.8173009694384098	73.62594008
1638.875	0.435117741	14.69560817	84.86927409	67.54262862	32.45737138	67.78838004	11.4545029	3.226409662	0.014695608	0.245751411	32.21161996	2.5914972310601385	214.04690772829494	31.82574674	0.733971032	0.731680984	156.22187847437166	65.87736321	22.497433055433014	84.88473892	0.8747472657458627	74.69848394
1639	0.438506634	15.92005036	83.64144301	69.16842721	30.83157279	69.41130152	12.40889529	3.495235018	0.01592005	0.242874315	30.58869848	2.574998009642621	212.1999859554489	31.23318767	0.743513169	0.741212945	155.019014259691	66.05208959	22.497262101122068	83.39375854	0.9367506879642918	73.48716259
1639.125	0.431356893	17.37868462	82.18995849	69.66283871	30.33716129	69.90280481	13.54582887	3.815477068	0.017378685	0.239966101	30.09719519	2.5603502884184968	210.13228274758262	30.69066604	0.754399029	0.752071713	154.34504630158523	64.85424316	22.49710756825361	82.72947073	0.9860365136623246	74.8129487
1639.25	0.437280737	19.42148332	80.14123595	67.79987602	32.20012398	68.04586689	15.13808985	4.263971977	0.019421483	0.245990879	31.95413311	2.5485429321554047	207.80497610519473	30.37923395	0.763697803	0.761318885	154.2821928849477	65.51713135	22.496972448495917	81.68480396	1.0070363368912867	74.44847226
1639.375	0.433931843	18.06710439	81.49896376	66.96185908	33.03814092	67.2105743	14.08241818	3.966619109	0.018067104	0.248715224	32.7894257	2.540230638303994	205.3676231942959	30.13713495	0.773715015	0.771262353	154.65974814857205	64.19338095	22.49685905260703	80.37856817	0.9924178978943259	73.07931185
1639.5	0.426001622	18.55375687	81.02024151	67.65159622	32.34840378	67.90185644	14.46173982	4.073463291	0.018553757	0.250260219	32.09814356	2.5357408119378566	203.15261811750202	29.87699694	0.782208437	0.779694541	155.13735312721462	63.8571729	22.496768423446376	80.25001287	0.9447784927235474	72.55930901
1639.625	0.416958161	20.20259412	79.38044772	68.95497694	31.04502306	69.20296572	15.74692726	4.435464263	0.020202594	0.247988777	30.79703428	2.5350204974706587	201.437027732958	29.85396991	0.780056351	0.777565479	155.50401410802692	64.46085816	22.496699937132533	80.4127574	0.87196129142527	73.29024076
1639.75	0.423341463	19.66949119	79.90716735	68.81252881	31.18747119	69.05513092	15.33139978	4.318421918	0.019669491	0.242602104	30.94486908	2.53795441919749	200.3088108953494	29.7606135	0.780457868	0.777989437	155.84189924204335	63.1123032	22.496651174069257	79.71243858	0.7801417121868631	73.45049977
1639.875	0.422339801	19.07621283	80.50144737	67.69811575	32.30188425	67.93946218	14.86896852	4.188168104	0.019076213	0.241346422	32.06053782	2.544183935211195	199.66355884170594	29.54069964	0.781842699	0.779398289	156.30705685773944	63.49379828	22.496617938128452	77.10866928	0.6726275227123689	76.70561671
1640	0.413102992	20.92571172	78.66118529	69.28868907	30.71131093	69.53231293	16.31056182	4.594224186	0.020925712	0.243623868	30.46768707	2.5524692756330842	199.29745642507032	29.60215814	0.780502293	0.778078276	156.90043844625364	64.46756356	22.496594604921135	80.11776209	0.5562164159451414	75.67327619
1640.125	0.421179822	19.53700579	80.04181439	68.850712	31.149288	69.09284615	15.22813394	4.28933485	0.019537006	0.242134147	30.90715385	2.5604577538249	198.9527152672295	29.62263622	0.782950845	0.780497904	157.55634216352402	63.85415586	22.496574708302816	80.19845486	0.44740918511163535	74.55090284
1640.25	0.429465975	19.45308322	80.11745081	67.71370515	32.28629485	67.96060867	15.16272042	4.270909711	0.019453083	0.246903526	32.03939133	2.5657360684914834	198.51700685007893	29.73613004	0.78511335	0.782616736	158.29894879590103	64.63117178	22.496551721977813	80.61688542	0.36887239330726385	74.2842257
1640.375	0.440510815	17.85458903	81.70490015	65.86413187	34.13586813	66.11372643	13.91677292	3.919961522	0.017854589	0.249594562	33.88627357	2.5670247576851253	198.0789128626766	29.91022244	0.789631522	0.787059594	159.16912437597668	64.70784602	22.496519994286185	81.46578074	0.3390307428972924	72.91360497
1640.5	0.437815128	19.05598681	80.50619806	65.98432841	34.01567159	66.23986767	14.85320333	4.183727495	0.019055987	0.255539258	33.76013233	2.5643972138829816	197.85199984438802	30.07946197	0.798170202	0.795504317	160.03831129477297	65.52828959	22.496475694556572	82.19086528	0.36518564732567904	72.077775
1640.625	0.434748069	17.73425365	81.83099828	64.24241203	35.75758797	64.49230328	13.82297742	3.89354198	0.017734254	0.249891245	35.50769672	2.5587250029606303	197.96262573821892	30.09382541	0.802259655	0.799568228	160.65518805511016	65.29881995	22.496417751772604	81.42495155	0.4426626045615241	72.48055935
1640.75	0.423658823	19.31151168	80.2648295	66.12239098	33.87760902	66.36721956	15.05237238	4.239827788	0.019311512	0.244828587	33.63278044	2.551115505926819	198.41476512456933	29.77742546	0.807720365	0.805009409	160.9034225602876	64.56166601	22.496348579659585	80.45033813	0.553635804866815	73.74987602
1640.875	0.41138138	21.27964698	78.30897164	66.94651366	33.05348634	67.19701644	16.58643693	4.671930406	0.021279647	0.250502774	32.80298356	2.5427883339309783	199.11937342412665	29.53245558	0.806032667	0.803380894	160.87373159856833	64.07494711	22.496274409378707	79.38549519	0.6676577995561709	74.17384386
1641	0.403108486	21.69882669	77.89806482	68.95448409	31.04551591	69.19858015	16.91316687	4.763960994	0.021698827	0.244096058	30.80141985	2.5346531918600874	200.02754947252373	29.23591155	0.80233745	0.799744807	160.6564833161858	63.46344913	22.4962050804636	79.04197574	0.7560996790300101	74.91652966
1641.125	0.403447424	20.92493673	78.67161585	68.31498931	31.68501069	68.56051872	16.30995776	4.594054038	0.020924937	0.245529411	31.43948128	2.5269362522880563	201.23303969831989	29.27819365	0.792638024	0.790108254	160.19141228752696	64.66516127	22.49615340129815	79.35472727	0.8086549843102708	75.31824708
1641.25	0.400904489	18.84312364	80.75597187	69.24172773	30.75827227	69.48533943	14.68728697	4.136993548	0.018843124	0.243611695	30.51466057	2.5193923615347216	202.93001094401617	29.49815091	0.775680003	0.773277656	159.50713293879033	63.04440048	22.49613401733616	79.63072658	0.8323147886564748	75.00692606
1641.375	0.39062575	18.88387575	80.7254985	71.09341178	28.90658822	71.33110241	14.71905123	4.145940644	0.018883876	0.237690634	28.66889759	2.512480511500776	205.21683934676753	29.70422544	0.759756511	0.757439547	158.89149690070747	64.21682305	22.496162059171013	80.37427664	0.832762269532944	77.15002298
1641.5	0.38982724	19.45046776	80.159705	73.08382894	26.91617106	73.3284428	15.1606818	4.270335491	0.019450468	0.244613858	26.6715572	2.50794996331636	207.98236092551986	29.99126587	0.744326916	0.742094674	158.70289959328124	64.76266515	22.496251598338016	81.41386509	0.8097756280590167	77.84061432
1641.625	0.381501626	17.81214859	81.80634978	71.40933808	28.59066192	71.65193691	13.88369269	3.910643755	0.017812149	0.242598827	28.34806309	2.5081644457602383	211.00844955129398	30.30357118	0.729149014	0.726987274	159.06651094802424	65.34766133	22.49641401798765	82.24708438	0.7694749386963398	80.56418896
1641.75	0.382315646	15.45580543	84.16187892	72.35135166	27.64864834	72.59724989	12.04703923	3.393310397	0.015455805	0.245898232	27.40275011	2.5149571763349194	214.080595740403	30.69448312	0.714815292	0.712713149	159.90516723455437	65.07271551	22.496656515925363	84.85884666	0.7307938023089044	81.37285709
1641.875	0.379641783	14.64944697	84.97091125	73.28731725	26.71268275	73.52722414	11.41852251	3.216275005	0.014649447	0.239906893	26.47277586	2.529049325484104	216.95690012576773	31.24214947	0.697545355	0.695544072	161.1345700362525	66.76318462	22.49698063248497	85.92065573	0.7121290562895718	82.36305714
1642	0.386552389	13.51768511	86.0957625	75.25203609	24.74796391	75.48498488	10.53636988	2.967797545	0.013517685	0.232948793	24.51501512	2.549804011395524	219.3902272221211	31.83662397	0.675155148	0.673286558	162.67054184133752	66.64451957	22.497381328754532	86.35925055	0.7180524676791065	83.86335373
1642.125	0.376920103	11.36140493	88.26167497	75.6353492	24.3646508	75.86682579	8.855655659	2.494387861	0.011361405	0.23147659	24.13317421	2.5750147614871532	221.22133263614637	32.10052531	0.658578379	0.656824101	164.27515237128662	66.84245976	22.49784654953001	87.25512624	0.7414491718523095	85.84504128
1642.25	0.379736014	12.57167557	87.04858842	77.53047324	22.46952676	77.76460223	9.799002028	2.760101866	0.012571676	0.234128982	22.23539777	2.601231538715812	222.41680303159558	32.22800543	0.646979288	0.64531117	165.5808467565412	68.06136822	22.4983574686273	87.66733408	0.7707536667129342	85.01130939
1642.375	0.389436367	13.23863136	86.37193227	77.55462053	22.44537947	77.78490511	10.31886122	2.906531505	0.013238631	0.23028458	22.21509489	2.6247746447603992	222.8906000713927	32.33188058	0.643127581	0.641491796	166.3792227906937	67.22670941	22.49888970954072	84.47374105	0.7907345247162179	83.56824517
1642.5	0.392485857	12.38593996	87.22157419	76.09285492	23.90714508	76.3197796	9.654230264	2.719323752	0.01238594	0.226924676	23.6802204	2.642677931077411	222.47997432963592	32.337583	0.639325502	0.637733703	166.77295990646957	66.1996723	22.499415099010143	87.95541525	0.7822178033636545	85.865587
1642.625	0.382867272	11.28453907	88.33259366	77.51189391	22.48810609	77.73256565	8.795742511	2.477512021	0.011284539	0.220671746	22.26743435	2.6529671114357596	221.09884652381612	32.22303811	0.639938157	0.638373995	166.90995553327423	67.06058096	22.499903869306706	87.54514456	0.7339845178509026	84.78435278
1642.75	0.375087485	13.80751463	85.81739789	78.39581429	21.60418571	78.61531685	10.76227772	3.031429397	0.013807515	0.21950256	21.38468315	2.6543586394542222	218.94367368136403	32.10796499	0.642196289	0.640636124	166.71547344676912	66.73160109	22.500327060066965	87.36069202	0.6546897547723842	84.93396044
1642.875	0.383102946	14.48623004	85.13066701	77.60102823	22.39897177	77.82428304	11.29130296	3.180440853	0.01448623	0.22325481	22.17571696	2.646415254040704	216.3566649889557	31.92959471	0.642254782	0.640708374	166.00007500918494	66.305752	22.50065882845891	85.9110713	0.5659189649675082	84.59333777
1643	0.384364722	14.30760447	85.30803081	77.88237827	22.11762173	78.10444171	11.15207312	3.141223743	0.014307604	0.222063437	21.89555829	2.6300419424708874	213.5890929024662	31.4427568	0.650407355	0.648829991	164.7796526190423	64.81847216	22.500878574621883	84.77669954	0.48276822584190593	83.02299976
1643.125	0.386665351	16.53955481	83.07377984	78.41742854	21.58257146	78.64038437	12.8917685	3.631246752	0.016539555	0.222955835	21.35961563	2.607908218012397	210.7955733896469	31.11660152	0.661023263	0.659407568	163.25339948520863	65.47187939	22.500972533785102	84.01809931	0.40915571778265775	85.08171439
1643.25	0.388814183	17.33672472	82.2744611	76.58515108	23.41484892	76.80332925	13.51312319	3.806264803	0.017336725	0.218178167	23.19667075	2.5839291369119013	208.22385989053134	30.68164092	0.674129904	0.672459843	161.60538720324547	65.36398908	22.5009348075869	82.94988871	0.35038147340761444	82.96419382
1643.375	0.380738918	19.20038242	80.41887866	75.94202049	24.05797951	76.16629458	14.9657526	4.215429443	0.019200382	0.224274086	23.83370542	2.5624928868850194	206.23638063424386	30.01667481	0.698407854	0.696639332	159.93940159775022	65.67219864	22.500767693090218	80.09154797	0.31908868784355116	82.08858967
1643.5	0.389910011	21.51961945	78.09047054	73.76770632	26.23229368	73.9891498	16.77348365	4.72461618	0.021519619	0.221443483	26.0108502	2.5473669153608043	205.05299773907564	29.48590208	0.724814595	0.722944998	158.41622924790897	64.79106051	22.500481396769608	79.39713597	0.32594261536564734	80.37928343
1643.625	0.396877098	22.31131992	77.29180298	72.33874986	27.66125014	72.55532913	17.39057518	4.898433419	0.02231132	0.216579275	27.44467087	2.5404941934039345	204.6829970135587	29.14610864	0.739118668	0.737180836	157.28867333539716	63.67701673	22.500093137687212	79.47705388	0.3731317427130393	79.72187996
1643.75	0.390681046	21.02687328	78.58244567	73.8289522	26.1710478	74.0507249	16.38941228	4.616434131	0.021026873	0.221772708	25.9492751	2.5410780060896663	205.0504407072987	29.17757833	0.747669807	0.745695925	156.69994201792747	64.58223621	22.49962570989966	79.55852747	0.4589757607927427	79.20154929
1643.875	0.393822372	18.8789137	80.72726393	71.91658006	28.08341994	72.13519434	14.71518356	4.144851228	0.018878914	0.218614276	27.86480566	2.545934272153915	206.1485489142072	29.56366315	0.742236113	0.740286689	156.56366471413662	63.91104406	22.499105611984255	80.57357073	0.5793459145664375	80.29776812
1644	0.394739731	17.35448148	82.25077879	72.03619508	27.96380492	72.25054528	13.52696371	3.810163288	0.017354481	0.214350194	27.74945472	2.5507378219042534	207.85552043353277	30.02729257	0.727463541	0.725586158	156.63989790367535	65.49573222	22.498560900938774	82.26490021	0.7171162261105873	80.7066083
1644.125	0.400834116	17.28827885	82.31088703	73.6715161	26.3284839	73.88085753	13.47536202	3.79562855	0.017288279	0.209341437	26.11914247	2.551180835257971	209.81096483447027	30.44613948	0.71313944	0.711351787	156.79719927525827	64.49754293	22.49801898050969	83.36767554	0.8439694424772157	83.14627409
1644.25	0.401656381	16.48008622	83.1182574	75.7661897	24.2338103	75.97357475	12.84541567	3.618190469	0.016480086	0.20738505	24.02642525	2.544110708094925	211.59148230116136	30.80026184	0.691808008	0.690134624	156.96122853365355	66.12650406	22.497504429996813	84.39643383	0.9422048291775164	84.82005
1644.375	0.405368158	15.00418415	84.59044769	77.95876304	22.04123696	78.17232377	11.69502268	3.294157285	0.015004184	0.213560729	21.82767623	2.5285818750367888	212.99321732016716	30.86093724	0.675278726	0.673689097	157.00062992092631	66.21925345	22.49703737967727	83.23669434	1.0171986531072579	85.21673679
1644.5	0.394466164	16.6529532	82.95258063	79.03562106	20.96437894	79.25193176	12.98015696	3.656143284	0.016652953	0.216310703	20.74806824	2.506297908058105	213.93626850723058	30.81053253	0.663401432	0.661871644	156.74581104063694	64.7034886	22.49663233232924	82.33244419	1.0765163076763853	84.68854427
1644.625	0.398280141	17.79393034	81.80778952	79.83135319	20.16864681	80.04309107	13.86949246	3.906643952	0.01779393	0.211737879	19.95690893	2.4807797137951515	214.1502124551489	30.55040228	0.662123749	0.660601436	156.20958509480567	64.58927629	22.49629783047181	81.02664948	1.1101249185920001	85.63293219
1644.75	0.395536993	19.27331737	80.33114563	79.19467443	20.80532557	79.40714696	15.0226018	4.231442257	0.019273317	0.212472531	20.59285304	2.4560768648967515	213.30005066244763	30.0178061	0.673132961	0.671571308	155.60539017367927	64.27616628	22.4960368241889	80.62770367	1.10415332922146	84.9108398
1644.875	0.385306622	20.77141237	78.84328101	78.39293283	21.60706717	78.60789551	16.19029308	4.56034788	0.020771412	0.214962683	21.39210449	2.435653422190112	211.3783468138016	29.70852978	0.68287175	0.681266837	155.14240529759422	64.41692045	22.4958473102494	77.64223814	1.06187685769959	85.78562737
1645	0.386356223	20.01021916	79.60342462	77.68008574	22.31991426	77.89897748	15.59698045	4.393228487	0.020010219	0.218891739	22.10102252	2.4216757413185563	208.8021608166214	29.57892336	0.694583303	0.692895953	154.9078973336134	63.3287602	22.495723340424966	78.85304689	0.9953841807309567	82.48747587
1645.125	0.377476485	19.23461328	80.38791024	75.62489135	24.37510865	75.84742666	14.99243386	4.222944802	0.019234613	0.222535311	24.15257334	2.4144784440745246	206.02474039782498	29.44899813	0.70094736	0.699199593	154.87874299586042	63.74716839	22.495656131171813	79.11502719	0.9073191577438154	83.46745372
1645.25	0.372167855	20.70236866	78.92546349	77.59859525	22.40140475	77.8252734	16.1364769	4.545189386	0.020702369	0.22667815	22.1747266	2.4126551445935402	203.35031271392452	29.30160259	0.708068158	0.706263145	155.06549554534797	64.77728507	22.49563517577048	78.93149257	0.8020170763459371	83.93366337
1645.375	0.376138904	22.38046565	77.24339545	76.78466774	23.21533226	77.0116653	17.44447087	4.913614311	0.022380466	0.226997563	22.9883347	2.4142165098883837	201.1249149691572	29.26577598	0.71207724	0.710233123	155.5037659234952	63.7765762	22.495649384257277	78.76594067	0.707669933393488	84.14080143
1645.5	0.368145646	20.41737633	79.21447803	76.2224513	23.7775487	76.44872267	15.91433942	4.482619535	0.020417376	0.226271367	23.55127733	2.4179833244688496	199.81142401830618	29.09278793	0.712497911	0.710645003	156.17797407358975	63.2469899	22.495687964838602	77.44283676	0.6640337239208909	81.61014318
1645.625	0.358768057	21.10526976	78.53596219	77.328654	22.671346	77.55769004	16.45051847	4.633646018	0.02110527	0.229036042	22.44230996	2.4237294708175714	199.70748232000045	28.93992314	0.721191324	0.719294643	156.95621921454023	62.37294196	22.495741192273606	77.92105079	0.6851165858963846	82.38399029
1645.75	0.362771154	22.37377464	77.2634542	75.40792563	24.59207437	75.63581856	17.43925556	4.912145306	0.022373775	0.227892931	24.36418144	2.4312657834796556	200.6538594531487	29.15415872	0.716862019	0.714983038	157.65494757178527	63.85779107	22.495800856741745	79.97496724	0.7490899366949646	85.50268412
1645.875	0.372507256	20.06926948	79.55822326	76.34656547	23.65343453	76.57006733	15.64300727	4.406192941	0.020069269	0.223501861	23.42993267	2.4398987671884895	202.2185217599034	29.24997088	0.711672151	0.709820927	158.1560493275059	65.48772873	22.495860573222373	80.28797507	0.8290918363009792	86.27291918
1646	0.373576369	19.37010173	80.2563219	77.56878534	22.43121466	77.79349976	15.09804044	4.25269119	0.019370102	0.224714413	22.20650024	2.4486705420129367	203.99307510802015	29.62541429	0.699484001	0.697677593	158.39164581697446	64.97373661	22.495915856206967	79.67000008	0.9133450497166701	82.94632435
1646.125	0.366369526	17.03142755	82.60220292	79.04847497	20.95152503	79.2793958	13.27515908	3.739237041	0.017031428	0.230920836	20.7206042	2.4564884006881638	205.65681864924437	29.9680509	0.68363073	0.681891054	158.3413115428248	62.48424416	22.495963990017025	79.70149517	0.9912070299902411	82.95428753
1646.25	0.358401539	18.65130397	80.99029449	78.90838904	21.09161096	79.1368806	14.53777298	4.094879684	0.018651304	0.228491561	20.8631194	2.4621491959037747	206.81990750893075	30.10522296	0.673805167	0.672107784	157.98989329106826	65.26684651	22.496003863392787	81.33220673	1.0374415118029323	87.20194697
1646.375	0.368610407	18.56921828	81.06217131	79.52046628	20.47953372	79.74578967	14.47379123	4.076857834	0.018569218	0.225323391	20.25421033	2.4645615515420225	207.099938294631	30.03369594	0.667531792	0.665867632	157.41535083589045	64.50558413	22.496035719220636	80.79236746	1.029495192200956	87.3033762
1646.5	0.378085933	20.11612419	79.50578987	81.48271586	18.51728414	81.71041466	15.67952821	4.416479857	0.020116124	0.227698799	18.28958534	2.463192342072401	206.39877762383378	29.81330177	0.669432147	0.667778916	156.78016609404608	64.00540517	22.49606088857989	80.19935489	0.9709827663008621	85.87539792
1646.625	0.370072347	19.40255601	80.22737164	80.55253073	19.44746927	80.77869211	15.12333695	4.259816502	0.019402556	0.226161382	19.22130789	2.4580287745881053	204.9526545641345	29.73283309	0.669345867	0.667695712	156.2569921518575	63.10135779	22.496081519472693	79.26265001	0.8817996092595113	85.64040661
1646.75	0.380094918	19.50165624	80.11824884	79.86213541	20.13786459	80.09344271	15.2005807	4.281573881	0.019501656	0.231307305	19.90655729	2.44913253722599	203.0645480021909	29.43869314	0.67331394	0.671640654	155.878440297635	63.67985363	22.49610044925978	79.18052673	0.7718759283834972	86.69365644
1646.875	0.379667174	21.73317253	77.8871603	80.9281479	19.0718521	81.16353595	16.93993776	4.771501596	0.021733173	0.235388058	18.83646405	2.4364655341381014	200.84909198354853	29.46832076	0.674458183	0.672776366	155.5426026587364	63.9419835	22.496121086297954	79.20511961	0.6342837957245387	86.63246632
1647	0.38663914	19.79604385	79.81731701	80.55592605	19.44407395	80.78475198	15.43004135	4.34620646	0.019796044	0.228825933	19.21524802	2.4205938354749534	198.33782302934497	29.33079318	0.681125012	0.679423472	155.1830544348057	63.13534998	22.49614746050565	78.70573401	0.4737243466334694	87.17119694
1647.125	0.381685413	20.89262973	78.72568486	78.83738409	21.16261591	79.06016997	16.28477604	4.586961059	0.02089263	0.222785875	20.93983003	2.4034235136984257	195.73412567914374	29.07047719	0.691245535	0.689507377	154.8710218903443	63.78242046	22.4961841282802	78.01520824	0.32355486960170515	85.58775187
1647.25	0.375764499	22.33035256	77.29388294	77.98509465	22.01490535	78.21396105	17.40541019	4.902612022	0.022330353	0.228866399	21.78603895	2.3878256858639375	193.43612489952739	29.00257424	0.70410581	0.702300337	154.71024268039616	63.08413901	22.49623592811953	77.54888535	0.22597896675644047	84.11846757
1647.375	0.375669509	22.50225085	77.12207964	75.72717519	24.27282481	75.9611088	17.53939644	4.94035216	0.022502251	0.233933612	24.0388912	2.376675580288168	191.793996580468	28.6269243	0.722080234	0.720196862	154.6636827338655	63.32996698	22.496307651681622	74.94152188	0.17852984280903805	84.39888954
1647.5	0.367734044	23.89445023	75.73781573	76.45161784	23.54838216	76.67950502	18.62454729	5.24600848	0.02389445	0.22788718	23.32049498	2.372198229717724	190.85700526928275	28.36507623	0.732856941	0.730930998	154.58837990037483	62.19570326	22.496403590435847	76.06287003	0.12241344601277787	83.0316484
1647.625	0.375344565	23.73942379	75.88523164	76.89873307	23.10126693	77.12108862	18.50371182	5.211972544	0.023739424	0.222355552	22.87891138	2.3754271270651364	190.46102090902113	28.12578975	0.740478397	0.738551764	154.42433253987008	64.1143498	22.496527035711317	76.00845695	-0.002175142	86.43121123
1647.75	0.37119107	24.92398713	74.7048218	77.35145605	22.64854395	77.56861402	19.42702061	5.472042528	0.024923987	0.217157965	22.43138598	2.385119814647651	190.4529151720458	27.9924157	0.737950493	0.736096066	154.25655054835084	63.46046171	22.496679837765306	75.72786212	-0.184094514	86.54308319
1647.875	0.379681567	23.92525153	75.69506691	78.38759624	21.61240376	78.59979684	18.64855539	5.252770883	0.023925252	0.212200607	21.40020316	2.397261286876952	190.8203644327757	27.85382678	0.732523831	0.73073575	154.1971478397286	62.47523337	22.496861858894952	74.63568449	-0.329381838	86.72407866
1648	0.372787833	25.36445476	74.26275741	80.56295482	19.43704518	80.7787865	19.77034344	5.568746864	0.025364455	0.215831686	19.2212135	2.40588360077159	191.5520474329705	27.5936864	0.729115432	0.727379313	154.28667190785063	62.28473405	22.497070632651976	74.75136518	-0.307961928	88.19707036
1648.125	0.383527662	26.5169885	73.09948384	81.61686631	18.38313369	81.83241169	20.66868674	5.821784776	0.026516989	0.215545387	18.16758831	2.4048034002088023	192.54960958593028	27.43201976	0.720733671	0.719067463	154.56983128713955	63.56305517	22.497301101494227	74.43546653	0.005439884920902853	90.08164406
1648.25	0.37429756	26.6333298	72.99237264	83.25397998	16.74602002	83.4637764	20.75936905	5.847327419	0.02663333	0.209796417	16.5362236	2.3889969853797406	193.71669469525622	27.28909885	0.711976935	0.710372704	155.1723413743411	63.40330517	22.49754570183908	74.78196025	0.7083385483712574	91.08775854
1648.375	0.37018636	25.43938314	74.1904305	84.39613331	15.60386669	84.60281609	19.82874642	5.585197334	0.025439383	0.20668278	15.39718391	2.3556646244566455	195.0437300523188	27.38628621	0.701683274	0.700135478	156.1891791022719	64.23734749	22.497794668021157	74.49298501	1.8394984122880575	90.12967348
1648.5	0.36661121	24.29422999	75.3391588	84.45163728	15.54836272	84.66140778	18.93615593	5.333779825	0.02429423	0.2097705	15.33859222	2.30490244715966	196.46580860796436	27.47596271	0.698378054	0.696849338	157.54868413280843	61.81536334	22.498036607397744	73.77796173	3.3252914215231018	88.47110271
1648.625	0.368501492	25.55486651	74.07663199	82.06605288	17.93394712	82.27643616	19.91876003	5.610551621	0.025554867	0.210383281	17.72356384	2.2399530689833007	197.67157369683443	27.39550555	0.704655426	0.703109374	159.0139021875383	62.35471872	22.498259368474343	73.57040644	4.983090441357419	81.22183681
1648.75	0.360137842	27.52479602	72.11506613	81.28243962	18.71756038	81.48734978	21.45422307	6.043048155	0.027524796	0.204910156	18.51265022	2.166356286114914	198.25565812518886	24.80788872	1.214319274	0.740409261	160.37287162140535	59.36119449	22.49845092974581	82.19384551	6.6146970244331165	72.15582132
1648.875	13.29885517	41.13126609	45.56987874	28.40061878	71.59938122	98.58550387	37.64416926	2.243943481	1.243153352	70.18488509	1.414496131	2.09062163735908	198.13587120115974	22.15098402	1.724705415	0.774065066	161.52904668179553	56.98989755	22.498600308858393	43.45622659	8.101681541419012	36.89141273
1649	13.26749996	40.37479176	46.35770828	28.01784352	71.98215648	99.99	36.9518286	2.202673523	1.220289635	71.97215648	0.01	2.019182416142063	197.66283308076532	19.56837268	2.255994249	0.806894054	162.4513180846514	55.87665364	22.498698405847442	37.4080658	9.395355241976242	27.72259116
1649.125	13.46147413	41.07235709	45.46616878	27.35670736	72.64329264	98.41557691	37.59025454	2.240729662	1.241372883	71.05886955	1.584423093	1.9580882652022797	197.26498606905025	17.08455486	2.797467675	0.830857372	163.0681280866737	53.59727144	22.498738725010877	44.41614449	10.441589790246528	29.11414504
1649.25	13.84107764	41.15264172	45.00628064	26.88820019	73.11179981	99.99	37.66373267	2.245109643	1.24379941	73.10179981	0.01	1.9124280379505119	197.0708243384194	16.87447997	2.884681394	0.836139926	163.28414043805765	52.65544416	22.498717929176095	45.23988664	11.179232768962928	27.40861475
1649.375	13.4650196	42.85203915	43.68294125	26.21670988	73.78329012	99.99	39.21905567	2.337821396	1.295162079	73.77329012	0.01	1.8852213643048807	197.07264326076103	16.55414242	3.003152907	0.855725621	163.1008720534142	54.39636129	22.498636195615333	45.33035755	11.609093962225845	28.23779583
1649.5	13.57507564	43.87151316	42.5534112	25.88664927	74.11335073	98.81753411	40.15209898	2.393439476	1.32597471	72.93088485	1.182465885	1.8765325955600556	197.3791618887868	16.39522394	3.051298138	0.864069715	162.62965268062266	54.373993	22.498497204182947	44.71474886	11.824084963627728	28.99058759
1649.625	13.57593213	42.72548609	43.69858178	26.60873013	73.39126987	98.26738604	39.10323175	2.33091721	1.291337133	71.65865591	1.732613957	1.8836318210432133	198.1706176401528	16.29523646	3.094761704	0.876505433	162.04158945603012	55.21796902	22.498307868656347	44.9321568	11.948218526741208	29.3958813
1649.75	13.21672377	43.27795169	43.50532454	26.40990778	73.59009222	98.39824359	39.60885947	2.361057337	1.30803488	71.98833581	1.601756406	1.901872795384656	199.41084965527196	16.32580055	3.095447204	0.880791176	161.48294222713574	54.36981575	22.498077784106137	44.46718693	12.08360856397039	29.37271595
1649.875	13.58458039	42.89348961	43.52193	26.25503394	73.74496606	98.26957954	39.25699198	2.340082754	1.29641488	72.0145456	1.730420459	1.9256288975804745	200.94821225512953	16.50109874	3.040209314	0.868828068	161.07851770349964	54.2103477	22.497818536689454	42.20076203	12.31408491061044	33.45837593
1650	13.54086249	41.78742291	44.6717146	26.51898926	73.48101074	99.60000943	38.24469729	2.279740552	1.262985067	73.08102017	0.399990571	1.9494434625767667	202.77354157048305	16.42485598	3.093891954	0.865854302	160.90080062174064	53.48051292	22.497542861842074	42.94859171	12.69935418896845	27.86959112
1650.125	13.83869377	42.80572382	43.35558241	24.97769688	75.02230312	99.99	39.17666695	2.335294633	1.293762242	75.01230312	0.01	1.969362313207069	204.9672607750712	16.33492306	3.135389678	0.862353372	160.94786500200112	52.78881389	22.49726376356146	41.65735543	13.222612663506215	27.64462829
1650.25	14.10876302	42.94545338	42.94578359	25.14489648	74.85510352	99.99	39.30455027	2.342917671	1.297985435	74.84510352	0.01	1.9836067872476568	207.36983993077837	16.31151669	3.141552972	0.856958903	161.13989641010147	52.96794972	22.496993550501326	41.75495505	13.768043000405694	27.73815393
1650.375	14.35281176	42.06062861	43.58655963	25.79561115	74.20438885	99.49842352	38.49474069	2.29464547	1.271242449	73.70281237	0.501576479	1.9918810144273698	209.552837528659	16.18502542	3.228589427	0.858582533	161.3321310860082	53.03856354	22.496743103517442	42.37975776	14.199947528087389	26.8250823
1650.5	14.7422981	41.8756987	43.3820032	24.138922	75.861078	99.99	38.32548908	2.284556496	1.265653118	75.851078	0.01	1.9942492294058591	211.19604781498523	16.22826682	3.261104204	0.857257547	161.43146426018694	52.68859574	22.496521277710265	42.25798547	14.454150220886067	26.97065771
1650.625	15.13373196	41.48470781	43.38156023	23.68404107	76.31595893	98.73664997	37.96764629	2.263225729	1.253835791	75.0526089	1.263350026	1.9907162181331426	212.2656480212509	16.37457761	3.299026352	0.851111376	161.49156147419365	53.4759391	22.496334595496748	43.25141609	14.54287629944444	26.88993812
1650.75	15.2764041	40.6507233	44.0728726	23.14715813	76.85284187	98.70021266	37.20436675	2.217727151	1.228629403	75.55305453	1.299787338	1.9814171860057872	212.83537538580993	16.46085633	3.394059288	0.842542289	161.69272040294007	53.21971523	22.496187117932138	43.28692257	14.498549923676219	25.17365515
1650.875	15.19557274	40.15858285	44.64584442	22.27867228	77.72132772	99.99	36.75394982	2.190878102	1.213754927	77.71132772	0.01	1.9667233300641094	212.91156212148857	16.67145497	3.407122919	0.834356909	162.12335023065083	53.42502631	22.496080525090154	43.98959279	14.356155388596012	25.24453402
1651	15.40817652	39.33114705	45.26067644	22.65069158	77.34930842	98.84364698	35.99666379	2.145736794	1.188746468	76.1929554	1.156353018	1.9473155683996675	212.62130036204306	16.86003483	3.434566643	0.834059664	162.6639442528337	53.98698992	22.496014387028715	44.05614436	14.169350153860286	24.68290329
1651.125	14.97080245	40.3463353	44.68286225	22.33110214	77.66889786	96.38031217	36.92578467	2.201121062	1.219429566	74.04921003	3.619687827	1.9245169752514075	212.27670047484105	16.92081956	3.463595182	0.847647073	163.0799374621459	52.78192374	22.495986400368867	42.7616775	13.995451996895822	23.97338748
1651.25	14.72161367	41.74238807	43.53599826	22.78651748	77.21348252	94.73243758	38.20348049	2.277283646	1.261623931	71.9459201	5.267562419	1.9007004162474705	212.16297117054688	17.06079442	3.42722972	0.85983482	163.1928358150359	52.43095571	22.49599271261509	44.66558397	13.863293111257194	24.79919493
1651.375	15.00135537	40.42281813	44.5758265	23.32141018	76.67858982	94.99135695	36.99578331	2.205293634	1.221741187	71.66994678	5.008643048	1.8789678661958935	212.33701436534975	17.11180854	3.434083301	0.869216674	162.93935679142083	54.84752208	22.496028272010786	46.02156878	13.77560326262899	24.73980486
1651.5	15.37563613	39.84546903	44.77889484	22.71335353	77.28664647	95.67968063	36.4673817	2.173795971	1.20429136	72.96632711	4.320319368	1.8621384931553557	212.7607761547224	17.09926846	3.436908163	0.87150638	162.31958123735114	52.73098361	22.496087193845703	45.19676566	13.743371692091813	24.5698899
1651.625	15.40434677	40.33241938	44.26323385	22.36724539	77.63275461	95.67070725	36.91304854	2.20036187	1.21900897	73.30346185	4.329292753	1.851850204761727	213.42564354146808	17.21244295	3.455487533	0.867238226	161.43079285213759	54.30670838	22.49616321897202	45.12404203	13.788389245203874	25.34309626
1651.75	15.6881002	40.03888462	44.27301518	21.74291881	78.25708119	93.73958087	36.64439957	2.184347886	1.210137162	71.99666206	6.260419129	1.8485649315644246	214.28858499129322	17.30178576	3.497694223	0.869304801	160.47495217149952	53.73298549	22.496250080199708	46.05690241	13.91422200103234	24.87168908
1651.875	15.76772213	39.51616116	44.71611671	21.97012548	78.02987452	92.86897125	36.16599246	2.155830362	1.194338343	70.89884577	7.131028751	1.8518107164267459	215.22219190789895	17.26197414	3.535674754	0.8815674	159.66296572822097	54.78522058	22.496341780638964	46.77844048	14.094507304082924	25.1221627
1652	15.40578457	41.07911308	43.51510235	22.36017372	77.63982628	93.11637592	37.59643776	2.241098239	1.241577076	70.7562022	6.883624083	1.8603409360822887	216.09810135649315	17.3181814	3.542684735	0.881328538	159.07624181899868	53.81032303	22.496432871894243	45.44687271	14.297862370123635	24.91599917
1652.125	15.81778085	39.68115764	44.5010615	21.98284421	78.01715579	94.74185962	36.31700059	2.164831854	1.199325205	72.75901541	5.258140381	1.8724922448151453	216.89015222829744	17.45725763	3.497318752	0.874466855	158.71910242881034	54.42440993	22.496518690429838	44.97309029	14.505190950218427	25.45476854
1652.25	15.89352352	38.42637654	45.68009994	22.15476166	77.84523834	93.56890291	35.16859946	2.096376439	1.161400641	71.41414125	6.43109709	1.8869304555923059	217.58306086110582	17.54674652	3.478731573	0.863538007	158.68648296575037	53.33085609	22.496595587104817	45.90967894	14.69134121308738	24.77278411
1652.375	16.03574745	37.83431039	46.12994216	21.71031447	78.28968553	94.35788444	34.62672851	2.064075878	1.143506005	72.64756997	5.642115559	1.9028035748585783	218.13502657911184	17.72744895	3.443035	0.85241732	159.1638675563663	54.55604345	22.49666103421903	43.13206077	14.80750894705552	24.31143522
1652.5	16.39987789	38.38376287	45.21635924	22.20220311	77.79779689	92.98435774	35.12959856	2.094051622	1.160112683	70.78215463	7.015642262	1.9191710311868384	218.48180273106112	17.87806847	3.387991076	0.84346098	160.25755219770366	53.07713189	22.496713689387704	46.4489311	14.802096920807298	24.0963757
1652.625	16.61823704	37.42293902	45.95882394	22.51294209	77.48705791	94.63806601	34.25023308	2.04163324	1.131072697	72.12512391	5.361933991	1.934435704810701	218.63675799921384	17.95315155	3.348312846	0.835691205	161.84853429356912	54.26430982	22.4967533556756	46.09574676	14.664895391311976	23.72559309
1652.75	16.14668383	37.09111879	46.76219738	22.63845484	77.36154516	94.50529267	33.94654447	2.023530567	1.121043746	71.86683783	5.49470733	1.9467496609086787	218.69468336259425	18.11285285	3.289524802	0.8318058	163.72840808240733	52.3565309	22.496780944988892	47.15273082	14.439019610481388	23.58663082
1652.875	15.95172581	36.48409835	47.56417585	22.61593477	77.38406523	93.44576599	33.39098705	1.990414165	1.102697132	70.82983122	6.554234007	1.9548854230774397	218.81434071566878	18.40579205	3.20291716	0.818771178	165.7117627885014	55.02059737	22.496798320784535	48.39560688	14.18977329192358	24.35439229
1653	16.15755815	35.43812482	48.40431703	23.14314513	76.85685487	92.89473627	32.43369085	1.933350386	1.071083578	69.75159114	7.10526373	1.9588473771058679	219.15106277175062	18.55012616	3.149967291	0.818057122	167.64856584062392	53.49085242	22.49680808199494	48.05619717	13.97599418063281	24.72262084
1653.125	15.84791484	36.88465398	47.26743119	23.57434157	76.42565843	93.49368508	33.75758369	2.012266743	1.114803544	69.91934351	6.506314922	1.9596876745334206	219.75339058291613	18.62584095	3.086509608	0.813657875	169.34135789225778	55.21245336	22.496813294479225	48.17314446	13.843508941369665	25.94692111
1653.25	15.5177447	36.58231686	47.89993844	24.12007268	75.87992732	95.15091533	33.48087863	1.995772541	1.105665693	71.03084265	4.84908467	1.9591953359339618	220.49857480686313	18.49811288	3.051389588	0.814367928	170.67692179783884	55.04019392	22.496817202980246	47.10669518	13.812575641177498	25.44860542
1653.375	15.62569609	37.59836113	46.77594278	24.10878136	75.89121864	95.05064419	34.41078296	2.05120351	1.136374663	70.94186283	4.949355812	1.9592996519943506	221.09069403062773	18.3256402	3.049019187	0.813155153	171.72172079455706	53.43987798	22.49682290241151	47.58471847	13.852368017562231	25.38427413
1653.5	15.40280779	36.9461508	47.65104141	23.76302573	76.23697427	95.83472557	33.81386683	2.015621743	1.116662227	72.07169983	4.165274434	1.9612277385528234	221.2881527780869	18.3534973	3.020708132	0.804143136	172.6167674342476	55.18331678	22.49683288012966	48.90503883	13.894499158157945	26.96794569
1653.625	15.43365907	36.13339456	48.43294637	23.98767902	76.01232098	95.90461182	33.07001583	1.971281288	1.092097444	71.9169328	4.095388177	1.9648848848789338	221.03939363789823	18.30978613	3.036269562	0.798497369	173.30190867043092	55.49764778	22.49684868440064	48.70775044	13.890614308433324	27.11561918
1653.75	15.85485606	36.11839304	48.02675091	23.48999888	76.51000112	97.07940915	33.05628613	1.97046287	1.091644037	73.58941027	2.920590847	1.9693836954888733	220.45993582148287	18.25114705	3.050708518	0.791306375	173.51179357956903	55.15853351	22.496870682417025	47.75918126	13.85636793237944	25.7686317
1653.875	15.90085171	37.13665781	46.96249048	23.50830632	76.49169368	97.59590744	33.98822271	2.026014979	1.12242012	74.08760112	2.404092565	1.9739687773922472	219.70951181394318	18.18099749	3.06803299	0.790368145	173.04966174484997	53.65936893	22.496897999963434	46.80505395	13.845821276071018	24.88405108
1654	15.6484391	37.16242566	47.18913524	23.4048744	76.5951256	96.82633752	34.01180597	2.027420762	1.123198929	73.42146312	3.17366248	1.9784448559426984	218.96688338298273	18.18561168	3.062720097	0.787990936	171.9693693544113	52.71260939	22.496928627871824	46.55407369	13.889968407633138	24.96371269
1654.125	16.08064635	35.45908713	48.46026652	23.97486831	76.02513169	96.09384639	32.45287599	1.934493999	1.071717144	72.11897808	3.906153606	1.9829577285620135	218.3778606232561	18.24106093	3.071344954	0.796519846	170.44768124564186	54.19895446	22.496959530759007	47.34170139	13.969325583599398	25.51648617
1654.25	15.94942324	36.49795542	47.55262134	23.43413051	76.56586949	93.94453475	33.40366932	1.991170147	1.103115949	70.51040424	6.055465245	1.9875376869856733	217.88973983828797	18.43527311	3.053841324	0.799142895	168.6270103844985	54.87723259	22.49698695099311	48.17454517	14.038169912104728	25.04648566
1654.375	15.50132218	36.36014764	48.13853017	23.56661055	76.43338945	94.67537474	33.27754485	1.983651952	1.09895084	71.10876419	5.324625263	1.9915502766406628	217.2845172754304	18.56631378	3.029249553	0.797290223	166.66116621216193	54.03663057	22.497006842522033	47.9668349	14.057840943525477	25.27385652
1654.5	15.33892806	36.32183439	48.33923755	23.66936176	76.33063824	95.90019625	33.24247979	1.981561748	1.097792858	72.23083448	4.099803755	1.9934302491885956	216.38290617486098	18.45045205	3.072149221	0.807857185	164.83420098268255	54.65208675	22.497015339541782	47.54900932	14.009038879099563	25.61554313
1654.625	15.07694293	37.85622034	47.06683672	23.58742719	76.41257281	95.23793977	34.64678094	2.06527119	1.144168212	71.65051258	4.762060227	1.9910953681538577	215.28781641758	18.29623398	3.082108165	0.815782878	163.46668888650643	54.2069004	22.49700921730518	47.5222975	13.903549515646155	25.65199733
1654.75	15.02377879	38.80292427	46.17329694	24.05031411	75.94968589	94.31690375	35.51322358	2.11691925	1.172781437	70.26658964	5.683096249	1.9829607574766137	214.24019418103123	18.16650701	3.091286473	0.827202994	162.7554474336053	55.24361037	22.496986276643515	46.79809511	13.78942618437765	26.41245425
1654.875	14.95186744	38.57850403	46.46962853	24.2488429	75.7511571	93.52828182	35.30782962	2.104675855	1.165998549	69.27943893	6.471718176	1.9689569844740311	213.3859428828307	17.91060043	3.14960259	0.844774513	162.75534363938652	53.13113859	22.496945652454137	41.95426106	13.72806680368615	24.03728664
1655	14.52587399	40.10208028	45.37204573	23.59978359	76.40021641	94.87903522	36.70223752	2.187795567	1.212047191	71.27925164	5.120964775	1.9508496958261905	212.7476528886551	17.7709453	3.188426993	0.849867422	163.51041626981456	52.68929922	22.496887949046243	45.42497098	13.739780664384341	25.1829356
1655.125	14.09617451	39.89002942	46.01379607	23.21369538	76.78630462	96.29978028	36.50816427	2.176226992	1.205638155	73.0860849	3.700219725	1.93157839761238	212.38948814920866	17.77084777	3.218560414	0.843155734	165.05187612815388	53.08270932	22.4968152393433	46.03355527	13.776845186501955	25.53212345
1655.25	14.00418282	38.91849115	47.07732603	22.96007904	77.03992096	96.83459961	35.61899273	2.123224078	1.176274336	73.87452057	3.16540039	1.9141075082659922	212.42082439593815	17.65338055	3.279150313	0.843593685	167.25500984450434	55.52670615	22.496730888942793	47.61777222	13.766705591886534	25.99146664
1655.375	14.36035549	39.79664599	45.84299853	22.934492	77.065508	95.3104325	36.42269786	2.171132397	1.20281573	72.3759405	4.689567502	1.9006095901270148	212.86112460345726	17.69611215	3.300883412	0.84150158	169.7337880460056	55.20522082	22.49663930521834	47.0515132	13.68591080052126	24.98333454
1655.5	14.75747276	39.49126669	45.75126055	22.75006013	77.24993987	94.72928326	36.14320853	2.154472227	1.193585931	71.97922314	5.270716739	1.8922676488018828	213.705765292758	17.81704299	3.299430664	0.841031214	171.9533947261023	53.51655476	22.496545629120146	46.52146101	13.580721504102316	24.70049262
1655.625	14.55420135	38.71986955	46.7259291	22.80146976	77.19853024	94.52152915	35.43721021	2.112388145	1.170271187	71.7200594	5.478470846	1.8894929310902526	214.99713688482336	17.83051138	3.324155583	0.84485337	173.49173218802247	53.79103089	22.49645530903254	47.07947969	13.513709957614829	24.6145159
1655.75	14.48954495	38.81947243	46.69098262	22.35956361	77.64043639	95.25007039	35.5283688	2.117822046	1.17328159	72.89050678	4.749929608	1.8923867174004219	216.7234328348932	17.95982541	3.30076597	0.836009414	174.18825767113566	54.43170524	22.496373589743605	48.20514321	13.514827006344335	24.55734611
1655.875	14.14028798	38.32339652	47.5363155	22.81410205	77.18589795	96.20705122	35.07435006	2.090758296	1.158288168	73.39294917	3.79294878	1.9013126857173246	218.6421786037609	18.09106546	3.27640905	0.820951715	174.12130959878596	53.54013447	22.496304990845452	46.84048593	13.577902269725039	24.32240546
1656	14.14414043	37.72200694	48.13385263	22.41667905	77.58332095	97.66915091	34.52394611	2.057949089	1.14011174	75.25247185	2.330849092	1.9167975064821254	220.38203602208543	18.07371544	3.245073597	0.803771801	173.48789702786593	53.4997156	22.496252976269798	47.5874871	13.674498583286825	24.34928417
1656.125	14.35561008	37.44536622	48.1990237	23.03313628	76.96686372	99.93127737	34.27075891	2.042856771	1.131750538	76.8981411	0.068722626	1.938578052277356	221.64136589246243	18.20368678	3.201250754	0.781734289	172.52679624793967	54.91180479	22.496219724259856	48.79929721	13.754704076787167	25.30994117
1656.25	14.68497445	35.77949119	49.53553436	22.20553498	77.79446502	99.99	32.74611628	1.951973855	1.081401051	77.78446502	0.01	1.9646394360545778	222.25389447333978	18.22443071	3.178289428	0.768150471	171.4393285720275	55.87515795	22.496206070607077	48.70465398	13.763796504699698	25.96556544
1656.375	14.85685016	36.43537586	48.70777398	22.75806145	77.24193855	99.50137987	33.34639524	1.987756077	1.101224541	76.74331842	0.498620126	1.9914970542767545	222.14935346179107	18.25277432	3.179825176	0.766416717	170.36955352404624	55.67455939	22.496211520253798	48.67413044	13.685590656288968	25.27868152
1656.5	15.16665118	36.6705569	48.16279191	22.13981942	77.86018058	97.08497711	33.5616377	2.000586535	1.108332664	74.94515769	2.915022891	2.015301678613106	221.3796365096349	18.27623021	3.227074342	0.775954161	169.38168003407952	55.04381707	22.496234360608234	48.23308289	13.558787631945588	24.22910631
1656.625	14.93143652	37.76873787	47.29982561	22.01916973	77.98083027	96.3464761	34.56671521	2.060498526	1.141524138	74.32730638	3.653523897	2.0329805456127037	220.15518140367882	18.22955221	3.265167963	0.79630288	168.52051389046858	54.39228491	22.496271965768273	46.76521719	13.44063400112617	24.68484938
1656.75	14.61285411	38.02764857	47.35949732	22.172359	77.827641	94.54772513	34.80367554	2.074623571	1.149349468	72.37536613	5.452274866	2.0428657591059936	218.76529342930473	18.2356176	3.328494289	0.807535962	167.8392030083129	53.05503832	22.496321090794883	46.73995376	13.351745537667586	23.86278212
1656.875	14.88908676	37.42966166	47.68125158	21.50982778	78.49017222	96.04189239	34.25638578	2.041999998	1.131275882	74.53206461	3.958107614	2.0449768600004674	217.35529487862942	18.29960959	3.359027191	0.806085057	167.4241956588623	53.88808101	22.496378196380615	47.39699662	13.268480024801772	23.20335209
1657	14.86348588	36.30702184	48.82949228	21.11588724	78.88411276	96.90519642	33.22892304	1.980753639	1.097345163	75.78930919	3.094803576	2.0405755023869117	215.84855292083014	18.34690249	3.383814906	0.802249526	167.27859272059652	54.32502973	22.496439760884588	48.21836352	13.156437317575621	23.38345945
1657.125	14.4634782	37.42045975	48.11606205	21.11955426	78.88044574	97.16561745	34.24796401	2.041497982	1.130997764	76.04606319	2.834382547	2.031144448363462	214.10676652335601	18.3469568	3.424081308	0.792216574	167.2581252712752	54.8571914	22.496502550124557	48.19734991	13.00659252899634	23.1618464
1657.25	14.24432569	37.39373123	48.36194309	20.78228531	79.21771469	97.71966315	34.22350152	2.04003979	1.130189919	76.93737784	2.280336847	2.0174596452976994	212.15501886810262	18.2635506	3.488052084	0.795656931	167.118516926986	54.04027536	22.496563815096735	48.10328484	12.839824053773782	23.43352735
1657.375	14.12049267	38.81793676	47.06157057	20.40590086	79.59409914	96.66532815	35.52696332	2.117738267	1.173235175	76.25942729	3.334671851	1.999715397220633	210.10967727719395	17.96460144	3.587441639	0.807433012	166.74131240865955	55.51956111	22.496621372247063	45.78280449	12.69168083651718	19.95279193
1657.5	13.78445399	40.1317535	46.08379251	20.20247752	79.79752248	98.19997268	36.72939505	2.189414409	1.212944035	77.99749516	1.800027318	1.978378258087337	208.05965706672453	17.65220607	3.704921629	0.816501166	166.21265225069533	53.53742929	22.49667364167488	45.0850904	12.594372666097973	21.3016659
1657.625	13.8481317	40.75990896	45.39195934	19.78802958	80.21197042	99.2120846	37.30429568	2.223683847	1.231929436	79.42405502	0.787915403	1.954946706649711	206.09186705750867	17.28073278	3.865975648	0.826440211	165.7232328876469	54.38364334	22.49671962277072	45.1286912	12.563034772188512	21.61670029
1657.75	14.07226932	40.89544492	45.03228576	18.8417763	81.1582237	99.99	37.42834093	2.231078101	1.236025881	81.1482237	0.01	1.931866074468503	204.40255248641012	16.9730366	4.126706671	0.830739139	165.4199794620688	53.6600309	22.49675887473591	44.20573115	12.590204684145656	19.20811236
1657.875	13.7266835	41.54220444	44.73111206	16.70452685	83.29547315	99.99	38.02026837	2.266362495	1.255573572	83.28547315	0.01	1.911976474254001	203.15861694237185	16.7158377	4.499657412	0.838352341	165.36358663896826	54.4067123	22.496791414016926	43.67402196	12.646793720043739	17.11792648
1658	13.39040052	42.77866922	43.83093026	15.19309521	84.80690479	99.99	39.15190603	2.333818651	1.292944543	84.79690479	0.01	1.8977379624111221	202.31351005554706	16.70999276	4.82397223	0.843143414	165.45243931773496	53.21560507	22.49681748936274	43.98020506	12.69294427021094	17.3907429
1658.125	13.74204643	41.27098221	44.98697135	14.93702081	85.06297919	98.00411304	37.77204029	2.251565787	1.247376138	83.06709223	1.99588696	1.8905773137941926	201.67486278010574	16.74716829	5.095554985	0.841381042	165.40663863361002	52.07475937	22.496837395023828	44.87790465	12.701325886782636	18.07840168
1658.25	14.05898621	40.50646793	45.43454586	14.73258076	85.26741924	99.99	37.07234131	2.209857204	1.224269422	85.25741924	0.01	1.8904494677310244	201.19105511809485	16.81218949	5.426538794	0.836383508	164.89604909964876	53.0118099	22.496851332838126	45.00089884	12.67611206782313	16.12987816
1658.375	14.3855394	40.19839334	45.41606726	12.70672994	87.29327006	99.99	36.79038518	2.19304999	1.214958161	87.28327006	0.01	1.8961597955834377	200.98699095026066	16.94879394	5.878803118	0.827867975	163.81735722609616	54.05549539	22.49685936660807	44.48210597	12.643546745210177	13.17923963
1658.5	13.99667721	40.71212816	45.29119463	10.80874693	89.19125307	99.99	37.26056572	2.221077134	1.230485307	89.18125307	0.01	1.9062365012491604	201.0678678966436	16.97222312	6.355197083	0.827369019	162.36810363455785	52.75264466	22.49686139797765	45.03160417	12.622551710932548	13.90602291
1658.625	13.62399811	41.15689765	45.21910424	10.78952779	89.21047221	97.89711211	37.66762778	2.245341828	1.243928041	87.10758432	2.102887893	1.9196404407262624	201.18387823191463	16.99639349	6.904777641	0.845785568	160.92304995738954	53.03343264	22.496857203533786	44.88456249	12.613624316705621	10.50658226
1658.75	13.24751292	42.38355833	44.36892875	10.559652	89.440348	95.05571073	38.79029253	2.312263115	1.281002692	84.49605872	4.944289274	1.935690867780815	201.0381011217921	17.04344842	7.215708364	0.867499036	159.76732400833802	53.36485646	22.496846438997675	46.76296413	12.607100892136083	12.60797679
1658.875	12.88667959	42.65425404	44.45906636	10.78625582	89.21374418	94.28489333	39.03803873	2.327031098	1.289184212	83.49863752	5.715106666	1.9534499442725481	200.5209447082911	17.15309847	7.267438509	0.882173097	159.03620921383646	54.17603714	22.496828712791814	44.78502274	12.594173241406644	11.15430593
1659	12.6834106	42.06399265	45.25259675	10.56750226	89.43249774	95.13634374	38.49781953	2.294828997	1.271344124	84.56884148	4.86365626	1.97139262832066	199.64551297235462	17.27300854	7.306403062	0.888282357	158.75535003943958	52.93031492	22.496803671924198	46.03150487	12.571709488845428	12.82570958
1659.125	12.73407923	41.4277093	45.83821147	10.4473129	89.5526871	95.01579215	37.9154801	2.260116137	1.252113065	84.56847925	4.984207852	1.9875505665433668	198.48956796744685	17.3472378	7.328044239	0.888343712	158.87563722445228	52.75092674	22.49677102950998	46.19864821	12.54319372518714	13.94506991
1659.25	12.59824373	42.32021931	45.08153696	10.29396316	89.70603684	94.32343114	38.73232337	2.308807612	1.279088331	84.02946798	5.676568864	1.999762247562453	197.23459888102525	17.27174945	7.46801152	0.88464952	159.2117513635973	52.61228193	22.496730713470512	45.43775618	12.514563776606959	13.32436204
1659.375	12.56498214	43.15226987	44.28274799	10.041012	89.958988	96.58868077	39.49383292	2.354200682	1.304236266	86.54766877	3.411319231	2.0059392301103864	196.20076727014785	17.15222841	7.647333856	0.888791852	159.55141981773394	53.79095629	22.496682979923538	45.44876218	12.490926419610584	11.77993417
1659.5	12.80204512	43.11480484	44.08315004	9.842192568	90.15780743	95.67454301	39.45954417	2.352156753	1.303103922	85.83235045	4.325456987	2.0048271275945755	195.68960273699568	17.05389042	7.789234423	0.888903013	159.8607584954487	53.26596817	22.496628541606754	44.65866387	12.480001281647946	7.613545656
1659.625	12.5579893	42.25782819	45.1841825	9.81385808	90.18614192	96.51951742	38.67522175	2.305403824	1.277202618	86.70565934	3.480482581	1.9967947569177307	195.81903336660463	16.90662797	7.834010981	0.878422612	160.22973425745124	53.48460044	22.496568634902637	44.99056041	12.493930024313045	7.44740963
1659.75	12.78887626	42.44114377	44.76997997	10.10813272	89.89186728	99.34340453	38.84299589	2.315404727	1.282743157	89.23527181	0.656595475	1.9836113179451331	196.55245807097836	16.86442548	7.822371075	0.872639113	160.61530685442713	53.53571117	22.496505009840135	46.36974335	12.546077900815543	10.28674841
1659.875	13.12818118	42.60214788	44.26967093	10.08109619	89.91890381	98.45882404	38.99035012	2.324188412	1.287609353	88.37772785	1.541175964	1.9675128064756686	197.81738564301907	16.84621093	7.714623176	0.867405696	160.81207402343216	53.10421668	22.496439917455564	46.63195014	12.645643524884251	10.07061005
1660	13.23369668	42.54946362	44.2168397	10.3718036	89.6281964	97.10373564	38.94213241	2.321314187	1.286017021	86.73193203	2.896264364	1.9506675752798173	199.5591930199561	16.61300448	7.694690393	0.870887212	160.75100812671639	53.78306401	22.49637604499995	44.01705265	12.794904066034926	9.704709053
1660.125	13.58515346	43.37000761	43.04483893	10.37877579	89.62122421	98.28846884	39.69311092	2.366079509	1.310817182	87.90969305	1.711531164	1.9352209015587878	201.6355699383138	16.55274629	7.747789905	0.870198053	160.64607548276325	53.96656005	22.496316415347827	45.57654262	12.98990747478857	13.7479037
1660.25	13.36277132	42.363375	44.27385368	9.913651153	90.08634885	99.99	38.77182033	2.311162	1.28039267	90.07634885	0.01	1.9231026160963238	203.8071771611812	16.51019618	7.829827672	0.865473278	160.7705100550489	52.65175623	22.49626418620988	42.88762212	13.21983813596053	9.830766916
1660.375	13.69254515	42.09611219	44.21134266	9.646023686	90.35397631	99.99	38.52721599	2.2965813	1.272314906	90.34397631	0.01	1.915465331472594	205.78627374236356	16.46707893	8.616521875	0.856597174	161.21120428107892	52.74527882	22.49622240602793	42.93810725	13.464258211006591	5.902665854
1660.5	13.56110632	41.90557546	44.53331822	7.160067525	92.83993247	99.99	38.3528329	2.286186442	1.266556115	92.82993247	0.01	1.9125055043653925	207.3066041955808	16.53870523	10.35758924	0.847500266	161.88276362754797	53.51140193	22.496193879095337	39.2467171	13.69071522608391	5.90570569
1660.625	13.28951219	42.4003889	44.31009891	5.164470918	94.83552908	99.99	38.8056962	2.313181317	1.28151138	94.82552908	0.01	1.9137682843101518	208.15682042483206	16.42992484	15.05417998	0.852402142	162.67507875036432	55.73591166	22.496180999263384	39.96750116	13.865633742349463	4.671561718
1660.75	13.63525336	43.27433075	43.09041588	2.83846987	97.16153013	99.99	39.60554552	2.360859794	1.30792544	97.15153013	0.01	1.9183253924648922	208.21082625013918	16.30491063	21.36044219	0.859544744	163.39912170331664	53.38284202	22.496185582191856	40.96083045	13.971033100628349	3.272199631
1660.875	13.48018199	43.65418667	42.86563134	2.255418725	97.74458128	99.99	39.95319736	2.381583086	1.319406224	97.73458128	0.01	1.9244709326979088	207.50458993018762	16.17063893	27.19576326	0.871602439	163.755560840113	56.35264421	22.49620867676248	39.3466264	14.011901169704124	3.486722708
1661	13.12070242	44.07535706	42.80394052	2.208490666	97.79150933	98.92634799	40.33866105	2.404560315	1.332135698	96.71785732	1.07365201	1.9297755089464448	206.1885419269314	15.91684661	35.26138204	0.886061426	163.55814101478728	51.68843833	22.496250381381653	40.73283672	14.0044229031766	3.426891565
1661.125	13.03093028	45.39561784	41.57345188	1.618894431	98.38110557	99.99	41.5469905	2.476588017	1.372039323	98.37110557	0.01	1.931753751984352	204.5052100362691	15.85282531	40.44386744	0.896032958	162.9878784938137	53.18448113	22.496309645917094	43.30113828	13.966626710882817	5.111765862
1661.25	13.29297076	44.70680246	42.00022679	1.585837718	98.41416228	98.51682468	40.91657268	2.439009237	1.351220534	96.93098696	1.483175322	1.9286920160935734	202.71794558284637	15.92764108	43.6110837	0.902838129	162.39423017520667	52.43894924	22.49638419946824	43.38113964	13.922707781888189	4.979270697
1661.375	13.55594785	43.6114623	42.83258986	1.603487441	98.39651256	97.01482997	39.91409515	2.379252229	1.31811492	95.41134253	2.985170026	1.920155904373002	201.14010279272003	15.87342888	46.48880873	0.903363738	161.88496951760715	53.73075172	22.496470574552426	43.46621335	13.90701467853415	4.718440771
1661.5	13.3898827	44.27628965	42.33382764	1.639973085	98.36002691	99.3943119	40.52255863	2.415522326	1.338208694	97.75433881	0.605688101	1.9072553588276762	200.02240878062108	15.91794039	46.52798641	0.903670917	161.292204925803	52.26496302	22.496564255836184	42.69665182	13.946370662832425	4.187607765
1661.625	13.0698225	45.09109397	41.83908353	1.602258054	98.39774195	99.19944096	41.26828407	2.459974516	1.362835379	97.59718291	0.80055904	1.8925590290247274	199.4369511373385	15.85355321	48.46525191	0.902646351	160.48620167235558	53.95004161	22.49666006594734	43.09219718	14.038261462960406	4.397034645
1661.75	12.98899669	45.29115758	41.71984573	1.36007405	98.63992595	99.99	41.45138635	2.470889118	1.368882111	98.62992595	0.01	1.879513629376555	199.27685182150992	15.81100259	50.68862974	0.905191809	159.54494467624593	52.73744754	22.49675249774421	43.70887876	14.154763381649026	4.644423723
1661.875	13.05803558	44.44200148	42.49996294	1.340413093	98.65958691	97.30093364	40.67422146	2.424562845	1.343217176	95.96052055	2.699066361	1.8713830494333004	199.39870710372492	15.77536502	53.4201214	0.907154257	158.6277178760402	53.19624346	22.496836122736518	43.06340814	14.268364439146804	4.192131758
1662	13.18686889	44.81122881	42.0019023	1.31621722	98.68378278	99.55758684	41.0121458	2.444706286	1.354376721	98.24136962	0.442413162	1.8702621632311924	199.72317844072143	15.76213092	56.05089362	0.905357532	157.84401500507633	53.98277763	22.496905899937325	38.77137303	14.36492197887608	4.727947712
1662.125	12.92759928	45.15799605	41.91440467	1.290961163	98.70903884	99.99	41.32951422	2.463624403	1.36485743	98.69903884	0.01	1.876481109422576	200.1380559394969	15.80000466	216.4924428	0.90239034	157.28030590180185	52.39880464	22.496957461320136	37.54782677	14.434101209017555	5.726754665
1662.25	13.274766	44.60373783	42.12149617	0.09	99.91	99.99	40.82224585	2.433386479	1.348105503	99.9	0.01	1.888921360370247	200.48815442737606	15.73372968	378.0192435	0.894576957	157.0435322862454	51.23874492	22.496987408716308	39.25458789	14.464383944356964	5.060690641
1662.375	13.5895281	43.91589579	42.4945761	0.088601693	99.91139831	99.98860169	40.19271886	2.3958608	1.327316133	99.9	0.011398307	1.9057900462939732	200.62713971784646	15.81573285	538.1106584	0.888288966	157.11728705286313	53.82450039	22.496993542431486	40.71962833	14.455229943381507	4.584681988
1662.5	13.25123529	43.74394989	43.00481481	0.088036111	99.91196389	99.98803611	40.03535048	2.386480178	1.322119232	99.9	0.011963889	1.9255298265526353	200.5072930433836	15.8720283	700.8469178	0.884621622	157.22706457347255	50.82553119	22.496974994800485	41.24562442	14.425643658486395	3.255099058
1662.625	13.11304986	44.36967644	42.5172737	0.08753833	99.91246167	99.98753833	40.60802811	2.420617104	1.341031221	99.9	0.01246167	1.9468135493975935	200.150608736283	15.96307179	696.8810693	0.87929191	157.01127076036266	52.78502338	22.496932287502936	42.45822132	14.4005918721578	3.265672922
1662.75	13.39764943	43.49995269	43.10239788	0.09	99.91	99.99	39.81203929	2.373168748	1.314744648	99.9	0.01	1.967970533589614	199.60553265861515	16.08131519	688.7021427	0.882516797	156.36696755464467	52.28576677	22.496867342415182	42.38307476	14.392389876924895	4.10361886
1662.875	13.75809787	43.25248001	42.98942211	0.092094632	99.90790537	97.2798275	39.58554728	2.359667713	1.307265023	97.18773287	2.720172497	1.9865830045628419	198.94724020212857	16.15210316	683.4631952	0.892712185	155.44736966753248	52.07344354	22.496783486645874	43.70497763	14.400857689481953	6.059134007
1663	13.50615126	43.8355592	42.65828954	0.091741677	99.90825832	96.04829234	40.11919318	2.391477984	1.324888036	95.95655066	3.95170766	2.00006953613316	198.32693187481874	16.39824517	675.0197952	0.898997091	154.39502677994406	53.76563713	22.496685240638822	42.21457541	14.426826669786243	3.936374187
1663.125	13.55095299	42.84557154	43.60347547	0.089771279	99.91022872	94.41733073	39.21313639	2.337468551	1.294966601	94.32755945	5.582669274	2.00656543620037	197.9620639512757	16.49292405	673.7252617	0.90923698	153.21718204114717	53.56145147	22.49657800285952	43.46324801	14.475015430670924	3.357410431
1663.25	13.41890987	43.60893806	42.97215207	0.091030089	99.90896991	95.84366796	39.91178492	2.379114518	1.318038628	95.75263787	4.156332037	2.0053951964942267	197.96941182486316	16.4921658	678.1990195	0.914825105	151.9472854705243	53.44514451	22.496467665847433	42.28013158	14.541221265588238	3.473699093
1663.375	13.7954175	43.64262102	42.56196148	0.090492396	99.9095076	95.82569388	39.94261225	2.380952114	1.319056663	95.73520148	4.17430612	1.9973694049033475	198.27343654566008	16.44608026	685.2636522	0.913955454	150.77265189881393	53.89373718	22.496360226352216	41.39365554	14.606597429086381	3.806883097
1663.5	13.96689439	43.75747621	42.2756294	0.088662032	99.91133797	96.64808521	40.04773004	2.387218115	1.322528052	96.55942317	3.351914794	1.9847303515966734	198.793475321966	16.30322052	689.0314704	0.917328528	149.9638118466422	53.3671477	22.496261427394714	41.96984172	14.651110672899478	3.432893753
1663.625	13.72600461	43.93503823	42.33895716	0.090476603	99.9095234	95.51264098	40.21023841	2.396905129	1.327894695	95.42216437	4.487359023	1.9703903637863713	199.59539573722742	16.2948463	692.5085966	0.915330888	149.72381568120284	52.95114393	22.496176522124294	41.20873809	14.669556294578582	3.307974339
1663.75	13.70875072	43.31727667	42.97397262	0.089065772	99.91093423	96.30417783	39.64485049	2.363202737	1.30922344	96.21511205	3.695822174	1.9565719162847217	200.78874290727572	16.35956204	691.9598472	0.910765538	150.08605779306401	52.17974859	22.496110130982043	42.6687777	14.670047355588231	3.291451931
1663.875	13.79427593	42.87405522	43.33166886	0.089081357	99.91091864	96.07098489	39.23920523	2.339022497	1.295827493	95.98190353	3.929015108	1.9442433550578215	202.22267018267013	16.43985727	691.4575791	0.917016087	150.96274921902335	53.35858965	22.496066169647925	42.6250577	14.661029369956502	3.37896347
1664	14.01566773	43.63610165	42.34823062	0.088769908	99.91123009	93.92148867	39.93664558	2.380596445	1.318859621	93.83271876	6.078511331	1.9337173371747185	203.55197533097373	16.41198755	698.5721264	0.921188924	152.20090619612512	53.77720301	22.496047842838163	42.18372107	14.647655458956958	3.381180763
1664.125	14.35085991	43.99131919	41.6578209	0.088164551	99.91183545	94.53215008	40.26174788	2.399975573	1.329595733	94.44398553	5.467849921	1.9256525693732691	204.50540373710749	16.37104901	703.7616875	0.93144852	153.6039445886749	52.80914182	22.49605748645412	41.81416631	14.635748193320156	3.42977643
1664.25	13.9833108	44.13468201	41.88200719	0.088692783	99.91130722	94.17062586	40.39295644	2.407796827	1.333928738	94.08193308	5.829374139	1.9212840084066651	205.07702663416202	16.23611813	715.0238269	0.939615623	154.87737839802122	52.80290222	22.496096483715988	41.99314117	14.6318228350498	3.259092569
1664.375	14.3356556	43.99735852	41.66698588	0.086767547	99.91323245	95.61091864	40.2672752	2.400305053	1.329778266	95.5241511	4.389081356	1.9216644361500639	205.28831306211723	16.17939269	713.9429134	0.929860384	155.7059914717529	51.94243327	22.49616510940337	40.53312838	14.63613212776109	3.308010101
1664.5	14.51537187	42.95753328	42.52709485	0.088953307	99.91104669	96.84028207	39.31560604	2.343576698	1.298350538	96.75132876	3.159717933	1.9268755511195466	205.04755458825508	16.08256259	707.3365189	0.91707712	155.89973534947356	53.08761906	22.496262468759845	40.20932913	14.643418489093163	3.481686115
1664.625	14.41961618	43.62490802	41.9554758	0.091069255	99.90893075	99.02380096	39.92640094	2.379985769	1.318521304	98.93273171	0.976199037	1.93591138686874	204.30779963050358	15.92042443	711.8125374	0.914239375	155.49812929997734	53.00699194	22.496386484763402	41.66547358	14.64905597238802	3.279608488
1664.75	14.60623693	44.57347063	40.82029244	0.088763947	99.91123605	96.7955588	40.7945447	2.431735231	1.347190706	96.70679486	3.204441196	1.946921531484319	203.25569961583145	15.8276572	709.5916071	0.922180881	154.7172679896058	53.00983133	22.49653389097685	40.73135257	14.653267714359112	3.232598305
1664.875	14.98983332	44.72889545	40.28127124	0.091139594	99.90886041	94.68340866	40.93679264	2.440214535	1.351888273	94.59226907	5.316591338	1.9575318081139277	202.1322085896974	15.67245468	719.8089282	0.937819732	153.78627450497677	50.88556772	22.49670023170335	38.30175996	14.658059256181945	4.269021749
1665	15.01724695	44.77629981	40.20645324	0.088873533	99.91112647	94.97832337	40.98017807	2.442800712	1.353321025	94.88944983	5.021676635	1.9654976467031036	200.99308446641913	15.62832811	732.8394342	0.943403277	152.842541050027	54.13631555	22.496879961713955	39.69407082	14.664487261558605	3.457593918
1665.125	15.11418469	43.85259711	41.0332182	0.086293624	99.91370638	97.75477067	40.13478662	2.392407499	1.32540299	97.66847704	2.245229333	1.9696232557830753	199.83507695270686	15.67563735	736.8795456	0.946594174	151.97013795823315	51.23069938	22.497066622235373	40.72223008	14.671916685112327	3.22599411
1665.25	15.39330838	43.97736309	40.62932853	0.087139009	99.91286099	94.90446684	40.24897498	2.39921419	1.329173923	94.81732783	5.09553316	1.9699598754739438	198.86104905827466	15.8620064	740.2083923	0.941671192	151.27652010886783	52.53760687	22.497253092043145	40.91259837	14.679566147712848	3.474104404
1665.375	15.34638298	42.94359985	41.71001717	0.086107272	99.91389273	93.04167225	39.30285389	2.342816551	1.297929414	92.95556497	6.958327754	1.967415347974415	198.40438792062213	16.12387232	741.0195843	0.944094592	150.76957957757992	54.66893717	22.49743177994599	41.01341367	14.687260388608253	3.47200036
1665.5	15.30114067	43.06641839	41.63244094	0.085225969	99.91477403	90.70619542	39.4152599	2.349516997	1.301641487	90.62096945	9.293804583	1.9632601192185173	198.5577033361652	16.46309363	742.2975478	0.958590644	150.30457659997143	52.30684114	22.49759493348136	42.07621217	14.694838000302347	3.385001421
1665.625	15.11411664	42.69972034	42.18616302	0.083167735	99.91683227	89.77555707	39.07965041	2.329511543	1.290558388	89.69238934	10.22444293	1.95905148787523	199.0474244701826	16.68178119	749.6380671	0.964060323	149.72801635452063	53.19816069	22.49773502627654	43.42163503	14.701368639195184	3.363543749
1665.75	14.66960821	43.39517764	41.93521415	0.080840393	99.91915961	91.029803	39.71614704	2.367452676	1.311577923	90.9489626	8.970197002	1.9566219413291903	199.54510510742693	16.8600955	753.4680389	0.966139948	149.08847084763786	52.89613031	22.497845228270485	42.10292101	14.705646758211838	3.609800339
1665.875	14.44188137	42.4681132	43.09000543	0.081355065	99.91864493	90.56032948	38.86767886	2.316876061	1.283558283	90.47897441	9.439670524	1.9578577061577476	199.94576475115622	16.92804272	754.7205708	0.966343121	148.57565119447372	53.48710225	22.497919897412423	42.44145751	14.707499634389846	3.488016129
1666	14.43266019	43.15325721	42.41408259	0.082956343	99.91704366	90.08853104	39.49473656	2.354254547	1.304266108	90.0055747	9.911468959	1.964052570881669	200.30661394326202	16.90840534	759.7454571	0.979534904	148.33947474759768	53.49039622	22.497955043955294	41.81049168	14.706592522112075	3.44389081
1666.125	14.25624026	44.18836432	41.55539542	0.082164677	99.91783532	87.46548372	40.44208758	2.410725501	1.335551235	87.38331904	12.53451628	1.975253794644486	200.58570204696488	16.9343282	756.7500128	0.990964014	148.35154812660838	51.67569378	22.49794871632797	41.80871248	14.701193184545833	3.477811813
1666.25	14.44149789	44.09989547	41.45860663	0.08320901	99.91679099	88.24573344	40.3611191	2.405899025	1.332877348	88.16252443	11.75426656	1.9901712818513895	200.64755437576784	16.77026984	766.5144083	1.016853122	148.45262817700285	54.83242868	22.497901211999075	40.29486179	14.688639268775491	3.734284639
1666.375	14.60889467	45.12845128	40.26265405	0.082845667	99.91715433	87.1442183	41.30247425	2.462012569	1.363964468	87.06137263	12.8557817	2.006445209339195	200.38628189712307	16.53328928	779.3951102	1.038419516	148.49216954990692	51.59945595	22.497815084103028	39.92737234	14.668340332496715	3.313702345
1666.5	14.98306068	45.77276262	39.2441767	0.083930454	99.91606955	88.59646127	41.89216106	2.497163401	1.383438165	88.51253082	11.40353873	2.0211881811258943	199.8172786700516	16.19662756	788.9404938	1.051671313	148.43083683636365	52.14260999	22.497694898558706	38.393718	14.642035181269721	3.431946039
1666.625	14.56030402	47.05876439	38.38093158	0.084929845	99.91507016	89.39839889	43.06913597	2.56732208	1.422306344	89.31346904	10.60160111	2.031640630981963	198.98486815046854	15.93474552	797.5861114	1.063692963	148.29084731890063	51.43378499	22.497546933583195	37.41486073	14.611975976206724	3.327018023
1666.75	14.71588759	46.42074868	38.86336373	0.085026413	99.91497359	89.33250246	42.48521104	2.53251471	1.403022926	89.24747605	10.66749754	2.035772710578621	197.91637086369278	15.7017478	799.3592958	1.075688023	148.0640917481165	51.68282649	22.49737870100542	38.56384158	14.580101737166022	3.220683336
1666.875	14.45258808	47.46687618	38.08053573	0.08708724	99.91291276	88.11848558	43.44264816	2.589586889	1.434641134	88.03139834	11.88151442	2.032556458320344	196.65833849156874	15.72685754	790.4591359	1.08645169	147.68285717470593	52.5080994	22.497198441121164	38.78493309	14.548973220167218	3.298443556
1667	14.38199403	46.57309801	39.04490796	0.088603008	99.91139699	86.31061815	42.62464424	2.540826228	1.40762754	86.22201514	13.68938185	2.022253010489374	195.2865065565571	15.87403161	774.7964874	1.086777108	147.09525259116407	52.86536614	22.497014527593784	39.17444646	14.521436999078336	3.239697218
1667.125	14.16789805	46.32849577	39.50360619	0.089775589	99.91022441	87.34893297	42.40077931	2.527481791	1.40023467	87.25915738	12.65106703	2.0064879443124894	193.87116569101067	15.98992159	757.403399	1.092840385	146.2905453667195	51.95559473	22.496834852699976	39.710325	14.498280755478678	3.207248449
1667.25	13.85910343	46.49747487	39.6434217	0.091779577	99.90822042	86.71703889	42.55543241	2.536700558	1.405341902	86.62525931	13.28296111	1.9877857988024306	192.33242047043794	16.0914342	746.2384026	1.096868219	145.3103531720815	52.19762072	22.49666624767223	39.91968036	14.47859465017947	3.200727701
1667.375	13.57264197	47.51642871	38.91092932	0.090529763	99.90947024	86.07884703	43.48799964	2.59229026	1.436138812	85.98831727	13.92115297	1.96908165690481	190.54124589023053	16.15140454	735.3928829	1.102114323	144.2006994577445	51.84762099	22.496514069250757	36.23248339	14.462219116927987	5.447930098
1667.5	13.52129362	46.92971378	39.5489926	0.093041437	99.90695856	84.59671469	42.95102623	2.560281638	1.418405912	84.50367325	15.40328531	1.9535571801738576	188.41655065819216	16.16600639	728.2618637	1.104817933	143.09294276330013	53.70244071	22.496381963987638	40.31530023	14.45155876572391	3.327333927
1667.625	13.62975543	46.69574743	39.67449714	0.093171191	99.90682881	86.72593711	42.73689548	2.547517449	1.411334501	86.63276592	13.27406289	1.9442231014448157	186.1157808312989	16.1307868	722.8434112	1.108812907	142.20832390708355	51.90940751	22.49627181347168	40.44730663	14.44989873501617	3.199791908
1667.75	13.72434465	47.03482383	39.24083152	0.095833834	99.90416617	86.46269844	43.04722508	2.566015986	1.421582763	86.3668646	13.53730156	1.9429113319497153	183.9486552480335	16.09609743	719.9345363	1.115220622	141.74324828317827	51.13114521	22.496183796786156	39.39688802	14.458377425861894	3.172898293
1667.875	13.74355514	47.98331092	38.27313394	0.093691135	99.90630886	85.339231	43.91529971	2.617761328	1.450249882	85.24553986	14.660769	1.9496946391279903	182.26358162065466	15.90804412	722.5002423	1.118966197	141.61430140342648	50.75101018	22.496116673101223	37.42904663	14.474566961629563	3.131759167
1668	14.06325378	48.10318479	37.83356143	0.096084559	99.90391544	86.51631501	44.0250107	2.624301126	1.453872955	86.42023045	13.48368499	1.9630960061233438	181.26791020578682	15.79058285	720.9628045	1.120133136	141.50769496857342	49.53942481	22.496068168379182	39.29667175	14.493151381550614	3.17505002
1668.125	13.91270115	47.39294324	38.6943556	0.096576446	99.90342355	88.12901749	43.37498323	2.585553428	1.432406581	88.03244104	11.87098251	1.9806336530435842	181.04281916300533	15.74830769	720.2164664	1.124970114	141.15443358746288	50.89680614	22.49603549077262	38.77487183	14.508497441383486	3.157263994
1668.25	14.25008188	47.27517109	38.47474702	0.098313116	99.90168688	86.03673636	43.26719577	2.579128291	1.42884703	85.93842324	13.96326364	1.999119158285826	181.61541475253972	15.75343035	709.5022	1.122355522	140.49867740440135	51.20401732	22.496015814292363	39.64061141	14.516405311708326	3.178191185
1668.375	14.41884679	47.42788787	38.15326534	0.100196242	99.89980376	85.63492948	43.40696526	2.587459855	1.433462749	85.53473324	14.36507052	2.015168304963063	182.89765486352013	15.83583175	705.4275137	1.132561451	139.60292977073448	50.91962476	22.49600668505068	38.42594028	14.515510077183867	3.20545435
1668.5	14.6851636	47.71792504	37.59691135	0.099087227	99.90091277	83.41990226	43.67241317	2.603283026	1.442228847	83.32081503	16.58009774	2.026082670576046	184.61329570601725	15.81119545	714.3547025	1.162028875	138.55837091510688	51.7225923	22.496006341751276	37.50646412	14.507064772881602	3.260052204
1668.625	14.98644685	48.46853608	36.54501707	0.097405274	99.90259473	83.00209601	44.35938762	2.644233108	1.46491535	82.90469074	16.99790399	2.0307356016118407	186.37938847524782	15.71544736	724.965639	1.178769819	137.52434773357606	51.24821026	22.496013867329005	36.30056381	14.494012323884707	3.309345245
1668.75	15.20059225	48.25111874	36.54828901	0.097540895	99.9024591	84.27472677	44.16040286	2.632371762	1.458344118	84.17718588	15.72527323	2.029616821059397	187.93642820123145	15.58123075	742.6151304	1.201462001	136.71372251669533	51.40417382	22.49602916740175	36.79814637	14.479536627036314	3.143441677
1668.875	15.2339034	49.01508602	35.75101059	0.096863545	99.90313645	83.53625292	44.85960121	2.674050503	1.481434302	83.43938938	16.46374708	2.024321875398103	189.19729528563425	15.55234443	752.9595654	1.218235866	136.29546713306553	50.79193764	22.496052835579782	36.07621491	14.465999461181525	3.118175268
1669	15.08623435	48.51002005	36.4037456	0.096563634	99.90343637	81.04371315	44.39735459	2.646496294	1.466169164	80.94714952	18.95628685	2.017124770117286	190.15690821879576	15.56615143	754.6982339	1.224074362	136.29490238524926	50.30559988	22.49608597790177	36.48181558	14.455396746320483	3.097349405
1669.125	15.19006608	48.54993848	36.25999544	0.097252699	99.9027473	81.8574528	44.43388875	2.64867407	1.46737566	81.76020011	18.1425472	2.0106711703074196	190.91351477169604	15.63351663	757.7838893	1.229351485	136.64816049817279	49.60045025	22.496129883462164	37.64609694	14.449762701442848	3.194981813
1669.25	15.00902791	48.16691085	36.82406124	0.095079448	99.90492055	82.48155319	44.08333409	2.627777744	1.455799015	82.38647374	17.51844681	2.0070808681786225	191.6776986038044	15.71576787	756.567633	1.219376891	137.32415509690654	50.09713033	22.496185697066622	38.02595139	14.45222835780196	3.169924021
1669.375	15.2376093	47.9795596	36.7828311	0.094606915	99.90539309	84.0123915	43.91186642	2.617556672	1.450136502	83.91778459	15.9876085	2.007101795039465	192.69937508412517	15.79599865	752.0724031	1.200980358	138.3317153096224	50.20740592	22.49625400892814	38.44558001	14.464849817712786	3.148066998
1669.5	15.38036418	46.92483324	37.69480258	0.095461171	99.90453883	82.91864001	42.94655946	2.560015377	1.418258402	82.82317884	17.08135999	2.0101568838804815	194.0682886916184	15.92386335	748.8385955	1.178836168	139.5405157348685	51.95045624	22.496334518020902	38.67150247	14.486544205379275	3.270357847
1669.625	15.61402681	46.36722263	38.01875057	0.094181756	99.90581824	83.72323942	42.43622291	2.52959456	1.401405152	83.62905766	16.27676058	2.015139233836248	195.71463695248713	16.04573068	745.6153949	1.155919391	140.66791824878862	52.50596061	22.496425779775308	39.79945481	14.509573017349151	3.190076351
1669.75	15.38858691	45.96728014	38.64413295	0.091975563	99.90802444	84.69427465	42.07018744	2.507775433	1.389317271	84.60229909	15.30572535	2.0206978252237784	197.45596342042884	16.22164628	738.5601471	1.138385594	141.44121942337244	51.15447721	22.496525143372367	38.65412772	14.523959100271826	3.242582083
1669.875	15.5759647	45.70296963	38.72106567	0.093242857	99.90675714	84.59295536	41.82828509	2.493355798	1.381328738	84.4997125	15.40704464	2.0252328675592333	199.04784600658422	16.20537585	741.5343477	1.130409135	141.7062187409645	51.95590135	22.496628883785853	36.68963909	14.53111211072631	4.526233673
1670	16.03373695	46.26668238	37.69958067	0.093825198	99.9061748	84.40641958	42.34420644	2.52410952	1.398366419	84.31259438	15.59358042	2.0270275576724996	200.18737715439636	16.12625733	748.174662	1.125803498	141.33681096969644	52.04613673	22.496732427496084	37.51536608	14.557843822044706	3.291171789
1670.125	15.71729135	46.57954001	37.70316863	0.091510835	99.90848916	85.57636944	42.6305401	2.541177676	1.407822243	85.48485861	14.42363056	2.0248148151027263	200.5851893701953	16.12167322	751.1819053	1.128922872	140.34760860236247	51.53574607	22.496830649956983	38.42993975	14.638463496194298	3.340679407
1670.25	15.82621916	45.93839045	38.23539038	0.091443612	99.90855639	84.13241804	42.04374701	2.506199337	1.388444108	84.04097443	15.86758196	2.0181573028743083	200.12659189259162	16.04512734	767.5046337	1.1466138	139.01440903060782	53.27050949	22.496918302274494	39.1533792	14.773962265075985	3.239899874
1670.375	15.87343075	47.00262257	37.12394668	0.089039422	99.91096058	82.55887617	43.01775384	2.564259225	1.42060951	82.46983675	17.44112383	2.00774489797002	198.87812067264954	16.03964534	776.6209573	1.164618653	137.76300929517976	51.1309888	22.496990460420704	38.00099194	14.911929995383602	3.193062544
1670.5	15.75112183	47.38702024	36.86185792	0.091347502	99.9086525	81.54402742	43.36956238	2.585230295	1.432227564	81.45267992	18.45597258	1.9956731073587797	196.94015700220137	16.04542714	785.4859691	1.195212946	136.77419161232325	52.22998476	22.497043047054255	37.19355464	14.966921130320799	3.244847059
1670.625	15.58701407	48.16930456	36.24368137	0.090950781	99.90904922	80.50038764	44.08552486	2.627908335	1.455871363	80.40943686	19.49961236	1.9855783308919437	194.27591496281386	15.85576001	799.9092897	1.227403973	135.86273856547683	50.47759501	22.497073163235022	37.56138682	14.849750587704794	3.130745888
1670.75	15.36618991	49.0501001	35.58370999	0.091284827	99.90871517	81.51398652	44.89164681	2.675960719	1.482492569	81.42270169	18.48601348	1.981756061685375	190.78327847812818	15.69475356	801.6570878	1.251518056	134.69588416109576	50.86337707	22.497079345571912	35.67434847	14.487712548756019	3.234493732
1670.875	15.05291333	49.63521124	35.31187542	0.093060768	99.90693923	81.03681182	45.4271524	2.707881845	1.500176996	80.94375106	18.96318818	1.9871986754489424	186.40346873756886	15.53708495	807.1956432	1.258791809	133.0473007905348	50.92502319	22.497061735135325	35.81581712	13.846076544162187	3.106230497
1671	14.77713815	49.28240517	35.94045668	0.091109004	99.908891	82.62361802	45.10425712	2.688634276	1.489513769	82.53250902	17.37638198	2.0020689958463045	181.09523122743124	15.33629071	815.0906825	1.25077662	130.77716577025754	49.20496593	22.497022097184598	35.33150554	12.947350859652238	3.138971329
1671.125	14.82876088	49.50971475	35.66152437	0.08880256	99.91119744	84.63125414	45.31229546	2.701035301	1.496383984	84.54245158	15.36874586	2.0235741317005806	174.80939712811323	15.21317792	815.8522962	1.227707291	127.75705846238867	51.92875702	22.496963659829383	35.73729694	11.868743132104306	3.169649839
1671.25	15.18255479	48.81668738	36.00075784	0.08979874	99.91020126	87.0010579	44.67802275	2.663226733	1.475437892	86.91125916	12.9989421	2.0471993430002207	167.59135387309945	15.07043724	820.7151226	1.197564014	124.01832139841244	49.38884508	22.49689090286094	40.94752669	10.707652028457009	8.586704731
1671.375	14.93098145	49.17922843	35.88979012	0.08916217	99.91083783	87.97912978	45.00982768	2.6830054	1.48639535	87.88996761	12.02087022	2.0682695138398066	159.69191274386654	14.10074895	619.4826631	1.452504385	119.83354394988095	50.16896954	22.496809221483456	36.51971221	9.541059882431844	14.77541625
1671.5	7.228354394	65.85017051	26.9214751	61.82615939	38.17384061	69.44431018	58.2473299	2.713919436	4.888921169	7.618150791	30.55568982	2.0836835732179857	151.47890223791353	13.18153851	411.7455169	1.730624521	115.51124084192818	48.00087127	22.496724449340725	32.97787905	8.421428210783168	56.42564893
1671.625	7.329606107	66.2282914	26.4421025	61.13559635	38.86440365	68.52873702	58.58179422	2.729503141	4.916994038	7.393140673	31.47126298	2.0927572917469677	143.3036545487322	12.25150646	208.1050387	2.009693096	111.15473201647762	48.06246604	22.496642421348444	32.44254589	7.41022840163795	63.72727752
1671.75	7.218512996	66.42169533	26.35979167	62.91209879	37.08790121	70.12659468	58.75286838	2.737474004	4.931352947	7.214495896	29.87340532	2.0971219180592264	135.5646570943797	11.31211717	2.461108561	2.291261313	106.84408854581808	48.35009029	22.496568424621074	25.62460005	6.598249521567038	59.22643542
1671.875	7.212290941	66.88877104	25.89893801	63.79068671	36.20931329	71.16680022	59.16601709	2.756723853	4.966030098	7.376113514	28.83319978	2.0995231825570477	128.83875825964597	11.22997179	2.433293085	2.272741379	102.9310510247569	46.93111162	22.49650679460074	26.73842907	6.072279306290679	61.60923243
1672	7.071773218	66.39052338	26.5377034	65.50599835	34.49400165	72.72665579	58.72529544	2.736189297	4.929038645	7.220657436	27.27334421	2.102725864532817	123.82742851213345	11.1428208	2.397081942	2.246142924	99.98257377983202	48.99261464	22.496460575846058	27.50856876	5.859551339322618	63.43271732
1672.125	7.036073355	66.78891708	26.17500956	65.45220156	34.54779844	72.48051118	59.07769194	2.752608517	4.95861663	7.02830962	27.51948882	2.108803855188474	120.91183446354557	11.08980373	2.380333642	2.235103741	98.39086579472078	47.96146863	22.49643133326401	26.55296326	5.904177474458069	62.19186783
1672.25	7.057633045	66.81160445	26.13076251	65.20441019	34.79558981	72.11114648	59.09775989	2.753543543	4.96030101	6.906736284	27.88885352	2.1191615225894913	119.9193626971171	11.11060374	2.366722018	2.22464085	98.13427019018343	47.818644	22.496419121042017	27.3971051	6.099150494623773	64.05032873
1672.375	6.942945607	66.73276673	26.32428766	64.50660592	35.49339408	71.49154336	59.02802452	2.750294361	4.954447854	6.984937436	28.50845664	2.134421194650683	120.31095073387878	11.0797243	2.412023285	2.266124386	98.89470671257062	48.23612156	22.49642251532345	25.92735291	6.341614690185976	62.67895699
1672.5	6.870199689	67.20411278	25.92568753	62.65333592	37.34666408	69.44993207	59.44495053	2.769720206	4.989442048	6.796596151	30.55006793	2.154043954801127	121.5556033833334	11.11926139	2.442762593	2.291202035	100.28020320430232	48.50036801	22.49643880000594	26.87273622	6.566687507763054	62.07672954
1672.625	6.761689328	66.86805212	26.37025856	62.37817326	37.62182674	69.17723869	59.1476903	2.755869952	4.964491861	6.799065427	30.82276131	2.1759043682518358	123.17409349099967	11.17218662	2.491038202	2.327476966	101.88558760432804	47.58459479	22.496464307203773	26.6343683	6.748852881840991	60.91008186
1672.75	6.756600284	66.89817661	26.34522311	60.58354181	39.41645819	67.57983019	59.17433672	2.75711149	4.966728397	6.996288379	32.42016981	2.1965375487865417	124.70614459093952	11.16935243	2.57004039	2.3910032	103.2810726167469	47.89336314	22.496494791282224	26.74862444	6.888671829335268	59.53993797
1672.875	6.70835437	67.5048402	25.78680543	58.8531033	41.1468967	65.93875964	59.71095697	2.782114251	5.011768986	7.085656338	34.06124036	2.211971981491079	125.88798198698463	11.25605258	2.625660333	2.429954851	104.16661084598596	47.72755147	22.496525876083002	25.54530799	7.002768126792011	57.24503398
1673	6.854616435	66.85740215	26.28798141	57.26177142	42.73822858	64.50552066	59.13826995	2.755431029	4.963701174	7.243749234	35.49447934	2.2190668457137863	126.75598214425932	11.34627925	2.674733116	2.464175186	104.56163825991942	47.72383917	22.496553335779794	25.94931126	7.1011226122542475	57.95706511
1673.125	6.926887148	66.37052344	26.70258941	57.37455487	42.62544513	64.67067652	58.70760463	2.735365028	4.927553787	7.296121653	35.32932348	2.2169634834938066	127.46591482606928	11.35650085	2.706037413	2.489141521	104.68123922082279	48.55949398	22.496573478551582	26.15655661	7.1668331021388685	57.86249042
1673.25	6.943942277	66.97187913	26.0841786	58.32363318	41.67636682	65.51030647	59.23952979	2.760149032	4.972200301	7.186673293	34.48969353	2.2080361880391126	127.97216704901572	11.3983375	2.691703196	2.47731887	104.65730234817175	47.97872792	22.496583444625927	27.36413181	7.162097205588115	57.67763853
1673.375	6.854856518	66.97987356	26.16526993	59.11531654	40.88468346	66.16861025	59.24660121	2.760478511	4.972793832	7.053293711	33.83138975	2.1973025509536526	128.08897408120754	11.3668675	2.698252173	2.488238796	104.45753653546798	48.58229358	22.49658138877477	27.75179744	7.074327707172101	57.45214224
1673.5	6.896411591	67.20648348	25.89710492	57.47991886	42.52008114	64.33013336	59.44704752	2.769817911	4.989618057	6.850214496	35.66986664	2.1907428185431828	127.78488957399769	11.33103362	2.71880932	2.51287837	104.05657559108396	49.24043985	22.496566509091256	27.27667391	6.949773965210466	57.72085786
1673.625	7.064280084	66.84754042	26.0881795	56.83818564	43.16181436	63.6072845	59.12954682	2.755024592	4.962969009	6.769098863	36.3927155	2.193282486937267	127.26048037228286	11.41624362	2.733818532	2.527253646	103.5287266922787	47.31696544	22.49653908151136	25.84317625	6.873268105514044	57.26808906
1673.75	7.125819965	66.31087886	26.56330118	56.08100816	43.91899184	62.93617297	58.65484641	2.732906863	4.923125588	6.855164808	37.06382703	2.207420018226165	126.64514819440126	11.50257187	2.767560406	2.555476485	102.94232268271529	48.35691443	22.496500320154638	26.57864094	6.9048487762447355	57.04635978
1673.875	6.982636462	66.45245338	26.56491016	55.60986102	44.39013898	62.44437157	58.78007521	2.738741652	4.93363652	6.834510543	37.55562843	2.232480386329196	125.75346244297916	11.55213835	2.781927169	2.569594706	102.18454655061471	48.24198676	22.496452199162547	26.81606114	7.038353735509096	55.76095581
1674	7.188695568	66.80049224	26.01081219	55.9216511	44.0783489	62.61444097	59.08793066	2.75308557	4.959476006	6.692789876	37.38555903	2.2649486413987563	124.26283473759591	11.49177861	2.799052975	2.589140565	100.97750217972306	48.11895556	22.49639727371301	27.43861079	7.227956623266001	55.86946011
1674.125	7.287003606	67.4450148	25.26798159	56.94831428	43.05168572	63.57836298	59.65803881	2.779648634	5.007327363	6.630048699	36.42163702	2.299731744082676	122.0041090180685	11.4505048	2.821733634	2.613964855	99.13125350373573	48.93455478	22.496338345279874	26.97616518	7.436321565461922	55.59078455
1674.25	7.377918068	66.79022529	25.83185664	55.56584288	44.43415712	62.17307041	59.07884911	2.752662433	4.958713756	6.607227533	37.82692959	2.331967016016576	119.03619166425284	11.33924695	2.829420118	2.629790497	96.70567738919686	47.85316706	22.49627831069185	14.39408362	7.648894478689768	61.43396497
1674.375	7.395596925	67.378713	25.22569007	57.22675983	42.77324017	63.83645343	59.59939199	2.776916101	5.002404911	6.609693605	36.16354657	2.358335344827774	115.55181544401978	9.101353557	4.228999258	4.585844352	93.91908739950003	46.54667637	22.496219977294352	12.17943728	7.8498008650705255	59.6955359
1674.5	8.073756315	87.93096712	3.995276564	80.62800467	19.37199533	82.58059063	68.25449609	15.24689677	4.429574259	1.952585952	17.41940937	2.3773138775649385	111.83535559564493	6.917091273	5.582864887	6.516252516	90.98625515433025	45.75490236	22.49616593625442	11.48642004	8.017102709661133	65.90948105
1674.625	8.209279966	87.87080055	3.919919488	81.91057363	18.08942637	83.82455849	68.2077931	15.23646411	4.426543332	1.913984866	16.17544151	2.3888889705500094	108.29182016064179	4.644785138	6.892287992	8.422231706	88.10683432925916	42.33273679	22.496118522460648	7.007488608	8.142424280823773	79.42092419
1674.75	8.369022799	87.76349853	3.867478674	82.83618794	17.16381206	84.79716104	68.12450225	15.21785835	4.42113793	1.960973102	15.20283896	2.3940155830742706	105.31526850798578	2.477855796	8.190220537	10.30016703	85.5330835464223	41.56196685	22.496079775802947	2.321237326	8.238156216614545	83.45400095
1674.875	8.471652459	87.54595956	3.982387986	81.69258563	18.30741437	83.60886383	67.95564236	15.18013791	4.410179276	1.916278205	16.39113617	2.394021841607351	103.15503614677635	2.443294508	8.09024365	10.23826632	83.52565443619262	41.28142875	22.496051452430972	3.140690923	8.318353870730036	79.00509834
1675	8.386233614	87.73056188	3.883204507	83.10477885	16.89522115	85.07585948	68.09893589	15.21214726	4.419478727	1.971080627	14.92414052	2.389837142627664	101.85704007900935	2.414993662	7.988799221	10.11209356	82.20776067318727	41.46712861	22.496035041790634	2.467620373	8.383085801862062	83.9594841
1675.125	8.193782635	87.80743874	3.99877862	84.33113227	15.66886773	86.34166726	68.15860988	15.22547742	4.423351444	2.010534997	13.65833274	2.381877724955264	101.40425053790115	2.404618375	7.923623058	9.998390642	81.4724881605332	40.80228793	22.496031736686504	2.307397127	8.440331547855562	84.75467563
1675.25	8.204933702	87.76846739	4.026598904	84.15101215	15.84898785	86.21514194	68.12835922	15.21871993	4.42138824	2.06412979	13.78485806	2.3703355336904615	101.78729191065561	2.339278979	7.832073495	9.88798899	81.12632329497386	41.82515626	22.496042438996945	2.333503962	8.518345045180265	86.2580657
1675.375	8.325216132	87.71445067	3.960333201	85.63577287	14.36422713	87.70957283	68.08642992	15.20935364	4.418667115	2.073799961	12.29042717	2.3556647990505524	102.93063256794895	2.307532733	7.750005578	9.78413992	81.05904107659408	42.29178535	22.496067663509457	2.73796916	8.641006083780244	87.24440932
1675.5	8.349237656	87.71887442	3.931887928	85.43096313	14.56903687	87.5327336	68.08986376	15.2101207	4.418889964	2.101770474	12.4672664	2.338722371739318	104.54632473075162	2.320108217	7.753043844	9.818972214	81.24078976087719	40.80786528	22.496107564788193	2.61682272	8.789252149525613	85.3626132
1675.625	8.469657248	87.60619245	3.924150301	83.47458521	16.52541479	85.55561909	68.00239684	15.19058207	4.413213544	2.081033875	14.44438091	2.3206559358477024	106.16155592378598	2.327393789	7.703147553	9.805619462	81.60903787901688	42.27924514	22.496161814733327	2.010911703	8.913311772487388	80.88747859
1675.75	8.615369316	87.41652562	3.968105062	84.09871928	15.90128072	86.17862802	67.8551721	15.15769456	4.403658966	2.079908744	13.82137198	2.3026324890517285	107.33904204779577	2.374838339	7.75416011	9.847411597	82.09366131975649	40.10129247	22.496229473266585	2.457422018	8.97889327698856	85.60035825
1675.875	8.362587905	87.59234081	4.045071289	82.90908256	17.09091744	85.01051956	67.9916448	15.18818025	4.412515759	2.101437001	14.98948044	2.2858452932325997	107.83633367029587	2.383166675	7.744405738	9.835942231	82.71937256263112	42.10618177	22.496308854676904	2.044147253	8.985265817587997	82.79109597
1676	8.396854238	87.64028257	3.962863195	85.16609279	14.83390721	87.24318303	68.02885855	15.19649317	4.414930853	2.077090235	12.75681697	2.271788942452014	107.63682312226936	2.338535462	7.650451824	9.69481817	83.57476767498488	40.37041292	22.49639750857959	1.994764805	8.942785641867815	82.99987912
1676.125	8.205858789	87.75014975	4.043991459	86.83909613	13.16090387	88.94412578	68.11414055	15.21554372	4.420465478	2.105029646	11.05587422	2.2621598634601456	106.85519236345961	2.324685604	7.592983524	9.582804196	84.64015830397327	40.48083902	22.496492165785607	2.490645647	8.850209043746009	84.14381742
1676.25	8.361264501	87.48932584	4.149409659	85.63186996	14.36813004	87.7882048	67.91168168	15.17031784	4.407326319	2.156334848	12.2117952	2.258385989369315	105.64556318527562	2.327653314	7.562902409	9.505734302	85.68841784911577	41.96975227	22.49658882082383	2.330160141	8.707726870195277	83.14576745
1676.375	8.134327329	87.64509641	4.220576263	83.33330007	16.66669993	85.44551408	68.03259519	15.19732787	4.415173354	2.112214009	14.55448592	2.261234845023167	104.12939643922465	2.358211565	7.631178479	9.506381369	86.35488452012234	40.67491318	22.496682878745403	2.697330713	8.526335087912454	83.54263902
1676.5	7.936281911	87.89163538	4.172082713	83.30831143	16.69168857	85.47497114	68.22396568	15.24007679	4.427592899	2.16665971	14.52502886	2.270702608313918	102.38079726000853	2.401142832	7.770854541	9.615982045	86.3413950577092	43.12361192	22.496769355820764	2.956336737	8.316001214306915	82.44353533
1676.625	7.882617609	88.01289891	4.104483481	83.36373451	16.63626549	85.58283409	68.31809386	15.26110343	4.433701621	2.21909958	14.41716591	2.2857472270228394	100.43835619796312	2.445241166	7.999146329	9.805536431	85.56888544391654	41.59887286	22.49684331426501	3.281864524	8.073695544753475	83.77598524
1676.75	7.754291791	88.07037342	4.175334789	81.21621639	18.78378361	83.39242183	68.36270719	15.27106929	4.436596934	2.176205443	16.60757817	2.3039654129098155	98.36732974969979	2.478348618	8.216610119	10.02293366	84.22411185526349	42.78617832	22.49690018684006	3.902229667	7.804561231293105	83.05641413
1676.875	7.80983133	88.06869391	4.121474764	79.35791433	20.64208567	81.47357607	68.36140351	15.27077807	4.436512327	2.11566174	18.52642393	2.322085579603991	96.34507282315104	2.545576636	8.447702636	10.29418463	82.62330308228347	39.86910436	22.496936118901736	3.106001019	7.543708429453877	79.3561697
1677	8.010401111	87.95890774	4.030691147	77.57082466	22.42917534	79.69105177	68.27618439	15.25174157	4.430981784	2.120227107	20.30894823	2.337105121023088	94.62584192209155	2.631917733	8.735231448	10.63810547	81.07046312942015	40.81632377	22.496948281639447	1.986122131	7.337564112188872	77.45725513
1677.125	8.009408559	88.0518644	3.938727043	76.25644992	23.74355008	78.31857307	68.34833997	15.2678599	4.435664531	2.062123149	21.68142693	2.3473544353253226	93.41080339046873	2.67115297	8.914352352	10.90762315	79.75067826898147	40.7968689	22.49693508977412	2.663683891	7.21027190348382	79.78469133
1677.25	8.103611569	88.00934069	3.88704774	77.39154505	22.60845495	79.43826715	68.31533187	15.26048645	4.433522374	2.0467221	20.56173285	2.352446861032023	92.76727976793774	2.684568743	8.977347935	11.03595985	78.74830556575216	40.89611478	22.496896371438947	3.337541223	7.16523750247662	80.11679053
1677.375	8.126685484	87.94586312	3.927451397	78.01880363	21.98119637	80.05828775	68.26605879	15.24947968	4.430324654	2.03948412	19.94171225	2.3529374536924332	92.71366896031813	2.689436726	9.042477606	11.14493556	78.06946654833666	42.87781223	22.49683349960022	3.201833367	7.213676735157764	81.19792938
1677.5	8.150071474	87.96763449	3.882294034	76.6745841	23.3254159	78.75035068	68.28295834	15.25325475	4.4314214	2.075766584	21.24964932	2.3498685094814125	93.28040160438115	2.678796197	8.960220352	11.0784728	77.69546425236415	41.653116	22.49674944034688	3.179514408	7.371608951355306	77.89419293
1677.625	8.204063685	87.8705455	3.925390817	77.58218372	22.41781628	79.62975379	68.20759513	15.23641989	4.426530484	2.047570073	20.37024621	2.3444835487895714	94.42679331722397	2.701224089	9.07163814	11.21304809	77.6492632653919	39.83344534	22.496648729589708	2.891170979	7.629684258329927	77.79920101
1677.75	8.115947395	88.07269795	3.81135465	75.29616462	24.70383538	77.29926617	68.36451156	15.27147236	4.436714033	2.00310155	22.70073383	2.337763847796143	95.97125532998358	2.768604931	9.217789206	11.38342093	77.99132384923006	41.74163889	22.496537243901535	3.329157829	7.951080115516895	79.87223268
1677.875	8.280212214	87.79759232	3.922195467	73.64134559	26.35865441	75.59251407	68.15096681	15.22377008	4.422855425	1.951168479	24.40748593	2.3302730255416626	97.6850766356371	2.813748495	9.278957103	11.4454364	78.70574344857948	42.44964463	22.496421905176433	2.401196957	8.302220296560364	77.6484251
1678	8.228596927	87.82565246	3.945750616	74.1483285	25.8516715	76.12817704	68.17274788	15.2286356	4.424268971	1.979848539	23.87182296	2.322458565635915	99.41073822069691	2.830489903	9.417182877	11.59362457	79.56465399356598	41.32037244	22.496310175595724	2.519649267	8.655899029954108	77.07409263
1678.125	8.071556177	88.07627874	3.852165085	75.43653276	24.56346724	77.47043644	68.36729107	15.27209325	4.436894417	2.03390368	22.52956356	2.3150460785467053	100.94648786888408	2.865612246	9.423400963	11.6022766	80.22331906356037	41.60821078	22.496209561000065	1.999610662	8.96369144262534	73.95160198
1678.25	8.295140703	87.83408048	3.870778813	73.71488002	26.28511998	75.74438494	68.17928995	15.23009699	4.424693538	2.02950492	24.25561506	2.309190858756372	101.96355516524217	2.876410993	9.492309233	11.64959911	80.4027670110962	42.19727656	22.496127095583663	1.294136047	9.155231676680632	72.15836048
1678.375	8.129761513	87.91601221	3.954226279	72.39697897	27.60302103	74.45866443	68.24288767	15.24430364	4.428820897	2.061685461	25.54133557	2.3058493374662223	102.1422189093552	2.894092454	9.598195763	11.78530236	80.04859235362409	40.52500575	22.496068883552837	2.568888664	9.185151745799743	73.80366325
1678.5	8.292358778	87.86402105	3.843620173	72.36993133	27.63006867	74.37231809	68.20253066	15.23528857	4.426201811	2.002386761	25.62768191	2.3052931067393216	101.45503286101294	2.949344368	9.657424767	11.8790781	79.28538362300594	42.60239784	22.496039671369118	2.581840754	9.061662968769536	75.67645311
1678.625	8.406170925	87.74889404	3.844935034	72.55030116	27.44969884	74.55433233	68.11316583	15.21532599	4.42040222	2.004031167	25.44566767	2.307170737122343	100.1678822635932	2.992000074	9.712702075	11.94712001	78.34479846087945	42.72162607	22.49604256847461	2.24172473	8.836725150602906	74.3840158
1678.75	8.4544027	87.64664049	3.898956807	71.45785242	28.54214758	73.43396167	68.03379375	15.19759561	4.415251138	1.976109252	26.56603833	2.311088728382797	98.64939563994295	3.00845858	9.684773299	11.93055937	77.42638225028915	41.33666136	22.496078871516488	2.942025661	8.576310233385911	77.15588212
1678.875	8.308188999	87.71561119	3.976199812	72.03953905	27.96046095	74.06946441	68.08733075	15.20955487	4.418725577	2.029925361	25.93053559	2.316614597665823	97.21511520197978	3.054799971	9.652495784	11.89102392	76.60684750563306	41.25617926	22.496147988451895	2.588522434	8.34226434331384	73.79857898
1679	8.552053455	87.4802738	3.96767274	70.78849546	29.21150454	72.84520619	67.90465523	15.16874825	4.406870318	2.056710729	27.15479381	2.3231094831908963	96.13985269043145	3.141887633	9.677308028	11.88800107	75.81521004175326	40.54940601	22.4962474476666	2.153432369	8.169294170931622	71.04648948
1679.125	8.653134959	87.26783643	4.079028611	68.80040878	31.19959122	70.84491333	67.73975535	15.13191242	4.39616866	2.044504551	29.15508667	2.329904963983366	95.61265244388028	3.1805457	9.658288658	11.83493072	75.00279590838144	41.80132832	22.496372871686958	2.230530977	8.04819519935196	71.12990022
1679.25	8.497311994	87.42276041	4.079927592	70.0392987	29.9607013	72.02705448	67.86001172	15.15877565	4.403973047	1.987755785	27.97294552	2.3364375182295887	95.61302358228957	3.226682903	9.663163396	11.86376496	74.29423465655623	41.71101639	22.49651812148892	3.426399827	7.942632216762035	75.47706366
1679.375	8.634625545	87.35850248	4.006871979	70.23946758	29.76053242	72.21751541	67.81013289	15.14763357	4.400736015	1.978047825	27.78248459	2.3420429824426923	95.91985671980225	3.257293599	9.566807447	11.76305713	73.93444541365957	42.11239662	22.496675563624976	3.53859663	7.835740031445735	76.80914402
1679.5	8.834024852	87.06806872	4.097906427	70.62057318	29.37942682	72.62363927	67.58469002	15.09727345	4.386105244	2.003066091	27.37636073	2.345795271377477	96.29103555355806	3.230114623	9.36463132	11.57858778	74.05164533394014	41.20742728	22.496836520535005	2.822172642	7.759065660391796	73.51030111
1679.625	8.980361744	86.93464331	4.084994944	71.99461859	28.00538141	74.00293333	67.48112146	15.07413799	4.37938386	2.008314738	25.99706667	2.347033942127524	96.66038164165235	3.234221136	9.231378266	11.48422434	74.55872271907455	41.81646104	22.496991889078547	2.457278967	7.76063522363925	73.42879772
1679.75	8.964495708	86.98477921	4.050725078	71.37328738	28.62671262	73.33283085	67.52003836	15.08283137	4.381909486	1.959543467	26.66716915	2.346058292608706	97.07168895026314	3.259194233	9.127716056	11.39549311	75.25615533741426	41.7849727	22.49713282357139	2.938193083	7.872670737251356	74.09057617
1679.875	9.007770007	86.91869471	4.073535281	70.43063371	29.56936629	72.34987275	67.46874171	15.07137257	4.37858044	1.919239033	27.65012725	2.344337219578178	97.54453647869862	3.282635666	9.241078886	11.55145729	75.93895257997306	42.42390079	22.497251382730255	3.712719679	8.103359281591889	74.78031516
1680	8.942866096	87.08320783	3.973926076	68.72250167	31.27749833	70.65541337	67.59644143	15.09989852	4.386867885	1.932911704	29.34458663	2.3439100495907392	97.96571483483683	3.281794729	9.384310708	11.75088381	76.40130370901218	40.86959888	22.497341044213307	2.269607782	8.438082419039187	69.29062009
1680.125	8.976204644	87.16515879	3.858636564	70.67182829	29.32817171	72.63343416	67.66005407	15.1141085	4.390996213	1.961605863	27.36656584	2.3463248707988225	98.2276699848021	3.306406779	9.579112147	12.00095466	76.50109386312971	41.33279689	22.497397030400812	3.789192438	8.825454643090016	73.44375849
1680.25	8.984300117	87.15653535	3.859164535	68.63762381	31.36237619	70.54114163	67.65336031	15.11261323	4.390561802	1.903517822	29.45885837	2.3520149257059053	98.347690578666	3.33402346	9.780629399	12.25422921	76.28538217234218	42.34687306	22.49741655709043	4.07589972	9.196405382066065	73.87956977
1680.375	9.043455231	87.06930334	3.887241426	67.52035027	32.47964973	69.46047407	67.58564837	15.09748753	4.386167439	1.940123796	30.53952593	2.360127438409807	98.50705591429048	3.356476109	9.927873616	12.45822927	75.9833357708406	41.83020474	22.49739893113895	3.063562512	9.509134804093755	68.48103404
1680.5	9.060645833	87.13126218	3.808091987	66.67029555	33.32970445	68.56845105	67.63374257	15.10823096	4.389288652	1.898155497	31.43154895	2.368890118839983	98.8885742143163	3.430910556	10.25138885	12.84981355	75.78881190228824	41.70877781	22.49734555911178	2.291500568	9.753700214696059	62.01328039
1680.625	9.088829627	87.21175529	3.699415086	65.12416987	34.87583013	67.05165495	67.69622359	15.12218816	4.393343539	1.927485079	32.94834505	2.3762819645137956	99.51835469611933	3.463290722	10.55713915	13.20843048	75.73053653266146	40.7422438	22.49725981630143	2.025723457	9.912627912003494	64.21007514
1680.75	8.904459777	87.42954285	3.665997371	64.79549397	35.20450603	66.74723518	67.86527644	15.1599517	4.404314716	1.95174121	33.25276482	2.3810765375518432	100.28179378060072	3.497530599	10.7855648	13.47865209	75.77411504738862	41.25454465	22.49714681884838	2.323043346	9.935962855965785	64.80384469
1680.875	9.038932422	87.20557067	3.755496909	64.32780731	35.67219269	66.2781049	67.69142291	15.12111577	4.393031986	1.950297588	33.7218951	2.3833885163649375	100.97979117680552	3.526007311	10.94979009	13.64088143	75.97967981778736	40.45977424	22.497013102714043	3.270691633	9.78121223509921	66.10130668
1681	8.963300612	87.24244484	3.79425455	64.12375126	35.87624874	66.10130671	67.72004568	15.12750961	4.394889544	1.977555455	33.89869329	2.3843115984213332	101.41050252785342	3.55159701	10.95503163	13.64285686	76.42000857772278	42.44315662	22.49686620576866	3.638356924	9.463991286463187	70.37069798
1681.125	9.196218444	87.05312989	3.75065167	64.18568932	35.81431068	66.12000357	67.57309408	15.09468312	4.385352691	1.934314246	33.87999643	2.385030476756275	101.38549239238577	3.582772456	10.74511306	13.43935266	77.02292228033724	41.41280252	22.49671416259423	2.706956863	9.06348267778501	65.82044363
1681.25	9.426925141	86.79577396	3.777300902	65.64314391	34.35685609	67.622897	67.37332715	15.05005857	4.372388235	1.979753094	32.377103	2.3859852145615266	100.89316716056102	3.624512954	10.62397152	13.34191369	77.59827284400865	41.26956571	22.496564915573675	3.681159019	8.679098915080159	69.06678081
1681.375	9.541947318	86.64485801	3.813194668	64.12795846	35.87204154	66.08997845	67.25618194	15.02389032	4.364785755	1.962019993	33.91002155	2.3868779218470006	100.14412683402884	3.64495231	10.35584966	13.09642757	77.99592448530419	42.41791302	22.496425692756574	4.277220368	8.391413809230945	72.87742496
1681.5	9.608729436	86.51958823	3.871682337	66.01863695	33.98136305	68.01588086	67.158944	15.00216901	4.358475216	1.997243904	31.98411914	2.3871923565796433	99.45371164357479	3.629070017	10.06444872	12.76197487	78.15876941343203	43.58716444	22.496302498892195	3.670802712	8.251238062273812	70.77202201
1681.625	9.416701922	86.64096152	3.942336559	67.33806195	32.66193805	69.27711311	67.25315737	15.02321468	4.364589467	1.939051152	30.72288689	2.3867190953742714	98.98126523872531	3.627276256	10.04687913	12.72523862	78.08558518607404	42.69573166	22.496199810227335	2.862656116	8.260523087494958	67.43912101
1681.75	9.341710247	86.82167028	3.836619475	65.82613604	34.17386396	67.74090149	67.3934286	15.0545489	4.373692777	1.914765449	32.25909851	2.385412809384742	98.59134012116557	3.589002674	10.13769463	12.7914493	77.88500576841173	40.92658858	22.496120432900952	3.973886371	8.363459550603146	70.65357566
1681.875	9.102371014	87.12429043	3.773338553	64.47626443	35.52373557	66.44053018	67.6283309	15.10702209	4.388937446	1.96426575	33.55946982	2.383261290173377	98.08677707355326	3.551861035	10.25299792	12.90658192	77.764301406747	42.83384954	22.496065569749472	3.654935956	8.480906290939062	71.56714201
1682	9.226079295	87.01188926	3.762031449	66.18216177	33.81783823	68.1888534	67.54108194	15.08753215	4.38327517	2.006691632	31.8111466	2.3801050561134556	97.43878274070593	3.533038775	10.38797307	13.07052917	77.84994077614165	40.74461803	22.49603498660369	2.78481245	8.56960909573844	67.30619669
1682.125	9.228723277	86.99617041	3.775106318	66.76046041	33.23953959	68.73273301	67.52888052	15.08480656	4.382483324	1.972272601	31.26726699	2.37535869446219	96.81289475320905	3.503561723	10.35543633	13.02867127	78.05089723754466	40.89598543	22.49602719917098	2.430725098	8.627503369966355	68.72634888
1682.25	9.231222146	86.95653373	3.812244127	67.10053729	32.89946271	69.08066882	67.49811342	15.07793371	4.380486603	1.980131533	30.91933118	2.3681038081780352	96.30317038591627	3.445263915	10.07465549	12.70737993	78.18375388460385	40.67204032	22.4960397142085	3.222930431	8.658300365940605	71.78654671
1682.375	9.085662791	87.02919817	3.885139039	69.08322261	30.91677739	71.00425392	67.55451761	15.09053345	4.384147117	1.921031303	28.99574608	2.358027230165076	95.95485388691354	3.393536779	9.827321961	12.3989214	78.16569061488886	41.98484451	22.496069220449037	3.842815757	8.655533933499463	68.67930889
1682.5	9.099117392	86.96168143	3.93920118	70.30743922	29.69256078	72.22328376	67.50210921	15.0788263	4.380745921	1.915844546	27.77671624	2.346295593857452	95.84420653542497	3.373360696	9.713995241	12.24903521	78.03582561415688	41.09330928	22.49611184855287	2.973204851	8.608566792719847	72.06224203
1682.625	9.146402467	86.97095633	3.882641208	68.47505458	31.52494542	70.40535514	67.50930864	15.08043453	4.38121315	1.930300566	29.59464486	2.335473475396559	96.02988070668164	3.365899945	9.776536424	12.3109693	77.90280915141331	42.04716288	22.496163495486126	3.621411324	8.512908362770531	70.60156465
1682.75	9.08425513	87.13950743	3.776237439	66.77123905	33.22876095	68.74831924	67.64014277	15.10966065	4.389704011	1.977080184	31.25168076	2.328453573770846	96.4282259762621	3.386595206	10.06979627	12.64683638	77.90756944025622	41.1286667	22.496220135014827	3.367048502	8.379507515906433	72.91221619
1682.875	8.928535169	87.38417287	3.687291963	65.66330381	34.33669619	67.69903294	67.83005898	15.15208472	4.402029177	2.03572913	32.30096706	2.327218962577061	96.90565715593031	3.395872065	10.35116748	13.0106225	78.18868928429025	41.13063244	22.496278036673157	3.089824319	8.243733005313953	69.93499398
1683	9.056359829	87.32262635	3.62101382	67.4326376	32.5673624	69.45612126	67.78228483	15.14141278	4.398928735	2.02348366	30.54387874	2.3318329733248886	97.44385833380387	3.348406395	10.49450175	13.18061339	78.76507433911615	41.23509922	22.496333956353475	2.63569355	8.149550444228293	70.27533054
1683.125	8.833499643	87.51265672	3.653843635	68.86456676	31.13543324	70.94650405	67.92979177	15.17436333	4.408501626	2.081937292	29.05349595	2.34053602646724	98.07379035305344	3.266984498	10.40164431	13.1032213	79.4487958568703	41.6823658	22.496385267109325	3.110492229	8.127674034379467	74.44143295
1683.25	8.929379689	87.4483646	3.62225571	70.65764207	29.34235793	72.68557218	67.87988641	15.16321532	4.405262873	2.027930113	27.31442782	2.3505549160337686	98.7867295793111	3.15594046	10.11005065	12.80902122	79.96635951493349	42.54167872	22.496430025563228	2.438139915	8.179623765676073	72.46795297
1683.375	8.870921867	87.52474653	3.604331606	72.49961591	27.50038409	74.55517828	67.93917621	15.17645966	4.409110657	2.055562372	25.44482172	2.359317293773681	99.46082014177918	3.046328762	9.861045823	12.51326437	80.21384339829069	41.71274461	22.496466929813806	3.074553609	8.28159849187388	79.20184135
1683.5	8.751276441	87.612686	3.636037561	73.86940092	26.13059908	75.87855169	68.00743731	15.19170803	4.41354066	2.009150765	24.12144831	2.3652619072151135	99.95868200842392	2.973379264	9.700443065	12.35820568	80.33776981345741	42.64066957	22.49649526391168	2.601331472	8.398266536042737	77.00385451
1683.625	8.772088445	87.64951637	3.578395182	73.22861063	26.77138937	75.26240854	68.03602609	15.19809427	4.415396012	2.033797918	24.73759146	2.3683373836585098	100.1824975889235	2.912047695	9.631153872	12.2637423	80.53131030456541	41.2835873	22.496514770362687	2.921700478	8.501112580701884	77.90777683
1683.75	8.639768836	87.75977358	3.600457587	73.70450249	26.29549751	75.72849598	68.12161084	15.21721246	4.420950284	2.023993495	24.27150402	2.3696235826559198	100.11721878004732	2.913526123	9.62539284	12.23976391	80.81785451496225	42.76107687	22.496525500437574	2.452552319	8.571188032687594	77.99267173
1683.875	8.790230555	87.55185794	3.657911508	72.49969954	27.50030046	74.50850211	67.96022085	15.18116067	4.410476411	2.008802566	25.49149789	2.370436058748318	99.77343254472123	2.920348477	9.573969517	12.16449645	81.04988487561047	41.12404342	22.496527781723973	2.700120211	8.604566466644794	79.30268049
1684	8.759975829	87.50494228	3.735081891	74.09447199	25.90552801	76.06833472	67.9238036	15.17302567	4.408113007	1.973862737	23.93166528	2.371731994707424	99.26257513230432	2.948479523	9.475723507	12.03750665	81.06809898387193	40.88870489	22.49652217277076	1.905930042	8.613248069819006	74.56878424
1684.125	8.94564085	87.30422286	3.750136287	73.06255094	26.93744906	75.02583327	67.76799953	15.13822169	4.398001648	1.963282331	24.97416673	2.3741825460457906	98.82403595524136	3.003830247	9.466740799	12.00162597	80.88355693805511	40.970138	22.496509442575636	1.942056417	8.614898357284371	72.62555361
1684.25	8.795222912	87.42988689	3.774890199	71.55109166	28.44890834	73.56368219	67.86554349	15.16001135	4.404332047	2.012590526	26.43631781	2.378217847363694	98.7053382097005	3.010194598	9.472672225	12.0039786	80.67928826306687	40.27681662	22.496490578419078	2.188146114	8.61460796868376	73.94188643
1684.375	8.810900828	87.51868349	3.670415683	72.15692497	27.84307503	74.2246374	67.93446991	15.17540835	4.408805228	2.067712422	25.7753626	2.3838007611126475	98.9963937528482	3.009233124	9.666491006	12.22409153	80.672144359992	41.73754599	22.496466757122192	3.286659718	8.612311114740823	76.94863081
1684.5	8.559408557	87.87117652	3.569414921	72.24638524	27.75361476	74.36787441	68.20808494	15.2365293	4.426562272	2.121489175	25.63212559	2.3903804714551766	99.61707229990401	2.981052079	9.846547813	12.39073601	80.97345051787251	42.75838845	22.49643934274225	2.327209711	8.617903691521883	74.99880195
1684.625	8.460505828	87.90691437	3.632579804	72.36006879	27.63993121	74.51036321	68.23582567	15.24272611	4.428362588	2.150294423	25.48963679	2.397166919593913	100.40887025380772	2.92158664	9.909583852	12.48334164	81.58362095728353	41.18269879	22.496409918628363	2.741587162	8.654790251878241	78.15929055
1684.75	8.571664766	87.87708608	3.551249153	73.29975078	26.70024922	75.46228391	68.21267211	15.237554	4.42685997	2.162533139	24.53771609	2.4033457788976347	101.21878416650574	2.857030232	10.00104876	12.58664198	82.35771453921288	41.30279835	22.496380268793043	2.770185471	8.751089542632059	78.31392288
1684.875	8.415384048	88.10958833	3.475027621	73.90078836	26.09921164	76.09039503	68.39314691	15.27786901	4.438572408	2.18960667	23.90960497	2.4082284124836084	101.96840961694375	2.850028338	10.00847336	12.61625618	82.97086642000909	40.762675	22.49635244204326	3.002759814	8.92212645955185	72.57956266
1685	8.625619642	87.87583166	3.498548698	72.46722632	27.53277368	74.63858193	68.21169839	15.23733649	4.426796778	2.171355614	25.36141807	2.411501372356738	102.60148608530372	2.834523926	9.987799978	12.68714625	83.07990142142846	41.11677371	22.496328750524437	1.922911406	9.14429286527267	75.09917021
1685.125	8.829506805	87.76604328	3.404449918	73.28011153	26.71988847	75.42246252	68.12647755	15.2182996	4.421266123	2.142350992	24.57753748	2.413521038792288	102.98746687344423	2.802958032	9.98034998	12.74651207	82.59665681532034	40.09225795	22.49631166500251	2.312994003	9.350008229825633	77.99955606
1685.25	8.724843005	87.92604613	3.349110865	74.71226645	25.28773355	76.87265712	68.25067628	15.24604349	4.429326361	2.160390676	23.12734288	2.4150575794276006	102.98719292982443	2.824602704	9.882487779	12.69864254	81.74628452130882	40.98292646	22.496303595117972	2.33784914	9.464731363043722	76.94145441
1685.375	8.934223178	87.62705372	3.438723098	73.89881754	26.10118246	76.10429994	68.01858994	15.19419934	4.414264443	2.205482403	23.89570006	2.4165305716675602	102.5597554519609	2.834693374	9.911943112	12.7886865	80.8113716943651	39.98396934	22.496306745476318	2.300584316	9.447655684079766	76.6235292
1685.5	8.879509465	87.74844511	3.372045428	71.87760974	28.12239026	74.04232636	68.11281736	15.21524814	4.420379605	2.164716623	25.95767364	2.417719275280544	101.79570575939688	2.820527077	9.9572587	12.8725325	79.90467787490171	40.369478	22.496322930674538	1.443427801	9.307196901877191	73.31250906
1685.625	8.833031344	87.8848785	3.282090152	73.48832292	26.51167708	75.62839261	68.21872081	15.23890518	4.427252518	2.140069684	24.37160739	2.4182225568653752	100.82898414766525	2.842879083	10.04666758	12.9632557	78.98388117903986	40.51856496	22.49635343428559	1.757061481	9.084388969518445	74.96112585
1685.75	8.673139721	87.97504527	3.351815005	73.01447537	26.98552463	75.17075326	68.2887108	15.25453975	4.431794722	2.156277886	24.82924674	2.4178370299239442	99.86738312678409	2.818882015	10.12603087	13.05073372	78.07616868777751	41.26297086	22.49639888566734	1.835411787	8.830067343622286	76.77598596
1685.875	8.66752818	87.97450575	3.357966067	74.24417038	25.75582962	76.34965126	68.28829201	15.2544462	4.431767543	2.105480878	23.65034874	2.4164246922031856	99.12500490333687	2.766940819	10.07266643	12.99321991	77.38573210043832	40.75325888	22.496459231609343	2.223205566	8.584725884855397	78.14640403
1686	8.675946082	88.00426032	3.319793603	74.50466366	25.49533634	76.57454904	68.31138834	15.25960553	4.433266447	2.069885378	23.42545096	2.41395276581316	98.76291139141992	2.730292021	9.988089808	12.87540199	77.13321368083828	41.3337494	22.496533643413862	1.929926872	8.380226817656416	78.38347554
1686.125	8.651997509	88.02022434	3.327778147	75.78666113	24.21333887	77.84234995	68.32378007	15.26237363	4.434070644	2.055688822	22.15765005	2.4106593714943267	98.7884600357322	2.700584365	9.916148994	12.81101696	77.33719784920805	40.98707163	22.49662050088428	2.243459225	8.235228774796372	79.87223268
1686.25	8.651160039	88.02601221	3.32282775	74.9594831	25.0405169	76.97300732	68.32827277	15.26337723	4.434362212	2.013524224	23.02699268	2.4067818335926043	99.06270114957115	2.694629298	9.936198299	12.84654487	77.8404662846049	41.53327119	22.49671750118853	2.755951881	8.156673252162456	81.14944696
1686.375	8.628987609	88.05305288	3.317959508	74.40186007	25.59813993	76.37757863	68.3492625	15.26806598	4.435724401	1.975718562	23.62242137	2.4022542872216137	99.43362384852597	2.681895674	10.06880214	12.99639567	78.48221650332938	41.82714193	22.496821730111154	2.941006422	8.15178303289105	80.27918935
1686.5	8.415594217	88.36096509	3.223440691	73.98571555	26.01428445	75.96137471	68.58827264	15.32145679	4.45123566	1.975659158	24.03862529	2.396976657544049	99.88405483947078	2.677538796	10.28684661	13.23931814	79.1549431419377	42.80363214	22.496929868680336	1.320844889	8.236661649670717	73.09753299
1686.625	8.310563204	88.49237163	3.19706517	74.18791949	25.81208051	76.16461619	68.6902741	15.34424218	4.457855342	1.976696699	23.83538381	2.3913986650738948	100.46196772389563	2.65535967	10.53996022	13.51350063	79.71714903679633	40.628979	22.497038418003072	1.655179262	8.407360956285785	74.83049035
1686.75	8.165077777	88.67738388	3.157538339	73.8427251	26.1572749	75.80378663	68.83388583	15.37632261	4.467175443	1.961061535	24.19621337	2.3864404092799307	101.04677718226137	2.629397538	10.92207771	13.93540677	79.99712123773142	41.44515763	22.497143940124595	2.575021982	8.613541217878549	78.92620564
1686.875	8.025358223	88.90690085	3.067740923	72.41985008	27.58014992	74.4156102	69.01204338	15.41611998	4.478737496	1.99576012	25.5843898	2.3828382781576365	101.40248750950842	2.613591779	11.21531397	14.28506275	79.9210717237633	41.27158514	22.497243361401523	1.733505726	8.780539912399476	75.09705424
1687	8.091216434	88.9114729	2.997310667	72.37178205	27.62821795	74.4030402	69.01559233	15.41691276	4.478967815	2.031258154	25.5969598	2.3805424850164667	101.40096987269855	2.604239265	11.51854836	14.67325156	79.60728119791372	40.04393036	22.497334179037537	2.698910236	8.861318518205646	78.28640938
1687.125	8.102198673	88.96229604	2.935505292	72.29498915	27.70501085	74.30696537	69.05504268	15.4257253	4.481528061	2.011976226	25.69303463	2.3787432365571224	101.11475071806963	2.57986756	11.68205431	14.91916255	79.19490967306147	42.22099853	22.49741460712118	2.249956131	8.867806400557505	77.13449597
1687.25	8.098707914	88.98327084	2.918021242	73.70277639	26.29722361	75.7288768	69.07132392	15.42936225	4.482584679	2.026100416	24.2711232	2.376423078404007	100.71356205759204	2.571132871	11.80362323	15.09559811	78.69326379229646	41.20743428	22.49748364104903	1.202172041	8.855139155588464	71.50933146
1687.375	7.993397895	89.07990553	2.92669657	71.97338328	28.02661672	73.96360431	69.14633449	15.44611834	4.487452708	1.990221027	26.03639569	2.372927591138539	100.35468741500367	2.569590603	11.88877928	15.20837276	78.0289961409286	39.87015316	22.49754092344695	1.865273714	8.870343514526207	66.96443558
1687.5	8.039612517	89.03085546	2.929532027	71.86732092	28.13267908	73.84639494	69.10826043	15.43761324	4.484981782	1.979074028	26.15360506	2.3684056522625765	100.11591214325429	2.541601815	11.9717532	15.28824929	77.25237905512785	41.72579142	22.497586475139677	2.161824703	8.911871294812132	76.37554407
1687.625	7.819310322	89.30552884	2.875160837	72.97009061	27.02990939	74.92934134	69.32146966	15.48524057	4.498818615	1.95925073	25.07065866	2.363893113230222	99.94010177011933	2.549202726	12.06203814	15.3648081	76.50355301545497	41.1355964	22.497620446578463	2.054840326	8.936612506076425	76.6123116
1687.75	7.938524626	89.12848903	2.932986341	72.70949231	27.29050769	74.65917103	69.18404637	15.45454253	4.489900131	1.949678726	25.34082897	2.361045499702968	99.68373178007141	2.527995656	12.0764424	15.38816393	75.86433144875875	40.62387666	22.497642987105582	2.189671993	8.907928251136674	77.23522782
1687.875	7.879126513	89.24289759	2.877975894	72.87002368	27.12997632	74.79923491	69.27285352	15.47438055	4.495663529	1.929211226	25.20076509	2.361148868046014	99.2261135255609	2.506234485	12.06296801	15.41181699	75.31014354857513	41.12364551	22.497654107755743	1.660120487	8.825408208111162	74.72353578
1688	8.068243503	89.09239516	2.839361337	72.99032732	27.00967268	74.96936892	69.15602929	15.44828399	4.488081881	1.979041597	25.03063108	2.364279424862222	98.59467195244903	2.521586316	11.94558547	15.32101998	74.85703054461095	40.27219008	22.497653659100493	1.493054628	8.721642665993434	75.11590123
1688.125	8.164450197	88.94855498	2.886994822	73.14491703	26.85508297	75.14926031	69.04437648	15.42334265	4.480835847	2.004343274	24.85073969	2.369292729188789	97.96778682137898	2.528164803	12.01013691	15.439974	74.65013644938682	40.49838484	22.497641338907712	1.845628023	8.632998662126006	74.97307658
1688.25	8.081511127	89.08417384	2.834315033	71.97187202	28.02812798	74.01973511	69.14964767	15.44685845	4.487667727	2.047863085	25.98026489	2.374758393048856	97.52164125374989	2.568186797	12.14119807	15.59417279	74.8773746324789	40.8213	22.497616744534092	1.780134439	8.58226943070457	73.79992604
1688.375	8.006511047	89.12700461	2.866484342	70.12194307	29.87805693	72.15544936	69.18289412	15.45428514	4.489825352	2.033506286	27.84455064	2.3795032819413504	97.29607558413399	2.605596868	12.35869763	15.75413445	75.59503616589387	40.52805655	22.49757937544738	1.909399033	8.564604729777365	73.29205275
1688.5	7.786674119	89.2805979	2.932727981	69.62895719	30.37104281	71.61035402	69.30211756	15.48091764	4.497562705	1.98139683	28.38964598	2.382644070510823	97.14189594453899	2.611052459	12.59993512	15.98121673	76.61469205592233	40.87560838	22.497528767917938	1.780122519	8.532710920176648	72.47544527
1688.625	7.817781943	89.32937232	2.852845738	71.11177822	28.88822178	73.13910613	69.33997764	15.48937494	4.500019745	2.027327911	26.86089387	2.3834622760430344	96.75325368869173	2.588159633	12.55602578	15.86910097	77.58421609628665	39.71718031	22.497464656159707	2.222764492	8.406144659232464	75.0793457
1688.75	7.803322134	89.28115408	2.915523781	73.24178893	26.75821107	75.27566487	69.30254929	15.48101408	4.497590723	2.033875933	24.72433513	2.3816697436606105	95.835756273986	2.542444559	12.3816228	15.65860845	78.19870415859657	41.91869701	22.49738710952633	2.653604746	8.13450889837946	78.89712453
1688.875	7.890910095	89.2143644	2.89472551	73.38942234	26.61057766	75.40226524	69.25070525	15.469433	4.494226153	2.012842904	24.59773476	2.3773992551910927	94.39532381720508	2.52950465	12.20708413	15.51319669	78.32422956626276	40.80392807	22.497296754249476	2.101045847	7.756231074714094	75.83972216
1689	8.03438363	89.05167366	2.913942708	71.55447966	28.44552034	73.51099869	69.12442011	15.44122304	4.486030511	1.956519029	26.48900131	2.3711310002322783	92.80665116690653	2.538358709	12.1239089	15.39271922	77.9764006578024	40.15490458	22.497194888465657	1.702237129	7.368431467683266	74.06613827
1689.125	7.845203991	89.20525298	2.949543032	71.25605995	28.74394005	73.25906355	69.24363271	15.46785311	4.49376716	2.003003604	26.74093645	2.3636115822757096	91.49853594342838	2.550896805	12.28979404	15.57300178	77.24693466760247	40.42797348	22.49708357511583	1.703417301	7.043078058391847	74.00488257
1689.25	7.692145372	89.43920271	2.868651916	71.48015123	28.51984877	73.5056449	69.42523109	15.50841911	4.505552515	2.025493669	26.4943551	2.356200380196091	90.66004053780406	2.573445443	12.55172244	15.81237548	76.32214414433608	39.69580914	22.49696564078178	2.566862106	6.787067038638405	75.84504485
1689.375	7.603873417	89.50437922	2.89174736	70.3862762	29.6137238	72.44198001	69.47582293	15.51972047	4.50883582	2.055703814	27.55801999	2.350742500017481	90.24104508150513	2.555280514	12.76723297	15.98092355	75.44229519801561	41.25817194	22.49684450985183	2.729690075	6.574778843067051	77.8840065
1689.5	7.541364821	89.56854969	2.890085486	70.66921199	29.33078801	72.71839813	69.52563386	15.53084739	4.512068446	2.049186143	27.28160187	2.349038189664265	90.15842850328056	2.552971129	13.01268344	16.21207972	74.83408634224662	42.26510967	22.496724005228693	2.816843987	6.393727983590607	77.65302062
1689.625	7.501684034	89.60185775	2.896458214	69.52526194	30.47473806	71.57034195	69.55148852	15.53662288	4.513746359	2.045080015	28.42965805	2.351988000111669	90.3905428932939	2.555986972	13.00312885	16.17604555	74.6280554764054	41.55592721	22.496608004032147	2.699357271	6.25301551029317	78.44709158
1689.75	7.655277847	89.4337113	2.911010857	71.32178025	28.67821975	73.42449097	69.4209685	15.50746692	4.505275882	2.102710722	26.57550903	2.3594659114871908	90.87910982693302	2.54428042	12.75916921	15.90228256	74.87350872347858	41.32973003	22.49650001472897	2.715796232	6.163325839619635	78.98716331
1689.875	7.754687984	89.25625559	2.989056429	72.66187783	27.33812217	74.71395505	69.28322237	15.47669677	4.496336446	2.052077227	25.28604495	2.370414290287502	91.46030084214541	2.516752375	12.39539417	15.49097754	75.58435862606225	42.43527568	22.49640281141015	2.126044035	6.122349142875319	78.53052616
1690	7.713273853	89.25795196	3.02877419	74.59147285	25.40852715	76.63091064	69.28453914	15.47699091	4.496421902	2.039437787	23.36908936	2.3830163991877042	91.9325241947625	2.441540762	11.91070051	14.93522184	76.72033374075156	41.69444151	22.496318264026296	2.308744192	6.117473448398933	79.76632714
1690.125	7.497807349	89.47517659	3.027016062	76.61259715	23.38740285	78.65227348	69.45315503	15.51465684	4.507364721	2.03967633	21.34772652	2.394795906866526	92.17839396803049	2.360649313	11.56326568	14.54456127	78.11286430436607	41.34343136	22.496247279901727	1.997923851	6.122472449940224	80.65577149
1690.25	7.560591007	89.48679281	2.952616182	77.79512435	22.20487565	79.83048796	69.46217186	15.51667105	4.507949895	2.035363607	20.16951204	2.4033533982852444	92.06349062999669	2.26122458	11.39277391	14.33311394	79.37913674053748	41.81606515	22.496189802905004	2.77749896	6.097364604917104	85.28944254
1690.375	7.335411051	89.72378038	2.940808566	78.85422612	21.14577388	80.83884001	69.6461283	15.5577638	4.519888283	1.984613888	19.16115999	2.4071799002523298	91.43355338415931	2.206907756	11.35658303	14.29604387	80.12231804204305	41.99469683	22.496144910839384	2.328652143	6.014092601988052	83.66389871
1690.5	7.486033812	89.56620141	2.947764782	77.54223072	22.45776928	79.56146715	69.52381105	15.5304402	4.511950149	2.019236423	20.43853285	2.406030865146954	90.31053111690076	2.161371236	11.31504428	14.26614174	80.187772945214	39.83186208	22.496110955298246	2.811551094	5.889296796071399	85.0517869
1690.625	7.375157711	89.68389445	2.940947843	79.25907338	20.74092662	81.29420519	69.61516771	15.55084773	4.517879006	2.035131807	18.70579481	2.4007814984921545	89.05762720661195	2.106850341	11.28320987	14.19031912	79.75580279557063	42.41874294	22.496085764827555	2.453935146	5.778220127626309	86.69348955
1690.75	7.162186692	89.89748059	2.940332719	80.96711352	19.03288648	82.95981509	69.7809593	15.58788276	4.528638533	1.992701573	17.04018491	2.393054965691794	88.15866448918726	2.054808366	11.16112634	14.07300499	79.05736522461189	41.19218935	22.49606685614137	2.591210604	5.734994440668452	85.82398891
1690.875	7.292850587	89.8238604	2.883289016	82.52527615	17.47472385	84.53911413	69.72381323	15.5751173	4.524929873	2.013837972	15.46088587	2.3846168951977065	87.86985709491483	1.986748539	11.14218586	14.06197927	78.23307756567041	41.5189077	22.496051721970233	1.73573494	5.780788990928136	83.43913555
1691	7.195406681	89.98151574	2.823077582	81.30419137	18.69580863	83.29093971	69.84618975	15.60245413	4.532871853	1.986748347	16.70906029	2.3767097507796446	88.13917816169376	1.956877092	11.23092288	14.14148317	77.43664741888276	39.36407674	22.496038059594973	2.334612608	5.90066891524836	86.58793569
1691.125	7.060242833	90.07052818	2.869228989	80.23011831	19.76988169	82.26226443	69.91528372	15.61788855	4.537355908	2.032146118	17.73773557	2.369757296328175	88.75530156736997	1.960770302	11.24124388	14.1725846	76.92675013824112	40.23128722	22.496023973105835	2.603799105	6.057103339861398	85.04422903
1691.25	7.239829867	89.84890767	2.911262461	80.66458319	19.33541681	82.63818631	69.74325563	15.5794604	4.526191644	1.973603112	17.36181369	2.363451611874453	89.53358060417376	1.989160846	11.3065821	14.20488036	76.87961541288303	42.91384897	22.496008175582254	2.269810438	6.211671859515297	84.3031168
1691.375	7.187948994	89.84524179	2.966809213	80.59225925	19.40774075	82.54171838	69.74041007	15.57882475	4.526006973	1.949459132	17.45828162	2.357229811893574	90.34573357160187	1.994047937	11.18237611	14.02712855	77.21171603352333	40.57546207	22.495990079680396	1.682019234	6.341666880313961	83.36163759
1691.5	7.19007468	89.84128901	2.968636307	82.09271439	17.90728561	83.98905528	69.73734181	15.57813935	4.52580785	1.896340887	16.01094472	2.350905711702066	91.09498131696104	2.007672573	11.12196868	13.93024657	77.77176093879416	41.2248788	22.49596985939896	2.027148008	6.44137526344568	82.73578882
1691.625	7.049938807	89.96867213	2.981389061	80.034643	19.965357	81.95359567	69.83622018	15.6002271	4.532224849	1.918952669	18.04640433	2.3449438882528284	91.71088897233315	2.041073738	11.27159445	14.02154982	78.56699427203708	40.67477422	22.495948396520383	2.080076933	6.5012071818448955	82.94609785
1691.75	6.956233768	90.02887741	3.014888822	77.79617039	22.20382961	79.70671162	69.88295322	15.61066647	4.535257726	1.910541228	20.29328838	2.3403292069953077	92.12326767467853	2.068795686	11.57203199	14.30796079	79.71016132108907	40.3263616	22.495927188542677	2.332335711	6.4981363346693115	81.59862757
1691.875	6.846055952	90.22022065	2.933723396	76.87221918	23.12778082	78.75533501	70.03147923	15.64384466	4.544896754	1.883115833	21.24466499	2.3384234092899914	92.25943899513972	2.128155545	12.07805706	14.7797237	81.11008028688005	41.85493427	22.495908209497394	2.653688192	6.420716198740558	83.0322206
1692	6.685559586	90.36780328	2.946637129	75.02401283	24.97598717	76.92880704	70.14603704	15.66943493	4.552331316	1.904794212	23.07119296	2.340776539758762	92.08645475217074	2.152288105	12.38429066	15.02232162	82.45274709789773	41.97683513	22.495893679711582	2.317863703	6.293563308056715	79.96072769
1692.125	6.525074212	90.45978317	3.01514262	76.35797099	23.64202901	78.22826419	70.21743441	15.6853839	4.556964857	1.870293201	21.77173581	2.34856278646134	91.68816603624305	2.135132547	12.51217437	15.07013234	83.48095939695494	40.46935951	22.49588582667284	2.033191919	6.156173956237638	79.03497219
1692.25	6.392582186	90.54596869	3.061449125	77.73560316	22.26439684	79.60162331	70.28433405	15.70032814	4.561306503	1.866020147	20.39837669	2.3619987737357793	91.17987517880249	2.110305538	12.46829455	14.94426173	84.15531623992277	39.77349048	22.49588671948621	2.247196436	6.0245099424515685	81.4997673
1692.375	6.460960721	90.50909255	3.029946726	78.56239667	21.43760333	80.42164263	70.25570975	15.69393396	4.559448846	1.85924596	19.57835737	2.3801280985622797	90.64985272279405	2.09189008	12.39436256	14.76684677	84.50514972726569	41.45246634	22.495898165474436	1.944375038	5.900436175056075	79.84476089
1692.5	6.283125236	90.61820841	3.098666355	76.43741449	23.56258551	78.34262665	70.34040855	15.71285423	4.564945622	1.905212161	21.65737335	2.400782549094245	90.18858844491001	2.117109787	12.36670207	14.67298873	84.45196720589144	42.02737306	22.495921585090905	2.910882235	5.799558086235329	82.8037858
1692.625	6.422687635	90.39038752	3.186924844	75.03714275	24.96285725	76.92456182	70.16356756	15.67335095	4.55346901	1.887419064	23.07543818	2.4208531360568473	89.8904199384101	2.175879563	12.46652819	14.71435953	83.92623745048378	42.17873754	22.495957866780326	2.708947659	5.748029268738206	81.62986636
1692.75	6.352206154	90.40489082	3.242903023	73.47657303	26.52342697	75.39501684	70.17482543	15.67586577	4.554199623	1.918443819	24.60498316	2.436991624154267	89.77899947380048	2.271218108	12.57550909	14.74586987	82.9731134066206	41.21051561	22.496007257507657	2.886211872	5.754270101266859	82.05302954
1692.875	6.502539502	90.17668205	3.320778451	72.23945744	27.76054256	74.1284953	69.99768334	15.63629523	4.542703471	1.889037865	25.8715047	2.446807196184267	89.79982651784181	2.341445674	12.56964001	14.75006874	81.74184610696015	40.91602488	22.496069310526515	2.721989155	5.812829209661707	80.17565012
1693	6.67261761	90.0916176	3.235764791	72.67416175	27.32583825	74.57028949	69.93165392	15.62154538	4.5384183	1.896127741	25.42971051	2.4497291502405956	89.94508340234592	2.352553527	12.51421188	14.68197151	80.34105047374302	40.41989907	22.49614284339919	2.794271708	5.92580333471324	80.3355217
1693.125	6.489226139	90.25552566	3.255248197	74.84286076	25.15713924	76.75310352	70.05888398	15.64996642	4.546675265	1.910242763	23.24689648	2.447069089997565	90.31681193488988	2.369897234	12.35550975	14.53550507	78.8316500833161	41.59518244	22.496225886261072	1.982659101	6.096222144496563	76.37978196
1693.25	6.648416545	90.02351518	3.328068272	73.91650851	26.08349149	75.81684234	69.8787909	15.60973668	4.5349876	1.900333823	24.18315766	2.441131211373842	90.97567457186413	2.384663034	12.33450538	14.54899401	77.34435920676901	39.47207634	22.496315698262286	2.674418688	6.292687041011772	76.41593218
1693.375	6.737857831	89.96301888	3.299123289	71.78195452	28.21804548	73.6645782	69.83183197	15.59924685	4.531940063	1.882623673	26.3354218	2.4343035264485025	91.76289331530607	2.396665408	12.40027236	14.62545077	76.13080129230568	42.31162466	22.49640878144069	2.924787998	6.446266304299249	80.48403859
1693.5	6.706095073	90.076961	3.216943931	71.56367542	28.43632458	73.45851556	69.92027705	15.61900398	4.537679965	1.894840144	26.54148444	2.4284479202713296	92.3433250781316	2.435686317	12.50192719	14.73921785	75.41630038849962	41.61575789	22.496501009597075	3.074121475	6.502270715118069	78.79219651
1693.625	6.631433967	90.09395803	3.274608007	71.9649485	28.0350515	73.89757447	69.93347062	15.6219512	4.5385362	1.932625971	26.10242553	2.42434470883667	92.52556436382957	2.451928105	12.79181524	15.04086045	75.20262782079176	41.89272242	22.49658788398221	1.995575428	6.460559209971032	72.83227444
1693.75	6.491205199	90.28631341	3.222481391	70.72457499	29.27542501	72.6468281	70.0827823	15.6553049	4.548226216	1.922253116	27.3531719	2.4212838940403287	92.33367366698656	2.453388291	13.06018611	15.32471081	75.37670277743425	40.69976888	22.496664787510575	1.992499828	6.350481744806335	72.76420593
1693.875	6.571391603	90.26243965	3.166168751	69.60509728	30.39490272	71.57635932	70.06425081	15.65116528	4.547023561	1.971262036	28.42364068	2.4176259556458715	91.81000901420258	2.450680353	13.08811824	15.3700408	75.89912837296455	40.29666183	22.496727327451197	2.774655819	6.186960243155859	76.89812183
1694	6.760836839	90.07634419	3.16281897	71.50199738	28.49800262	73.50341597	69.91979827	15.61889703	4.537648893	2.001418589	26.49658403	2.4120897307318963	90.88157663870608	2.430166039	13.07553127	15.39562869	76.85101728323542	41.75969894	22.496771661429428	2.819418907	5.974356985542172	78.52141857
1694.125	6.727562935	90.11165788	3.160779181	73.20151854	26.79848146	75.2513416	69.94720975	15.62502029	4.539427841	2.049823057	24.7486584	2.404461674190407	89.58565617361751	2.396195158	12.87821704	15.20417953	78.2204552423109	41.17387997	22.496794822891648	2.636754513	5.739812992290215	81.30964041
1694.25	6.578868605	90.21382651	3.207304887	74.06607179	25.93392821	76.12521622	70.02651592	15.64273594	4.544574645	2.059144426	23.87478378	2.3953236042948185	88.2184050298158	2.314775048	12.58337317	14.88129347	79.79071024243898	40.81061323	22.496794958858473	2.887690067	5.528402723150653	80.82167506
1694.375	6.381594686	90.47451269	3.143892624	76.14595284	23.85404716	78.25526554	70.22886789	15.68793794	4.557706865	2.1093127	21.74473446	2.3859351564714713	87.09357776675388	2.22977036	12.33202382	14.55188191	81.23176047340067	41.52932351	22.49677151312529	2.582132816	5.371315530218616	81.13281727
1694.5	6.322622643	90.46613661	3.211240751	77.9114728	22.0885272	80.03830332	70.22236613	15.68648556	4.557284915	2.126830515	19.96169668	2.3784525402215673	86.3111393810546	2.186463452	12.14697724	14.28710104	82.28509884164536	41.55173012	22.496725296188508	2.701747417	5.275147177253223	82.3581934
1694.625	6.418479853	90.3032273	3.278292843	76.83180474	23.16819526	79.01739918	70.09591134	15.6582377	4.549078263	2.185594436	20.98260082	2.375682873675357	85.83755036345235	2.137388719	11.91958244	13.97510204	82.8425164168386	42.27720607	22.496658531849185	2.680039406	5.24347420544375	82.35651255
1694.75	6.253773165	90.40007941	3.346147423	78.50696042	21.49303958	80.72193409	70.17109068	15.67503149	4.553957245	2.214973669	19.27806591	2.3797470912511667	85.72464010256257	2.144871791	11.66723512	13.63911458	82.84547704534862	39.67599225	22.496574754792114	2.79263854	5.275571927458296	83.06163549
1694.875	6.350016513	90.22570111	3.424282377	77.67970838	22.32029162	79.9014049	70.03573332	15.64479495	4.545172835	2.221696519	20.0985951	2.3910277942492035	85.96489464391531	2.147607375	11.52940889	13.45055137	82.26933977964688	41.47483144	22.496478593523907	2.552479506	5.341896237984256	83.88058543
1695	6.279247358	90.3477942	3.372958442	78.85090713	21.14909287	81.05939686	70.13050542	15.66596543	4.551323347	2.20848973	18.94060314	2.4081715805632404	86.3118897186516	2.147072343	11.47643602	13.33255388	81.21509226981084	41.74389467	22.496375442750804	2.869307995	5.387156348951627	84.14881229
1695.125	6.175195951	90.40067592	3.42412813	77.21318027	22.78681973	79.42173599	70.1715537	15.67513492	4.553987294	2.208555725	20.57826401	2.4287887564275565	86.45730066574242	2.150828815	11.40272432	13.22759432	80.00571631784298	40.97592212	22.496271110878297	2.655339241	5.378336952579717	82.09358454
1695.25	6.191533146	90.35179045	3.456676401	78.94621904	21.05378096	81.12668768	70.13360742	15.66665837	4.55152466	2.180468638	18.87331232	2.4495748381630635	86.40866500817509	2.155588532	11.38509631	13.17991423	78.98873388401644	40.13198825	22.49617141353596	2.477914095	5.3298447250125065	79.77368832
1695.375	6.242156545	90.252732	3.505111455	77.53193918	22.46806082	79.75241836	70.05671546	15.64948201	4.546534532	2.220479188	20.24758164	2.4665973692415086	86.42929697577671	2.192741441	11.40898611	13.13519467	78.37403997454993	41.00742776	22.496081705469336	2.819573879	5.272398528026479	79.86600399
1695.5	6.091336038	90.32340436	3.585259606	76.37323973	23.62676027	78.60054861	70.11157334	15.66173633	4.550094694	2.227308878	21.39945139	2.4765088581667185	86.64101932442843	2.221447667	11.48760008	13.154641	78.25317277673554	42.66620148	22.49600645203908	2.928709984	5.219534528936415	80.64725399
1695.625	5.961815169	90.47201456	3.56617027	74.65441232	25.34558768	76.93913997	70.22692877	15.68750477	4.557581021	2.28472765	23.06086003	2.47812587196759	86.93170283514289	2.253460053	11.67226935	13.29629154	78.72219874168314	40.07025199	22.49594889427549	2.94906497	5.174294112363192	80.14740348
1695.75	5.979895202	90.50898303	3.511121765	75.23865226	24.76134774	77.5609474	70.25562474	15.69391497	4.559443329	2.322295142	22.4390526	2.4725539794509195	87.19465576208363	2.246918598	11.85399516	13.45116718	79.78454800336134	40.60360182	22.49591078661315	3.146576881	5.144654097927442	80.05586863
1695.875	5.921429303	90.64030353	3.438267163	76.15659557	23.84340443	78.48149936	70.35755941	15.71668544	4.566058677	2.324903789	21.51850064	2.462225221922769	87.45130836453313	2.219425665	11.95536564	13.52590985	81.18491306895766	43.20491262	22.49589237050253	3.038144112	5.132948934569402	81.02576137
1696	5.75233392	90.74085645	3.506809635	76.93450932	23.06549068	79.27025312	70.43561142	15.73412094	4.571124089	2.335743794	20.72974688	2.449992113362171	87.65818131319175	2.200282822	11.9006907	13.44347152	82.45917651654156	41.18316723	22.49589247174536	2.767938375	5.124840004264588	79.98717427
1696.125	5.804399846	90.59812816	3.597471993	76.13949913	23.86050087	78.54248529	70.3248217	15.70937239	4.563934067	2.402986165	21.45751471	2.438954315431496	87.65345349061818	2.193390995	11.95368868	13.46428243	83.2435974201192	41.40955513	22.49590863371992	3.119829297	5.102647899481911	80.61128855
1696.25	5.742540306	90.72862729	3.528832407	75.03319613	24.96680387	77.38238145	70.4261188	15.73200045	4.570508038	2.349185324	22.61761855	2.4316377337007347	87.32703509625937	2.211992698	11.96559899	13.41840731	83.4659540518018	42.62477198	22.495937443594137	3.076675534	5.066788983246365	82.61051178
1696.375	5.698108749	90.70462233	3.597268917	74.75367105	25.24632895	77.06181959	70.40748548	15.72783808	4.569298774	2.30814854	22.93818041	2.428944180891193	86.80831344440293	2.256115657	12.07895571	13.52773237	83.22985964780851	41.29616403	22.495974838506015	3.002303839	5.030620417735991	80.74849844
1696.5	5.842198965	90.58929769	3.568503344	73.28711839	26.71288161	75.59655948	70.31796724	15.70784122	4.563489227	2.309441087	24.40344052	2.4296283206318856	86.28228186202728	2.275972711	12.09233767	13.53342251	82.6878909600902	42.18199377	22.49601646645599	2.791762352	4.998991048093208	79.06464934
1696.625	5.818899227	90.51626228	3.664838494	74.85550953	25.14449047	77.16369749	70.26127509	15.69517716	4.559810025	2.30818796	22.83630251	2.4315106440905447	85.78568431968785	2.266471303	12.01529886	13.44413885	82.08929326701909	40.25080701	22.49605801942356	3.039509058	4.966716032743732	79.49423194
1696.75	5.671482363	90.75070279	3.577814851	76.31045924	23.68954076	78.57511736	70.44325442	15.73582826	4.571620104	2.264658122	21.42488264	2.4325079249848347	85.27522268362114	2.253626412	11.95213682	13.38738541	81.75196899849351	42.32672211	22.496095561670494	2.945721149	4.939041345335351	80.6091547
1696.875	5.708940099	90.70202291	3.589036995	76.15965773	23.84034227	78.41810732	70.40546773	15.72738735	4.569167826	2.258449585	21.58189268	2.431109209289157	84.84845230039829	2.21190284	11.66494453	13.07924494	81.81517703537762	41.65042095	22.496125774251265	3.09728086	4.937290543426962	81.18335605
1697	5.764079586	90.56336883	3.672551588	78.44105365	21.55894635	80.69612803	70.29784052	15.70334526	4.562183045	2.255074372	19.30387197	2.4262248939741786	84.70473487355521	2.193926204	11.50144205	12.92526558	82.11755181691106	42.02211089	22.496146221214445	3.014287353	4.979214943697426	82.46995211
1697.125	5.936401371	90.36927361	3.694325018	77.52970463	22.47029537	79.83628041	70.14717834	15.66968988	4.552405385	2.306575774	20.16371959	2.4178451883750744	84.91030210641372	2.202964339	11.2601001	12.70294938	82.41546858832805	42.16115304	22.496155444919182	3.14129889	5.067937228851385	83.47436786
1697.25	6.064544461	90.23477817	3.700677374	78.13597952	21.86402048	80.44388397	70.04277919	15.64636888	4.545630097	2.307904448	19.55611603	2.407362930247294	85.4156098529234	2.21509858	11.04987818	12.51398887	82.62035443627174	42.24114146	22.496153067192033	3.182449937	5.197141626077668	82.86764622
1697.375	6.092177697	90.2108664	3.696955906	77.52238807	22.47761193	79.80048731	70.0242182	15.64222267	4.544425528	2.278099234	20.19951269	2.3970665072032795	86.12735389132416	2.214848067	10.95513256	12.45056079	82.72831618080993	41.25066008	22.496139804988356	2.323329449	5.352809360313083	78.09132934
1697.5	6.039299713	90.29735713	3.663343155	79.43300431	20.56699569	81.67880469	70.09135475	15.65721984	4.54878255	2.245800379	18.32119531	2.3890168329535917	86.95134001551413	2.188101833	10.8784043	12.38465047	82.61594759011547	42.34497785	22.496117443826712	2.729308605	5.507218634246945	81.69020414
1697.625	5.925967572	90.41907217	3.654960262	79.9550215	20.0449785	82.17589624	70.18583339	15.67832476	4.554914016	2.220874731	17.82410376	2.3845750450262404	87.67450796857457	2.187804735	10.90670747	12.39947877	82.13271371347513	39.96490471	22.49608872039022	3.04543972	5.625415783183977	82.53858089
1697.75	5.913587284	90.36411719	3.722295524	77.92453001	22.07546999	80.08686024	70.14317579	15.66879578	4.552145627	2.162330231	19.91313976	2.3844807621323536	88.11246310698687	2.214699611	10.93699481	12.40545931	81.32890373292511	41.54850676	22.496057138807835	2.774268389	5.686194653757621	82.25278854
1697.875	6.03237058	90.15995495	3.807674468	75.65161298	24.34838702	77.8693039	69.9846993	15.63339482	4.541860834	2.217690926	22.1306961	2.388681373795591	88.2133671246612	2.253852942	10.93672235	12.34617882	80.4392198456399	40.89533345	22.49602675406906	3.103268147	5.693126903274891	81.14234805
1698	5.866233157	90.22935075	3.904416096	77.04260692	22.95739308	79.27287557	70.03856627	15.64542779	4.545356688	2.230268644	20.72712443	2.396098994663515	88.06548184402473	2.302783044	11.00358318	12.36749569	79.61464688393244	40.78153088	22.496001902750514	2.23582983	5.666048429680958	78.01350355
1698.125	5.823190389	90.3319357	3.844873912	76.27129713	23.72870287	78.49967303	70.1181956	15.66321563	4.550524465	2.228375909	21.50032697	2.404801180387017	87.78606578515607	2.30405192	11.00622858	12.32321936	78.90273446507123	39.80606408	22.495986932063687	2.702498436	5.623599867939242	77.60143876
1698.25	5.655148952	90.51812778	3.826723266	77.6832664	22.3167336	79.91770611	70.26272315	15.69550063	4.559904001	2.234439708	20.08229389	2.412916304528289	87.51432668023675	2.267446502	11.00609234	12.26516407	78.4649222182327	41.0244465	22.495985976922604	3.076249361	5.575896552221396	81.08211756
1698.375	5.504259353	90.65105703	3.844683617	77.63395142	22.36604858	79.8500442	70.36590658	15.71855006	4.56660039	2.216092772	20.1499558	2.4194409681273195	87.38619887531706	2.215623783	11.05074901	12.28649693	78.5352554634071	41.94197762	22.496002658095254	3.153887391	5.523801245812242	82.59371519
1698.5	5.429898835	90.78465153	3.785449638	79.70487716	20.29512284	81.93004386	70.4696064	15.74171484	4.573330292	2.225166703	18.06995614	2.424313784095972	87.36114794644035	2.1649634	11.05291257	12.24178211	79.10566445828086	40.95496454	22.49603978407549	2.894872427	5.459761586240365	81.26161098
1698.625	5.292086863	90.89831074	3.809602397	79.23452768	20.76547232	81.48439688	70.55783188	15.76142292	4.579055942	2.249869201	18.51560312	2.427896881428051	87.21863567922937	2.118801427	11.06746252	12.22864035	79.77785732978609	41.25170567	22.49609918826951	3.025153279	5.3727181526922525	80.83025217
1698.75	5.271466102	90.98382994	3.744703962	80.38360979	19.61639021	82.69649806	70.62421429	15.77625162	4.583364022	2.312888263	17.30350194	2.4306647993565695	86.77235573242442	2.069978387	11.12921483	12.28954324	80.13601087104149	40.36229077	22.496181490729107	2.787131071	5.2561315668340125	81.26366138
1698.875	5.246391029	91.09301888	3.660590096	80.09575355	19.90424645	82.41535268	70.70896983	15.79518457	4.588864479	2.319599133	17.58464732	2.433247896186404	86.06919593621299	2.037716958	11.06231933	12.22267165	80.04978810112104	40.9096587	22.49628598079987	2.520424128	5.113979714237763	82.79069662
1699	5.378441551	90.88997189	3.731586557	82.46927069	17.53072931	84.82857059	70.55135903	15.75997699	4.578635867	2.359299903	15.17142941	2.4362230887700846	85.26835772788579	2.013979471	10.95137674	12.11183405	79.64930684980807	40.00348746	22.49641050018175	2.865624428	4.958735400721478	83.9844346
1699.125	5.311665921	90.87800782	3.810326258	81.94587427	18.05412573	84.31158515	70.54207218	15.75790247	4.57803317	2.365710881	15.68841485	2.439699193728973	84.46962040890584	1.984532286	10.7990738	11.9887608	79.05158890877064	41.69416518	22.496551459373173	2.950638533	4.810367357674115	85.44502258
1699.25	5.465056939	90.83253152	3.702411541	83.9560616	16.0439384	86.2708159	70.5067722	15.75001705	4.575742275	2.314754296	13.7291841	2.4431755833507607	83.78388636869697	1.953110958	10.46028578	11.65491831	78.39013587752524	41.96486157	22.496703942871783	3.282561898	4.694209163101733	85.77874303
1699.375	5.442241023	90.7560803	3.801678676	85.86641992	14.13358008	88.13767265	70.4474286	15.7367607	4.571891	2.271252731	11.86232735	2.4457489973245585	83.39784844067975	1.924259776	10.2497966	11.45583147	77.92593587644161	42.10275252	22.49686196015874	3.284561634	4.638395395621618	87.04664111
1699.5	5.500755929	90.71048042	3.788763655	86.78726845	13.21273155	88.99596266	70.41203269	15.72885385	4.569593878	2.208694212	11.00403734	2.4463665302347963	83.49095563862744	1.908802016	10.11768054	11.35494994	77.89731047401986	42.22124048	22.497018732797972	3.016683459	4.661802888697834	85.43557525
1699.625	5.521730086	90.6738502	3.804419711	84.51717947	15.48282053	86.66607819	70.38359928	15.72250231	4.56774861	2.148898725	13.33392181	2.4436828972822795	84.01628412302199	1.926471103	9.995772343	11.22643695	78.25034482628078	41.0392238	22.497167201182616	3.072488308	4.774359812992882	84.92237926
1699.75	5.586649021	90.54660709	3.866743885	84.2257424	15.7742576	86.36492626	70.28482959	15.70043884	4.561338663	2.139183861	13.63507374	2.4362634179439597	84.83713466520501	1.933990812	9.947086674	11.18405214	78.71252610589278	41.24469288	22.497300500540447	3.47225666	4.969066329109382	86.46730185
1699.875	5.532441894	90.6124137	3.855144411	85.98201636	14.01798364	88.09381707	70.33591053	15.71184945	4.56465371	2.111800716	11.90618293	2.4232050254389224	85.92701678317049	1.964274922	9.949946961	11.16991084	79.1843044026486	41.26904039	22.497412450739038	2.751088142	5.209019843346849	85.75481176
1700	5.499181323	90.58501276	3.915805916	84.81143514	15.18856486	86.95252493	70.31464116	15.70709823	4.563273371	2.141089791	13.04747507	2.4052257536703396	87.36788279066002	1.949095127	9.789455378	11.00393334	79.7895454836445	41.81189207	22.497497967870757	2.937978506	5.416699999001503	85.85779667
1700.125	5.613839477	90.48677641	3.899384108	87.32143514	12.67856486	89.50992334	70.23838733	15.69006442	4.558324658	2.188488205	10.49007666	2.3846003579064257	88.95520973230276	1.949225885	9.727724334	10.93135676	80.55641178823429	42.46101836	22.497553366082247	2.916681767	5.535219712873527	84.30482149
1700.25	5.613969444	90.45060374	3.935426811	84.86395019	15.13604981	87.11686502	70.21030909	15.68379222	4.556502438	2.25291483	12.88313498	2.364374974354196	90.05856550905203	1.973819433	9.673105564	10.86012372	81.16047382972204	39.90780144	22.4975765746116	2.816665173	5.579176754396251	83.63012075
1700.375	5.645151901	90.35515642	3.999691679	84.88030968	15.11969032	87.18469803	70.13622018	15.66724201	4.551694223	2.304388345	12.81530197	2.3472975640578886	89.98776162789555	1.995186149	9.673262579	10.85352104	81.13487590530801	40.05441046	22.497567199238603	2.400273085	5.6177315951316364	82.17737079
1700.5	5.610025131	90.40806659	3.981908281	83.26711807	16.73288193	85.61836221	70.17729055	15.67641644	4.554359604	2.351244143	14.38163779	2.3357159704060075	88.57294688739634	2.038622026	9.782278254	10.92548432	80.32337741428026	41.43807579	22.497526494838237	3.006055951	5.693935514282135	83.0685854
1700.625	5.481150405	90.50573701	4.01311258	83.14752897	16.85247103	85.55350617	70.25310509	15.69335212	4.559279809	2.405977201	14.44649383	2.331449852573508	86.43621080135755	2.04929471	9.922247838	11.04439997	79.08815308527181	41.23833361	22.497457177095093	3.368163109	5.804415472377581	82.07595348
1700.75	5.414798369	90.68841134	3.896790287	82.51233511	17.48766489	84.93649207	70.39490205	15.72502716	4.568482136	2.424156965	15.06350793	2.3356851505486613	84.83514498796484	2.068810139	10.23293678	11.35706209	78.27465606725899	41.85398788	22.497363154471827	3.159663081	5.928967477013649	81.92927837
1700.875	5.478147306	90.71815546	3.803697235	80.04926984	19.95073016	82.5184966	70.41799027	15.73018467	4.569980513	2.469226756	17.4815034	2.3487712653339643	85.39794516161632	2.089550979	10.5442285	11.66659814	79.068395068027	41.39299896	22.497249307786923	2.978336811	6.0414539076538905	81.90915585
1701	5.419792805	90.76820505	3.812002143	78.46789219	21.53210781	80.89059997	70.45684018	15.73886308	4.572501791	2.422707776	19.10940003	2.370603366917071	89.75824355532428	2.098408962	10.81077555	11.96527331	82.78238281651129	41.50045721	22.49712133313424	3.334587812	6.087752796346674	84.05913711
1701.125	5.503096654	90.73594933	3.760954018	79.59414076	20.40585924	82.05406026	70.43180237	15.73327006	4.57087689	2.459919505	17.94593974	2.400713490312936	99.08018437811646	2.117003041	11.07225781	12.27307512	90.30162078742529	41.95517677	22.496985460753177	3.209227324	5.988600066325245	83.25636387
1701.25	5.553151565	90.78230216	3.664546276	78.57934918	21.42065082	80.97981343	70.46778275	15.74130747	4.573211941	2.40046425	19.02018657	2.4378316041049244	113.47786676810328	2.130098866	11.36291829	12.6008015	101.57069828929477	42.19867362	22.49684824129593	2.769702673	5.706581377690095	80.95291257
1701.375	5.484553289	90.93229035	3.583156365	76.43766342	23.56233658	78.79044506	70.58420781	15.76731485	4.580767684	2.352781641	21.20955494	2.479404518953949	131.922179473217	2.143809278	11.49647416	12.7848133	115.63035401488838	40.54965076	22.496716278056244	5.56730926	5.276579763513816	77.74347067
1701.5	5.641796539	90.69756038	3.660643079	76.46351278	23.53648722	78.76395075	70.40200379	15.72661356	4.568943024	2.300437974	21.23604925	2.5222852076202917	152.7464907760108	9.579657663	8.885535806	9.874439067	131.09378922136017	47.12868526	22.496596047748206	-0.755953789	4.754327565589027	57.92725682
1701.625	2.418283406	11.74627456	85.83544203	95.52468538	4.47531462	95.88539412	10.93745991	0.797068381	0.011746275	0.360708742	4.114605879	2.564057713821639	174.28224533059196	17.13853325	6.185101957	6.852659603	146.65366994492413	51.29425287	22.496493698391845	82.18398094	4.148551372444657	93.50581765
1701.75	2.440440222	10.45115845	87.10840133	93.56718444	6.432815563	93.92103723	9.731521758	0.709185529	0.010451158	0.353852796	6.078962767	2.603589242496303	194.96762986296088	24.86645916	3.315828747	3.656066993	161.19390227485476	60.75113698	22.496414869036588	87.36450672	3.4538624031456617	95.67623138
1701.875	2.369845723	8.497532075	89.1326222	95.63621423	4.363785765	95.99989553	7.912416476	0.576618067	0.008497532	0.363681295	4.00010447	2.640311482597848	213.21376178227482	32.75905406	0.526686022	0.533821269	173.79160956794362	66.99429181	22.496364534643508	88.70133162	2.733961252418947	90.75728655
1702	2.427832048	6.44233342	91.12983453	97.40732589	2.592674114	97.76258046	5.998732885	0.437158202	0.006442333	0.355254576	2.237419538	2.673292051998117	227.5558248912609	33.07010663	0.516995665	0.524714644	183.68546647676388	66.2063296	22.496346927564588	89.34384584	2.112539016320038	90.4471755
1702.125	2.488689805	8.210845514	89.30046468	98.06776033	1.932239666	98.43266821	7.645470327	0.557164342	0.008210846	0.364907875	1.567331791	2.701010395805598	237.13465510735625	33.00838751	0.509145331	0.516988055	190.46984304905737	66.68040272	22.496365327048856	88.88609409	1.6854671323723136	90.99646807
1702.25	2.52355078	10.78217	86.69427922	99.62216418	0.377835822	99.99	10.03974081	0.73164702	0.01078217	0.367835822	0.01	2.7216648519838627	241.97533456938066	32.88511414	0.505595612	0.513473724	194.1636248725899	66.25860821	22.496421845184337	87.34827042	1.463442744904429	90.37462473
1702.375	2.470380697	9.56942982	87.96018948	99.62413812	0.375861882	99.99	8.910506427	0.649353962	0.00956943	0.365861882	0.01	2.733647935860801	242.91153643792683	32.58359667	0.508154401	0.51551351	195.1907955517917	65.00465249	22.49651714028181	84.83482599	1.4091615417131669	90.1175499
1702.5	2.454390254	9.582758666	87.96285108	99.62333903	0.37666097	99.99	8.922917488	0.65025842	0.009582759	0.36666097	0.01	2.736283481045192	241.27748936172833	32.46066169	0.50846367	0.515543446	194.37274188323158	66.39371721	22.49665013703951	88.0898118	1.4754294877289682	90.73629975
1702.625	2.433606759	9.526429538	88.0399637	99.62371155	0.376288451	99.99	8.870467022	0.646436087	0.00952643	0.366288451	0.01	2.730800760724298	238.67795581647394	32.69006974	0.504605397	0.511801696	192.86559424641285	65.45938316	22.496817802096764	88.57625723	1.6027340610519811	91.55697823
1702.75	2.399436909	8.422819972	89.17774312	99.61371242	0.386287583	99.99	7.842848833	0.571548319	0.00842282	0.376287583	0.01	2.720560786573624	236.63166084940602	32.71137271	0.504536033	0.511564364	191.78994919261427	67.02923615	22.497014896071356	88.86093497	1.7161791773001198	91.3852334
1702.875	2.352376244	9.453921166	88.19370259	99.62315753	0.376842469	99.99	8.802951367	0.641515878	0.009453921	0.366842469	0.01	2.7099867638503867	236.0627579591022	32.74344463	0.504091819	0.511074925	191.67345169564163	68.24512564	22.4972339266782	89.43966627	1.762192733392295	91.39130116
1703	2.406637028	9.282489172	88.3108738	99.61400694	0.385993061	99.99	8.643323687	0.629882996	0.009282489	0.375993061	0.01	2.702939693634982	236.91440494606687	32.99599498	0.501788755	0.509159011	192.32558029178477	66.74694592	22.497465247788433	88.73858452	1.7563291844449003	90.94192982
1703.125	2.406985785	6.892916247	90.70009797	97.91458932	2.085410682	98.28490194	6.418289876	0.467733456	0.006892916	0.370312621	1.715098061	2.701830359091353	238.53233194532592	32.92976409	0.505829115	0.513184396	193.19020642597488	67.38477762	22.497697554957682	89.3037796	1.7497992912323648	91.12415314
1703.25	2.460169769	9.173053188	88.36677704	97.43507659	2.564923408	97.79518137	8.54142315	0.622456985	0.009173053	0.360104775	2.204818633	2.707450852625228	240.35472868007162	33.19872022	0.503808022	0.511754539	193.82946579164576	67.10758234	22.49791866329989	89.11879063	1.7685822500600115	90.45516849
1703.375	2.411683245	6.585846758	91.00247	97.29593203	2.70406797	97.65402998	6.132364307	0.446896604	0.006585847	0.358097947	2.345970023	2.7192006523927765	242.13672206585767	33.49550217	0.500417354	0.508872819	194.1365492361896	66.2780506	22.49811639483916	90.42503834	1.7878181045263133	90.69690704
1703.5	2.362806983	6.178385792	91.45880723	98.11600751	1.883992489	98.47621349	5.75295993	0.419247476	0.006178386	0.360205978	1.523786511	2.735293438869138	243.57029153859003	33.73178199	0.498159592	0.507218487	194.24227904824764	68.76933305	22.49827940465695	92.0093894	1.7765106313577865	91.19489193
1703.625	2.357148502	4.454576769	93.18827473	96.22035383	3.779646167	96.58319251	4.147847435	0.302274757	0.004454577	0.362838674	3.416807493	2.753171647932519	244.18605670360995	34.07240462	0.4946004	0.504227356	194.39102006951038	67.1411431	22.49839803762654	91.67343378	1.7184818746621624	89.64039087
1703.75	2.379339579	5.646530337	91.97413008	95.47862719	4.52137281	95.83166184	5.257726512	0.383157295	0.00564653	0.353034647	4.168338163	2.7700376525652803	243.70784806429668	34.25160017	0.492919067	0.50286957	194.81741474089478	66.25620546	22.498465004529287	92.15264916	1.615411185355078	89.7715807
1703.875	2.314525016	4.784852615	92.90062237	96.1527315	3.847268499	96.50321208	4.455381437	0.324686325	0.004784853	0.350480574	3.496787925	2.7836677177701827	242.35070392033174	34.24561373	0.498028953	0.507749109	195.5708585030754	67.12459138	22.498475929064156	92.31766462	1.4777155283823578	91.35023355
1704	2.285038188	6.451013061	91.26394875	94.69835758	5.301642418	95.05549279	6.00681487	0.437747177	0.006451013	0.357135204	4.944507214	2.79294800266231	240.59222465840767	34.19833644	0.503961996	0.513186114	196.38147039024585	67.7723886	22.498429634144134	92.17489958	1.3223640018956395	89.56381083
1704.125	2.248441097	5.188068258	92.56349065	93.0234091	6.9765909	93.38669156	4.830832811	0.352047378	0.005188068	0.363282457	6.613308442	2.7982070308867493	238.83181619276502	34.08496132	0.51015671	0.51887811	196.8756847681289	67.95927543	22.498328239586556	93.10796261	1.166992355639925	90.14187455
1704.25	2.299866929	7.043948788	90.65618428	92.93512668	7.064873324	93.28883528	6.55892275	0.477982089	0.007043949	0.353708604	6.71116472	2.8011506974295424	237.423648610586	34.07445786	0.518221521	0.526794469	196.91041131010002	69.263678	22.498177081232683	92.37701297	1.0323862322169266	90.3452754
1704.375	2.318340751	5.109345619	92.57231363	90.76032582	9.239674183	91.11238038	4.757530787	0.346705487	0.005109346	0.352054563	8.88761962	2.804386206295686	236.8359654477695	34.12802593	0.521202929	0.530030694	196.5678239871716	66.98809362	22.497984409654958	92.27344394	0.9417046010628969	89.35598135
1704.5	2.358618221	5.924771539	91.71661024	91.79811597	8.201884028	92.14238702	5.516808825	0.402037942	0.005924772	0.344271051	7.857612977	2.8101610870997593	237.4768423614787	34.04525567	0.52559861	0.534372716	195.9719287188685	68.77283745	22.497760779783192	93.15248132	0.9094559204590631	92.21820831
1704.625	2.341053304	6.084407535	91.57453916	91.03879184	8.961208161	91.37630574	5.665452745	0.412870382	0.006084408	0.337513904	8.623694257	2.819208965869909	239.25237322715006	34.32705655	0.523431814	0.533105011	195.180212130806	67.97616279	22.497518281019246	94.40411925	0.9315932411963666	90.76429605
1704.75	2.316490929	4.082974366	93.6005347	90.44125919	9.558740806	90.77615892	3.801832504	0.277058888	0.004082974	0.334899727	9.223841078	2.8302525817310165	241.60991179233187	34.45499859	0.521769658	0.532094891	194.27979985245207	68.94450441	22.497269595584726	94.80150938	0.9906807199835701	91.08271599
1704.875	2.363578678	3.726410903	93.91001042	89.86122213	10.13877787	90.19692593	3.469820975	0.252863518	0.003726411	0.335703808	9.803074066	2.8406320724842757	243.97327121201147	34.77196903	0.519703847	0.531399956	193.40777100285905	68.67356893	22.497027016171888	91.61859751	1.0691029464949038	91.60365462
1705	2.352757406	2.639723285	95.00751931	88.40332684	11.59667316	88.74535039	2.457959538	0.179124024	0.002639723	0.342023548	11.25464961	2.8475556172850096	246.02096828949328	34.92528277	0.520948192	0.533041593	192.71846916933237	68.08783014	22.49680148432346	94.60822344	1.1531396653408925	91.84224606
1705.125	2.316818035	4.558398558	93.12478341	88.22482977	11.77517023	88.5590142	4.244520354	0.309319805	0.004558399	0.334184437	11.4409858	2.849609535884273	247.43510240039762	34.90999808	0.526169138	0.538179568	192.26987180483482	68.53447413	22.49660173967555	94.09857988	1.2256298005917943	90.65415859
1705.25	2.335970614	4.356533424	93.30749596	87.34414339	12.65585661	87.66870735	4.056555072	0.295621818	0.004356533	0.324563966	12.33129265	2.847543392742854	247.7328384810477	34.83226896	0.534777423	0.546243732	192.06325568581047	66.99046253	22.496433828408055	94.13409233	1.2631284243430057	90.27254581
1705.375	2.312813664	4.7676899	92.91949644	85.81534069	14.18465931	86.13202255	4.439400497	0.323521713	0.00476769	0.316681853	13.86797745	2.843928027654383	246.5490974582129	34.43139908	0.552721029	0.562502567	192.13315482332874	68.83880503	22.496300890637855	93.05181503	1.2474378916535065	88.12305331
1705.5	2.367041841	7.166598916	90.46635924	83.37380748	16.62619252	83.68684814	6.673127543	0.486304774	0.007166599	0.313040655	16.31315186	2.8419536676031276	244.10125715508963	34.37929286	0.564020722	0.5735112	192.51582033133747	66.98269107	22.496203398102097	92.48040318	1.1819187522015229	87.11835742
1705.625	2.314634649	5.354012629	92.33135272	82.39936158	17.60063842	82.70843749	4.98535073	0.363307886	0.005354013	0.309075914	17.29156251	2.844072742139028	241.25935247198822	34.23410204	0.572759234	0.581746334	193.08621084976704	67.79858997	22.496139527804154	92.40159392	1.0916995709217823	87.54844666
1705.75	2.357043958	6.040423074	91.60253297	84.12247148	15.87752852	84.43013407	5.624496928	0.409885723	0.006040423	0.307662581	15.56986593	2.8512427400237037	239.05635985740625	34.00051362	0.577851147	0.586267943	193.63996495659595	66.97328558	22.496105597944524	92.10059047	1.006389415910588	88.6064291
1705.875	2.357361428	7.264549395	90.37808918	85.72090831	14.27909169	86.03451664	6.764333434	0.492951411	0.007264549	0.313608327	13.96548336	2.862742282500107	238.14098730781524	34.10474239	0.568297192	0.577093128	194.13829036660218	68.20444796	22.496096561375282	93.12213063	0.9452147276895129	89.75666761
1706	2.379047286	5.863559321	91.75739339	87.51985909	12.48014091	87.83033165	5.459811505	0.397884258	0.005863559	0.310472569	12.16966835	2.8766426344440026	238.68879945905144	34.26254449	0.556857143	0.566506825	194.74197359495398	67.01675219	22.496106525783077	94.04475689	0.9189392062846454	90.44089317
1706.125	2.346624649	3.454152588	94.19922276	86.71086227	13.28913773	87.02814454	3.216309583	0.234388852	0.003454153	0.317282266	12.97185546	2.890452035970802	240.58991020448155	34.61669793	0.541843076	0.553321211	195.5485638271089	68.08667661	22.49612919230283	95.50251365	0.9328913044438285	90.81485271
1706.25	2.3253969	2.085065741	95.58953736	87.87197981	12.12802019	88.1820577	1.941494116	0.141486559	0.002085066	0.310077893	11.8179423	2.9018261908131873	243.4585723956493	35.14738715	0.528467635	0.542470744	196.45307360539078	68.58985741	22.496158344694862	95.82086205	0.9799844051977196	90.28898478
1706.375	2.301718261	1.556830127	96.14145161	85.9948941	14.0051059	86.31095121	1.449631286	0.105642011	0.00155683	0.316057116	13.68904879	2.9087871144520756	246.53641947916833	35.40475252	0.521272307	0.53632964	197.272866246467	67.80736623	22.49618826840878	96.03235722	1.036828294762469	91.67360067
1706.5	2.35196912	3.06889212	94.57913876	88.32299592	11.67700408	88.64687031	2.857577042	0.208246186	0.003068892	0.323874388	11.35312969	2.9097550553401033	249.01490541211766	35.25866144	0.520429407	0.53476467	197.9149703818096	69.83629225	22.49621425845344	95.77444792	1.0783090622482066	91.7537868
1706.625	2.289291498	4.968768033	92.74194047	89.45802561	10.54197439	89.77403046	4.626632968	0.337166296	0.004968768	0.316004854	10.22596954	2.903929489070025	250.45986025239193	34.99882322	0.522895546	0.535692735	198.36842431744867	68.80217215	22.496233088861626	95.06821632	1.094888845213765	92.71142483
1706.75	2.29668974	4.811222087	92.89208817	90.53193794	9.468062065	90.8525581	4.479935183	0.326475682	0.004811222	0.320620163	9.147441902	2.891876161456272	250.9164179802989	34.91369212	0.51923415	0.5312908	198.59251824113463	69.55246655	22.496243353201045	94.97250319	1.0906146129755434	92.35642552
1706.875	2.279546418	2.33760976	95.38284382	89.99944768	10.00055232	90.31484002	2.176648681	0.15862347	0.00233761	0.315392345	9.685159976	2.8757602456300875	250.5417708823494	35.02576378	0.516726312	0.529418527	198.5205742579598	68.82634318	22.496245569057642	95.53599954	1.0686014121794754	91.289258
1707	2.266290102	1.930467262	95.80324264	88.14915212	11.85084788	88.46204005	1.797540843	0.130995952	0.001930467	0.312887931	11.53795995	2.8587458886879706	249.43332132963488	35.49650284	0.504717278	0.521852697	198.14982157552052	68.96052945	22.49624214370185	97.0932126	1.0282602203510909	91.46571159
1707.125	2.207751167	0.01	97.78224883	87.71587871	12.28412129	88.0256638	0.009311429	0.000678571	1e-05	0.309785091	11.9743362	2.8440682904138606	247.76881415983883	35.76158711	0.50606902	0.524357282	197.5672445881565	69.27087153	22.496237131997617	97.26276398	0.9751022342094782	91.31358266
1707.25	2.211606678	2.19318866	95.59520466	85.80626683	14.19373317	86.1091136	2.042172002	0.148823469	0.002193189	0.30284677	13.8908864	2.834014036414846	245.99290183852582	36.00640057	0.506909877	0.52825007	196.83234506161293	69.25978607	22.496235850930788	97.60540724	0.9230710478024877	91.88171625
1707.375	2.166731453	0.01	97.82326855	83.81532714	16.18467286	84.11217062	0.009311429	0.000678571	1e-05	0.296843486	15.88782938	2.8293400119780525	244.60444799897448	36.03306967	0.510185316	0.531543113	195.9567332210662	69.30075179	22.496244416005936	94.61075068	0.8832117302218059	91.86872244
1707.5	2.214581067	1.770785116	96.01463382	85.80475681	14.19524319	86.10400051	1.64885395	0.120160381	0.001770785	0.299243701	13.89599949	2.8293680153421805	243.82113935831342	35.74399276	0.524392638	0.541999459	195.00388804717647	67.82974849	22.496269229127545	96.9991684	0.8583839620622952	91.26176238
1707.625	2.264953081	3.174911688	94.56013523	85.56312437	14.43687563	85.86894403	2.956296408	0.215440368	0.003174912	0.305819659	14.13105597	2.8326324414329003	243.56259971043295	35.81595972	0.52424374	0.54284813	194.17190724602773	69.33561119	22.496316486461573	96.79042101	0.8488886745315212	90.25905132
1707.75	2.308856185	1.406875595	96.28426822	84.21335389	15.78664611	84.52352027	1.310002191	0.095466528	0.001406876	0.310166379	15.47647973	2.837795937466034	243.64029384385657	35.56539636	0.533621779	0.548872781	193.6589693720152	69.04984191	22.496391688512425	95.58655024	0.8566445438128418	89.18435574
1707.875	2.26358248	2.646174371	95.09024315	83.94862305	16.05137695	84.25888274	2.463966421	0.179561776	0.002646174	0.310259694	15.74111726	2.844045721019657	243.86188864913518	35.47291457	0.542377645	0.5568488	193.50542080508407	68.76028615	22.496499197029436	95.79974413	0.8786643504030576	88.97645473
1708	2.261196232	2.872194068	94.8666097	82.27155809	17.72844191	82.5798389	2.674423052	0.194898822	0.002872194	0.308280817	17.4201611	2.851078109755124	243.986875063635	35.47445235	0.548119592	0.562407004	193.58464196652594	67.89650646	22.496641698185055	95.66034675	0.9076930458855106	88.72891068
1708.125	2.22749858	3.306320385	94.46618104	82.36915418	17.63084582	82.67195071	3.07865668	0.224357384	0.00330632	0.30279653	17.32804929	2.858307811650586	243.8787326156924	35.46522689	0.549280812	0.563160227	193.74485787726627	69.25996458	22.496819693538473	96.1730957	0.9421366185695653	88.63261938
1708.25	2.221217485	1.575823331	96.20295918	84.01431669	15.98568331	84.31110159	1.467316672	0.106930835	0.001575823	0.2967849	15.68889841	2.864242717103379	243.61560237141578	35.33367503	0.555391216	0.568326178	193.8953271332788	69.43958558	22.4970310931918	95.03494501	0.990473200890293	86.61239147
1708.375	2.188865029	4.17133494	93.63980003	82.58887555	17.41112445	82.88259563	3.884108823	0.283054782	0.004171335	0.293720084	17.11740437	2.866386643388584	243.4045483432414	35.03380965	0.566510926	0.578050151	194.00975452378273	67.45078476	22.497270873445252	94.66412067	1.0616029821304327	86.55064106
1708.5	2.201779427	6.227079858	91.57114071	80.31450888	19.68549112	80.60691342	5.798301063	0.422551715	0.00622708	0.292404543	19.39308658	2.8621601120916567	243.3367728453402	34.66612924	0.583051002	0.593112436	194.0916589651403	69.84194441	22.4975310031531	93.78445745	1.155630390217942	82.29324818
1708.625	2.138958697	7.484838782	90.37620252	78.37610455	21.62389545	78.67718559	6.969454329	0.507899615	0.007484839	0.301081045	21.32281441	2.8497821798059357	243.3142775322533	34.333732	0.605623921	0.613344056	194.1674011427164	67.64336918	22.497800749738296	93.01221371	1.265019087409659	82.0775032
1708.75	2.151813245	5.47253896	92.3756478	77.01091241	22.98908759	77.30938073	5.095715679	0.371350741	0.005472539	0.298468321	22.69061927	2.8288177452182013	243.12405445945353	34.31903804	0.616935063	0.624315362	194.25409898189065	68.20607274	22.49806726235021	92.73488522	1.3776885943633566	81.0592711
1708.875	2.139061613	4.563212553	93.29772583	77.05740445	22.94259555	77.36408268	4.249002871	0.309646469	0.004563213	0.306678236	22.63591732	2.800395331930747	242.51884728620593	34.2705695	0.621554414	0.628658074	194.3272435712607	68.12441142	22.498316601317086	91.79469347	1.4775498035051986	80.44537306
1709	2.151675502	6.844062189	91.00426231	78.60911785	21.39088215	78.91949712	6.372799767	0.46441836	0.006844062	0.310379274	21.08050288	2.7669666312550127	241.27724835028533	34.23279286	0.620508622	0.627644914	194.24423902657063	65.05943396	22.498534830538652	91.59907699	1.5455311474470832	79.57267761
1709.125	2.201164481	7.824145469	89.97469005	79.2217864	20.7782136	79.53496325	7.285397333	0.53092399	0.007824145	0.313176854	20.46503675	2.731583277497684	239.27713775190594	34.04620532	0.617867678	0.624812725	193.8211582067007	68.87958026	22.4987091280403	91.79367423	1.5679267423435626	83.82719755
1709.25	2.258937168	7.305089926	90.43597291	80.22747829	19.77252171	80.53296452	6.802082461	0.495702375	0.00730509	0.305486235	19.46703548	2.6970104098754404	236.5942966058084	33.57774651	0.617650267	0.623949381	192.9289013509293	67.18087673	22.4988287563283	89.72216845	1.5455817476863236	83.40635896
1709.375	2.315157071	9.326316784	88.35852615	82.15569172	17.84430828	82.46844024	8.684133456	0.632857012	0.009326317	0.31274852	17.53155976	2.6652228011961645	233.52116970921395	33.17794706	0.621359298	0.627278194	191.60968053190095	66.18424965	22.49888594478114	87.81609535	1.4957929122378268	81.85164928
1709.5	2.258298184	11.01212431	86.72957751	80.96283221	19.03716779	81.27253159	10.25386113	0.747251058	0.011012124	0.309699387	18.72746841	2.637277007141319	230.45882929690225	32.69412469	0.632802027	0.638200716	190.0079098824547	65.01903421	22.49887650742646	87.19177246	1.4449987417692254	81.81434274
1709.625	2.227415225	13.05229096	84.72029382	78.86959665	21.13040335	79.17156611	12.15354777	0.885690894	0.013052291	0.301969466	20.82843389	2.6137074538329337	227.83311294436785	31.98288662	0.655058321	0.659503443	188.33682343780777	65.92867787	22.49880020385058	85.63609123	1.4173478591675537	80.26695848
1709.75	2.167353324	15.15564635	82.67700033	77.40185642	22.59814358	77.69744433	14.11207217	1.028418536	0.015155646	0.29558791	22.30255567	2.594967830559966	225.97767512044294	31.45164782	0.676242056	0.680019681	186.81333728915587	64.53858862	22.498660810678842	84.25790071	1.424735141373108	79.50159907
1709.875	2.217050773	15.29609162	82.4868576	77.86953672	22.13046328	78.16104935	14.24284678	1.037948749	0.015296092	0.291512624	21.83895065	2.581292654390148	225.03778346945404	31.13114055	0.692579485	0.696070709	185.6172962862765	65.23822636	22.498465857949874	81.25383258	1.461239236535874	80.428195
1710	2.2607385	14.63398221	83.10527929	76.84636489	23.15363511	77.12989703	13.62632831	0.993019909	0.014633982	0.283532132	22.87010297	2.572546451294542	224.8539198706281	30.93027396	0.706122412	0.709536067	184.87377076978274	65.33279112	22.498226107905104	84.34419632	1.508854970395254	80.06569147
1710.125	2.286332479	15.33508988	82.37857764	75.09264257	24.90735743	75.36877767	14.27915974	1.040595058	0.01533509	0.276135102	24.63122233	2.5682751275455082	225.12515598672348	30.96688018	0.705595066	0.709181897	184.64110419069368	65.94464083	22.497954784374713	84.17363167	1.5504026555017185	79.99151349
1710.25	2.254596991	14.71737881	83.0280242	77.21030771	22.78969229	77.48539304	13.70398247	0.998678963	0.014717379	0.27508533	22.51460696	2.5677483927658384	225.55278367394018	31.17478663	0.697343373	0.701219495	184.9586001193951	65.78411289	22.49766655652566	84.17214155	1.5783635896914125	79.38946486
1710.375	2.287771925	12.95019529	84.76203279	79.34646875	20.65353125	79.62575	12.05848212	0.878762976	0.012950195	0.279281251	20.37425	2.569518741341812	225.88434009964766	31.4260948	0.686597502	0.690827312	185.79440004990954	65.67268654	22.497376370672853	85.41326523	1.5919647197341082	81.24753833
1710.5	2.325858819	11.79662922	85.87751196	78.97808084	21.02191916	79.25026442	10.98434729	0.800485303	0.011796629	0.272183582	20.74973558	2.571677674600733	225.80517076594697	31.61236714	0.67496573	0.679422658	187.05463998720631	65.59315423	22.497098257516242	84.87879038	1.5934850184083267	81.14442229
1710.625	2.30270594	13.19530316	84.5019909	78.11427063	21.88572937	78.38162535	12.28671257	0.89539529	0.013195303	0.267354722	21.61837465	2.572514459255488	225.0990599489266	31.62882954	0.668918406	0.67343487	188.53514311536986	64.72882989	22.49684423154792	84.86093283	1.5910172389861432	80.42278886
1710.75	2.234656461	14.45632037	83.30902317	79.7280646	20.2719354	79.9880822	13.46089976	0.980964288	0.01445632	0.260017591	20.0119178	2.571247793737091	223.82645723376785	31.43937433	0.675901012	0.680202314	189.99444390496	65.39770724	22.49662334220929	84.31377411	1.598742721538286	78.94061804
1710.875	2.204983106	15.09122766	82.70378924	78.2373305	21.7626695	78.49618125	14.05208916	1.024047269	0.015091228	0.258850743	21.50381875	2.568166359980265	222.32548567232573	31.28555013	0.684088828	0.688037192	191.1870921099778	64.27961364	22.496441195872265	84.18343067	1.6285270752434615	80.96231818
1711	2.170412786	13.62694025	84.20264697	76.99461419	23.00538581	77.257143	12.68862837	0.924684941	0.01362694	0.262528807	22.742857	2.5642670846985838	220.96765011150106	31.11419082	0.694680794	0.698275851	191.8860257894021	66.26782705	22.49629988209643	84.53489542	1.68080241991774	80.89248538
1711.125	2.153245071	15.23426404	82.61249089	75.41736125	24.58263875	75.68391532	14.18527647	1.033753307	0.015234264	0.266554063	24.31608468	2.5605972514639093	220.05818391567453	31.21308066	0.700267319	0.703718672	191.9704816116669	65.82136201	22.49619828515733	84.99361277	1.7499257963969241	78.13365459
1711.25	2.137133438	13.57126273	84.29160384	76.29038828	23.70961172	76.56398925	12.63678464	0.920906824	0.013571263	0.273600976	23.43601075	2.55796737043656	219.84978878649633	31.39695174	0.705530214	0.709005054	191.50520463101822	64.43108963	22.496132819563783	84.18211341	1.8321297878426788	74.12527204
1711.375	2.197555971	13.25842185	84.54402218	74.16713783	25.83286217	74.4344897	12.34548508	0.899678343	0.013258422	0.267351873	25.5655103	2.556966644084678	220.46317690823793	31.34156166	0.711982736	0.715368777	190.72690212354476	64.14828719	22.496098191710153	82.89972544	1.9218444346752233	74.01956916
1711.5	2.162629303	14.30842355	83.52894715	74.84795225	25.15204775	75.11209113	13.32318669	0.970928436	0.014308424	0.26413888	24.88790887	2.5576919465322194	221.7081862407266	31.21561416	0.721871464	0.725106096	189.80392667975917	64.44577948	22.496088281010543	83.39288235	1.9993211281562828	72.09582329
1711.625	2.1082796	16.71290593	81.17881447	72.81668749	27.18331251	73.0766781	15.56210333	1.134089689	0.016712906	0.259990608	26.9233219	2.5599193096364603	223.06570778774596	31.14681349	0.734725016	0.737748282	188.78835150251496	64.9133057	22.49609695941205	83.27440023	2.0364883426807237	72.718817
1711.75	2.045164115	14.51962743	83.43520846	71.85650933	28.14349067	72.11777735	13.51984768	0.985260123	0.014519627	0.261268019	27.88222265	2.563590279010767	224.00849607491324	31.15033884	0.7363088	0.739086939	187.71671013824212	63.95614589	22.496118895959256	83.79218578	2.01703179297697	75.30729175
1711.875	1.991916211	13.34827968	84.6598041	73.57976223	26.42023777	73.83792561	12.42915557	0.905775837	0.01334828	0.258163378	26.16207439	2.5688700869782504	224.2694271421544	31.39114705	0.731475817	0.734181637	186.73119738053458	66.2714206	22.49615012771347	85.22026539	1.9467618998871816	72.2423017
1712	1.958778572	11.82425479	86.21696664	74.56251694	25.43748306	74.81920251	11.01007064	0.802359895	0.011824255	0.25668557	25.18079749	2.575525926025031	223.91648189448455	31.67136862	0.723733082	0.726436127	185.9975927960042	64.29647451	22.496188410114023	85.25614738	1.8464671452019386	72.45714664
1712.125	1.960131195	13.74848779	84.29138101	73.10901412	26.89098588	73.3645242	12.8018065	0.932932807	0.013748488	0.255510083	26.6354758	2.5827648148765485	223.17305643661052	31.69119495	0.717195465	0.719810662	185.5820905857393	64.91188981	22.496233281492625	85.42311192	1.741424217427521	74.3265152
1712.25	1.922495257	14.28787975	83.789625	74.24657581	25.75342419	74.5089377	13.30405747	0.969534393	0.01428788	0.262361889	25.4910623	2.589496479667984	222.26508191291276	31.47609325	0.723075694	0.725542229	185.48147238960283	66.2356699	22.496285923310527	84.54221487	1.658237487964624	74.77201819
1712.375	1.974468324	15.6897842	82.33574747	73.36546732	26.63453268	73.6247046	14.60943083	1.064663594	0.015689784	0.259237281	26.3752954	2.594815696549452	221.33970152837585	31.34709399	0.733016303	0.735379429	185.65754739495952	64.88753779	22.496348811850893	81.63923025	1.6216911894016794	76.15680695
1712.5	1.989426591	13.29427592	84.71629749	71.81662951	28.18337049	72.07219441	12.37887034	0.902111297	0.013294276	0.255564906	27.92780559	2.5985996566787617	220.49674945888518	31.33042302	0.740199509	0.742541937	186.0821724095758	63.92496697	22.496425137815734	83.55125189	1.6472726044343802	70.56909204
1712.625	2.001092519	13.99428187	84.00462561	70.53276063	29.46723937	70.79143112	13.0306759	0.949611686	0.013994282	0.258670486	29.20856888	2.6017040128927054	219.80778223562422	31.3666393	0.753801709	0.756123215	186.64339229538643	64.60462052	22.49651808250416	83.94424319	1.7327432854910465	68.9691782
1712.75	1.989834377	14.04262301	83.96754261	68.79473918	31.20526082	69.06041336	13.07568841	0.952891976	0.014042623	0.265674176	30.93958664	2.6052070684766178	219.28917975364558	31.43687978	0.759330593	0.761639126	187.20346062901962	64.55738303	22.49663009048661	84.5502317	1.8604951551921185	69.91768479
1712.875	1.988186828	15.01478555	82.99702762	70.62188575	29.37811425	70.88499569	13.98091064	1.018860128	0.015014786	0.263109948	29.11500431	2.6096270302619518	218.92366310330357	31.21355698	0.765479552	0.767624555	187.66788714957067	64.76440691	22.49676216630244	83.99951458	2.006488340443221	71.28617764
1713	1.985955592	15.71609121	82.2979532	71.63099662	28.36900338	71.89726908	14.6339264	1.066448711	0.015716091	0.266272458	28.10273092	2.614678827522953	218.6866257883412	30.99063855	0.768875439	0.770860099	188.06579114341963	64.83772775	22.49691330438451	83.19030404	2.1455665228291267	71.05020285
1713.125	1.97099595	16.38902696	81.63997709	71.4055969	28.5944031	71.67400215	15.26052574	1.112112194	0.016389027	0.268405254	28.32599785	2.6194486718157624	218.57514668934132	30.83243938	0.762953275	0.764875851	188.4290238655012	64.78562897	22.497080110688003	83.12934637	2.2566329005074985	71.81672454
1713.25	1.954985156	15.6488461	82.39616874	72.42858357	27.57141643	72.69934978	14.5713116	1.061885652	0.015648846	0.270766213	27.30065022	2.6225929399823222	218.65226085270632	30.64434702	0.766175296	0.767963464	188.74104799766343	65.01740811	22.497256836009967	82.50476122	2.328751239248625	71.76796198
1713.375	1.973925869	17.03362457	80.99244956	71.24850413	28.75149587	71.52684797	15.86073821	1.155852733	0.017033625	0.278343836	28.47315203	2.6231776027690294	218.98548041972356	30.56331099	0.774993831	0.776642346	189.01898957941657	63.98802589	22.497435669071827	80.9325099	2.3621794608547013	68.30585003
1713.5	1.957802169	16.68292897	81.35926887	69.27158067	30.72841933	69.54479289	15.5341905	1.132055539	0.016682929	0.273212219	30.45520711	2.621173363672742	219.63249568504403	30.45489452	0.786906103	0.788415812	189.38368563058634	61.99872888	22.497607369556693	81.2390089	2.359428383128096	67.56497622
1713.625	1.9827247	17.65780537	80.35946993	68.31251789	31.68748211	68.59263553	16.44193972	1.198207845	0.017657805	0.280117637	31.40736447	2.617339189586544	220.5946777425938	30.38918378	0.800165397	0.801523895	189.96165407379462	63.89999356	22.497762126458728	82.28476048	2.319465074041606	69.27604675
1713.75	1.930600873	16.50331223	81.5660869	68.34666882	31.65333118	68.6188434	15.36694165	1.119867264	0.016503312	0.272174581	31.3811566	2.612471608334795	221.88356847460676	30.6215928	0.803950887	0.80532592	190.75095907404653	64.30891324	22.497890367614623	82.33790398	2.2404907659068334	67.52561331
1713.875	1.94678923	14.64720438	83.40600639	67.78047435	32.21952565	68.05467106	13.63864005	0.993917128	0.014647204	0.27419672	31.94532894	2.606938979681633	223.3745396844725	30.99162097	0.793320066	0.794882746	191.65309582379658	64.04429816	22.497983601548373	83.78908634	2.1275581312025804	67.75730848
1714	1.951738901	12.67410614	85.37415496	69.60616908	30.39383092	69.88782457	11.80140367	0.860028361	0.012674106	0.28165549	30.11217543	2.600499563811331	224.83290455787224	31.3511364	0.782166259	0.783914677	192.50523788135274	65.35245242	22.49803512458484	84.89633799	1.994396546874741	69.37590837
1714.125	1.964445113	13.76309754	84.27245735	68.79838876	31.20161124	69.07527363	12.81541026	0.933924182	0.013763098	0.276884876	30.92472637	2.592777885854569	225.95902089520536	31.52877468	0.770331	0.772271391	193.0894112674207	65.18229647	22.49804066672842	84.83738899	1.857764835592927	69.12522316
1714.25	1.988938591	14.47509095	83.53597045	70.82634962	29.17365038	71.10623073	13.47837786	0.982238006	0.014475091	0.279881114	28.89376927	2.5838508509911238	226.53504610147772	31.64203517	0.758942022	0.761053003	193.18906046245368	65.3295906	22.49799874388005	85.67545414	1.734116615627865	70.85670829
1714.375	1.986469969	13.30706273	84.7064673	70.75522048	29.24477952	71.03474974	12.39077669	0.902978973	0.013307063	0.279529258	28.96525026	2.5743460914497347	226.45925715654255	31.56836322	0.761699379	0.763855045	192.73522998206897	66.50564514	22.497910776977392	85.49132347	1.6424551718206362	69.79530454
1714.5	2.041569325	13.44179713	84.51663354	69.2663355	30.7336645	69.54995684	12.51623368	0.912121662	0.013441797	0.283621338	30.45004316	2.5654931210931644	225.82247727414943	31.70867421	0.759602854	0.761936979	191.8095057777942	64.51255018	22.49778098647422	85.64130068	1.6033287631310658	70.20418048
1714.625	2.065600482	12.22100623	85.71339329	68.24364093	31.75635907	68.53278257	11.37950292	0.829282305	0.012221006	0.289141638	31.46721743	2.559289697325664	224.91750533684183	31.88715817	0.765242249	0.767624992	190.52828317394278	64.90667591	22.497616152136324	85.19973755	1.6234894506286686	68.65756512
1714.75	2.022376183	12.65186612	85.3257577	67.21424842	32.78575158	67.50259025	11.78069504	0.858519217	0.012651866	0.288341836	32.49740975	2.5582139148330945	224.08868136527119	31.87627614	0.780773817	0.783041226	189.0239696076797	64.78049357	22.497425080326344	85.62284708	1.687887385842308	67.52337217
1714.875	2.02730486	13.58303317	84.38966197	65.51516658	34.48483342	65.80380497	12.64774461	0.921705533	0.013583033	0.288638388	34.19619503	2.564190729447149	223.60982663311407	32.0455632	0.782414197	0.78476515	187.49297438976686	66.76253917	22.49721790537113	82.88689852	1.7747921072886643	70.41606903
1715	2.057704464	11.67626825	86.26602728	67.17737739	32.82262261	67.46702199	10.87227403	0.792317954	0.011676268	0.289644598	32.53297801	2.5778113625818158	223.65644446691465	32.14608167	0.787292479	0.789617047	186.21799564329726	65.27939055	22.497005312895656	86.17244959	1.8744960994665114	65.81293941
1715.125	2.018829855	11.23941757	86.74175258	65.7235879	34.2764121	66.00776697	10.46550362	0.762674524	0.011239418	0.284179067	33.99223303	2.598038402015455	224.34714054105706	32.15711811	0.797620024	0.799937532	185.47359558376948	65.32454877	22.496797751909224	84.98162031	1.9838737426080681	64.0555203
1715.25	2.060707065	12.63478801	85.30450492	63.80011386	36.19988614	64.07798756	11.76479288	0.857360346	0.012634788	0.277873701	35.92201244	2.622075018902881	225.64744851090603	32.09606516	0.802016302	0.804351257	185.43202577634818	65.08553217	22.49660462636611	85.79571247	2.091465505257003	66.53320193
1715.375	2.058514756	14.26099467	83.68049058	64.66384155	35.33615845	64.93802396	13.27902362	0.967710048	0.014260995	0.27418241	35.06197604	2.6456385408171936	227.25784583556754	31.90483897	0.813194465	0.815399852	186.04354693386347	65.6576981	22.49643360756034	85.7501626	2.1790512644451177	66.84340239
1715.5	2.080266507	13.80428743	84.11544607	65.1825354	34.8174646	65.45689234	12.85376393	0.93671921	0.013804287	0.274356943	34.54310766	2.6639023747988806	228.67880464129559	31.88629666	0.810444198	0.81281648	187.04123050383723	65.48121223	22.49629011614638	85.42169333	2.234309694949512	64.78031874
1715.625	2.127892627	11.36107422	86.51103315	66.77097657	33.22902343	67.05208365	10.57878335	0.770929794	0.011361074	0.281107079	32.94791635	2.6728492649188924	229.4657951211023	32.03296577	0.79381257	0.796482087	188.03952222828224	64.38010036	22.496177122872016	86.30411625	2.254325777686085	66.81244373
1715.75	2.107802964	10.8858228	87.00637424	67.96719148	32.03280852	68.24879103	10.13625638	0.738680601	0.010885823	0.281599551	31.75120897	2.6701993995990936	229.4245037590489	32.150673	0.784204164	0.787015872	188.6975909599661	65.93319831	22.496095165758693	86.78858876	2.234152767722261	70.00294328
1715.875	2.083553474	12.90808677	85.00835976	66.70294249	33.29705751	66.98607938	12.01927307	0.875905613	0.012908087	0.283136884	33.01392062	2.655795174559738	228.46931698451954	32.02283345	0.787693151	0.790402209	188.86475574170782	64.85198385	22.496042655517385	85.90093851	2.1637308334585414	69.3582356
1716	2.103941458	15.17631641	82.71974213	65.20092075	34.79907925	65.49122625	14.13131895	1.029821148	0.015176316	0.290305508	34.50877375	2.6315468031807994	226.53413505262426	31.60574415	0.799018189	0.801349513	188.61968112315088	65.70196773	22.496016297214705	85.20271778	2.0432295075268034	67.64179468
1716.125	2.073266719	15.89297028	82.033763	66.73914537	33.26085463	67.02273513	14.79862609	1.078451216	0.01589297	0.283589758	32.97726487	2.601060793880497	223.71169724878843	31.32191674	0.809386447	0.811359319	188.22932001312745	65.5725242	22.496011482002466	83.73564482	1.894356396802718	67.85787344
1716.25	2.042765368	14.01548695	83.94174768	66.96743387	33.03256613	67.2550229	13.05042086	0.951050602	0.014015487	0.287589033	32.7449771	2.5690524019704593	220.38701914537145	31.0369177	0.811896345	0.813627288	188.02213728507525	64.35321776	22.496022773362533	82.40798712	1.7451676689915665	68.25896502
1716.375	1.992750054	15.96776388	82.03948606	68.43159332	31.56840668	68.71535335	14.86826963	1.083526495	0.015967764	0.283760036	31.28464665	2.5403823745860263	217.03134984017623	30.76503249	0.803915456	0.805508342	188.25929904908728	65.6991095	22.49604438297372	82.25551844	1.613324489064453	68.62263083
1716.5	1.982607341	17.9919949	80.02539776	70.29574444	29.70425556	70.58718186	16.75311792	1.220884985	0.017991995	0.291437421	29.41281814	2.519104695054483	213.9923254600999	30.5337763	0.803455535	0.804915519	188.95991784265215	63.75768683	22.496070696331255	81.37680888	1.5118114601134227	68.88434291
1716.625	2.023766919	18.33538622	79.64084686	69.01600982	30.98399018	69.3096036	17.0728643	1.244186531	0.018335386	0.293593779	30.6903964	2.5075306329504015	211.5498087830231	30.27571187	0.806076327	0.80735904	189.92041079022425	65.07947396	22.496096633671222	81.41435981	1.4557106799705557	69.46681738
1716.75	1.981681307	16.78132556	81.23699314	68.43616573	31.56383427	68.72525649	15.62581178	1.138732448	0.016781326	0.28909076	31.27474351	2.505802340691612	209.95665149091334	30.34973208	0.802355554	0.803636664	190.90890893562482	63.20953624	22.496117975675674	82.1159184	1.4502323730649458	70.02539635
1716.875	1.953142559	15.16495949	82.88189795	69.0271592	30.9728408	69.31472131	14.12074403	1.029050499	0.015164959	0.287562112	30.68527869	2.5117505101833912	209.30146130467375	30.48487683	0.799127593	0.800462376	191.83123068146494	66.07278426	22.496131648603516	82.66601563	1.4823525894745757	69.71101761
1717	1.989299558	16.53317228	81.47752816	70.13394563	29.86605437	70.42859624	15.39474563	1.121893481	0.016533172	0.294650607	29.57140376	2.5217761317078264	209.35029067207478	30.43254766	0.799210705	0.800504303	192.61925768788626	64.12220668	22.49613587609427	81.60926104	1.5363790634240313	68.55441332
1717.125	1.97446288	18.90732919	79.11820793	69.48895368	30.51104632	69.77610558	17.60542493	1.282996935	0.018907329	0.287151902	30.22389442	2.5324032289027043	209.750649536671	30.35340821	0.797254514	0.798584952	193.0689422221657	63.42232316	22.4961301180203	81.07952476	1.6084142355283289	68.56228709
1717.25	2.021407625	17.57254874	80.40604363	69.83162205	30.16837795	70.12251384	16.36255362	1.192422576	0.017572549	0.290891791	29.87748616	2.5415712791021057	210.29898011922117	30.1517515	0.80612419	0.807385955	192.92423920731088	63.56605338	22.49611497400072	80.74361086	1.696268109175461	68.65776181
1717.375	2.017644907	17.35469541	80.62765968	67.89787647	32.10212353	68.18952214	16.15970104	1.177639676	0.017354695	0.291645668	31.81047786	2.5488319630599454	210.99185577350602	30.15517547	0.808814196	0.810030253	192.11127970186635	63.82305445	22.496091981954933	77.52430439	1.7841580450496273	71.28530145
1717.5	1.961307666	16.54051728	81.49817505	69.17613026	30.82386974	69.46846446	15.40158487	1.122391892	0.016540517	0.292334203	30.53153554	2.554910049008911	211.79114548829574	30.20391504	0.809061372	0.810277104	190.8076370373687	64.31897819	22.496063364927558	81.71666861	1.851346877449699	69.7824657
1717.625	1.961549964	18.40412248	79.63432755	68.94550761	31.05449239	69.2299838	17.13686759	1.248850776	0.018404122	0.284476189	30.7700162	2.5611155018072433	212.55006047072922	30.23863332	0.81500406	0.816135351	189.28584304943215	64.50436987	22.49603169661725	80.89698553	1.8920162544736165	68.86863708
1717.75	1.961649345	17.29975425	80.7385964	67.53961585	32.46038415	67.82300727	16.10854297	1.173911527	0.017299754	0.283391422	32.17699273	2.568293322337495	213.1445752619889	30.19924167	0.812363407	0.813470513	187.8187548326834	63.82059039	22.495999577273693	80.36180139	1.917605944170671	67.56953001
1717.875	1.969167443	17.76011563	80.27071693	69.14046669	30.85953331	69.42782827	16.53720519	1.205150325	0.017760116	0.287361588	30.57217173	2.5760598778738335	213.53999900684101	29.97445384	0.825049701	0.826069959	186.68968541186592	63.19170667	22.49596936116852	80.52225113	1.9429226786732512	68.74898672
1718	2.008429305	19.01900412	78.97256657	67.12190515	32.87809485	67.41001219	17.70941024	1.290574874	0.019019004	0.288107048	32.58998781	2.5827915511332638	213.71627312531137	29.7227563	0.832461365	0.833477106	186.1144647804271	64.7462807	22.495942987400102	80.18305302	1.9818885612638912	69.58398223
1718.125	2.034419798	21.09360011	76.8719801	68.93987539	31.06012461	69.22082135	19.64115552	1.431350986	0.0210936	0.28094596	30.77917865	2.586566310006152	213.6339539702737	29.56434579	0.834255058	0.835303327	185.99780791108338	63.38775403	22.495921865781526	79.76448536	2.0485857253433855	69.29836273
1718.25	2.021118905	18.95785983	79.02102127	68.42595818	31.57404182	68.70521734	17.65247617	1.286425799	0.01895786	0.279259158	31.29478266	2.585877218538055	213.35301038091862	29.6638543	0.835396182	0.836552108	185.91022651361268	64.306032	22.4959068392924	79.8967123	2.147004630633397	67.9060638
1718.375	2.035866278	16.69973202	81.2644017	67.83438157	32.16561843	68.11338676	15.54983654	1.133195745	0.016699732	0.279005184	31.88661324	2.579816816509766	212.97121295226762	29.7940575	0.833878604	0.835143743	185.41655645768435	63.16849047	22.49589816794124	80.64461946	2.256532374075925	69.46442723
1718.5	2.069439003	17.61162635	80.31893465	66.40237341	33.59762659	66.68737357	16.39894046	1.19507427	0.017611626	0.285000164	33.31262643	2.567810689702875	212.44791890067324	29.90989259	0.832304068	0.833629548	184.44878553736058	65.27788175	22.495895457934903	80.59659004	2.342342439101894	68.85631084
1718.625	2.097774933	19.8348254	78.06739967	68.32815697	31.67184303	68.61880301	18.46905642	1.345934158	0.019834825	0.290646044	31.38119699	2.5496697066396665	211.4856831867117	29.67221478	0.84158166	0.842902979	183.24481232937865	62.71900706	22.495897740386216	78.37810516	2.3784199386246234	67.65055656
1718.75	2.156599538	21.4929354	76.35046506	67.76159351	32.23840649	68.05480299	20.01299374	1.45844873	0.021492935	0.293209481	31.94519701	2.52606463436165	209.72445842618873	29.01807666	0.856720652	0.857884359	182.10631147993794	62.78901822	22.495903595109773	76.41505003	2.3579095905707694	68.02304983
1718.875	2.131936859	23.67963919	74.18842395	69.26475709	30.73524291	69.56255218	22.0491274	1.606832155	0.023679639	0.297795096	30.43744782	2.498605617267856	207.0248484964419	28.6175615	0.858999502	0.860195113	181.22732238495453	62.16407148	22.49591138016783	75.83124638	2.2874659992977944	68.73540878
1719	2.179328765	21.78683017	76.03384106	69.45421631	30.54578369	69.74333319	20.28665176	1.478391583	0.02178683	0.289116882	30.25666681	2.46941617074985	203.60971415257782	28.34448117	0.863131444	0.864289151	180.71357883073367	63.50131284	22.495919475626767	75.791502	2.1871073846233857	70.33856511
1719.125	2.129585245	22.72544248	75.14497227	69.66997816	30.33002184	69.96565906	21.16063393	1.542083113	0.022725442	0.2956809	30.03434094	2.4406645154634825	199.94262256046187	28.13208461	0.858146734	0.85927508	180.49964472475756	61.74167449	22.495926615164247	75.02442598	2.0897223234256987	69.70623136
1719.25	2.10486781	23.68010095	74.21503124	71.4577852	28.5422148	71.75403576	22.04955736	1.606863489	0.023680101	0.296250569	28.24596424	2.414535537923074	196.4653148886029	27.9973978	0.85994375	0.860960427	180.34437228879986	62.9584388	22.495932185436857	74.30961728	2.02934146073902	71.66371942
1719.375	2.053873061	25.14207287	72.80405407	70.07549901	29.92450099	70.38017055	23.4108621	1.706068695	0.025142073	0.304671545	29.61982945	2.3927850867168727	193.4853772491615	27.55028379	0.874633781	0.875394962	179.9807646506179	61.77293473	22.495936366458775	73.60783815	2.028649840546905	70.66932917
1719.5	2.071251267	26.66864313	71.26010561	69.44266418	30.55733582	69.74045686	24.83231712	1.809657358	0.026668643	0.297792687	30.25954314	2.376094855526478	191.19821581293266	27.25055712	0.89204543	0.892585395	179.36485861247607	62.13400884	22.495940221803664	72.99848795	2.0963379862888756	70.75037956
1719.625	2.032283675	26.08575253	71.8819638	67.43084464	32.56915536	67.72170876	24.28956269	1.77010408	0.026085753	0.290864121	32.27829124	2.363947332123821	189.7314545681756	26.96002518	0.917539234	0.917778876	178.6725333308225	61.55835633	22.495945725751632	71.13721967	2.2295558995473197	67.53222942
1719.75	1.997232453	27.03061142	70.97215612	66.73482364	33.26517636	67.02962478	25.16936133	1.834219485	0.027030611	0.294801138	32.97037522	2.3552521939537874	189.08389429093913	26.85241571	0.938598366	0.938631455	178.05415146091715	59.33275954	22.49595564177971	70.40224075	2.41141994001716	65.26154876
1719.875	2.000483337	26.49625641	71.50326025	65.106018	34.893982	65.40453326	24.67180046	1.797959692	0.026496256	0.29851526	34.59546674	2.348975388475761	189.14053860454146	26.74671889	0.953800368	0.953621713	177.49046804670047	60.88399006	22.495973301635843	67.5822258	2.613788792877562	69.67710853
1720	1.984326256	27.95710383	70.05856991	66.21463707	33.78536293	66.51510232	26.03205814	1.897088593	0.027957104	0.300465243	33.48489768	2.3442415653919655	189.75573902978363	26.69384362	0.961077483	0.960806858	176.89853681914656	62.38421989	22.496002240838123	71.19817734	2.804721628826832	67.89593101
1720.125	2.013702952	26.71518302	71.27111403	65.93575415	34.06424585	66.23128116	24.87565241	1.812815421	0.026715183	0.295527012	33.76871884	2.340156416956005	190.773393588478	26.54806923	0.964285668	0.964051349	176.3130166428685	60.35101576	22.496045797331384	69.5818007	2.9599509341412347	65.73444009
1720.25	2.025856948	28.57456638	69.39957667	67.34718645	32.65281355	67.63585377	26.60700399	1.938987824	0.028574566	0.288667316	32.36414623	2.335633305530424	191.99858042297774	26.37821152	0.960810923	0.960674386	175.86567014399324	61.38001884	22.496106757244146	70.0627923	3.0678138417419065	67.79664755
1720.375	2.039920043	28.2272481	69.73283186	67.76805071	32.23194929	68.06273241	26.28360104	1.915419805	0.028227248	0.294681695	31.93726759	2.3297238232955695	193.1726922630936	26.43468955	0.952862944	0.95282098	175.66111167006193	60.72852482	22.49618692937648	68.60381365	3.123093162901792	66.41575694
1720.5	1.992684012	27.28961394	70.71770205	67.83223039	32.16776961	68.12571112	25.41052967	1.85179465	0.027289614	0.293480731	31.87428888	2.3220627323378067	194.03087508866074	26.2670239	0.955788396	0.955716668	175.74246286082746	59.10326868	22.496286767811146	69.73662972	3.125196859192982	66.7286098
1720.625	1.967974486	28.51624902	69.5157765	66.83070173	33.16929827	67.12042913	26.55270219	1.935030576	0.028516249	0.289727394	32.87957087	2.31301246033387	194.46744593138982	26.4429114	0.945798163	0.945695665	176.1105718912952	62.08664432	22.49640508087037	70.77592611	3.0844512260032433	69.00033355
1720.75	1.926269041	26.68195066	71.39178029	68.34117351	31.65882649	68.63108657	24.84470834	1.810560369	0.026681951	0.289913055	31.36891343	2.303473479166281	194.62984303087396	26.60104196	0.939023897	0.938847621	176.67883004540474	60.41923978	22.496538870612024	70.18588185	3.0232948863176037	66.90524817
1720.875	1.907426714	26.56430141	71.52827188	68.04699347	31.95300653	68.33964084	24.73516008	1.80257703	0.026564301	0.292647371	31.66035916	2.294787418357415	194.79445219429243	26.65523649	0.935311999	0.935093193	177.22978304479852	61.31233932	22.496683334168736	71.17265463	2.9579868501371265	69.06461716
1721	1.931257791	26.71315336	71.35558885	68.33436179	31.66563821	68.63156418	24.87376251	1.812677695	0.026713153	0.297202388	31.36843582	2.2887069005814134	195.04291742130408	26.94520235	0.914660715	0.914555931	177.58257797886978	61.39975824	22.496832257617882	71.87227011	2.88978730498356	68.81452203
1721.125	1.939764196	25.29581984	72.76441597	69.81898181	30.18101819	70.11092023	23.5540225	1.716501521	0.02529582	0.291938415	29.88907977	2.2869907036204813	195.28075248501145	27.15441534	0.899907843	0.899947458	177.74906303205796	61.18220567	22.496978631265783	70.68449259	2.8112993312707233	66.18438363
1721.25	1.982485929	24.31758865	73.69992542	70.70087415	29.29912585	70.99677517	22.64314949	1.650121569	0.024317589	0.295901016	29.00322483	2.2907075891756685	195.35442312440765	27.39427569	0.877110312	0.877403391	177.8748249317102	59.04438012	22.49711547414521	71.99388742	2.71093796559877	67.38687754
1721.375	1.984876594	23.78280233	74.23232108	72.72826609	27.27173391	73.01884399	22.14518702	1.613832508	0.023782802	0.290577907	26.98115601	2.2996322116094907	195.21518747536675	27.60654635	0.8584377	0.858980368	178.05463450181617	63.50007431	22.497236752194326	74.70950484	2.5729231222813183	73.13408256
1721.5	2.034724808	24.25134196	73.71393323	71.9362552	28.0637448	72.23075921	22.58146436	1.645626259	0.024251342	0.29450401	27.76924079	2.3125440605255987	194.8310940996377	27.76033178	0.851531285	0.852211966	178.25282059538728	61.73030164	22.49733819484143	73.99945855	2.3852642638314325	70.40429711
1721.625	2.030219846	23.57171106	74.3980691	70.42431105	29.57568895	70.71655702	21.94863088	1.599508462	0.023571711	0.292245979	29.28344298	2.328013649391876	194.2038203933584	27.75434741	0.853752022	0.854497516	178.3573672697533	61.26841174	22.49741789771947	72.77171016	2.1565577293708014	70.34629583
1721.75	2.063744113	24.36660868	73.5696472	70.0579905	29.9420095	70.35237231	22.68879415	1.653447927	0.024366609	0.294381812	29.64762769	2.3448689241970726	193.32554003734478	27.58278789	0.871496316	0.872228377	178.27036710044104	61.77607861	22.49747664724279	73.21695089	1.9111836537179943	69.13845539
1721.875	2.125145093	25.70532146	72.16953344	68.85094581	31.14905419	69.14493725	23.93532702	1.744289123	0.025705321	0.29399144	30.85506275	2.361909522882023	192.19705523697704	27.49311739	0.889050585	0.889766385	177.9995808134231	60.64083361	22.49751805669154	72.59699702	1.6756754849667166	68.05307269
1722	2.165460487	25.3203476	72.51419191	67.43869702	32.56130298	67.73411967	23.57686135	1.718165905	0.025320348	0.295422648	32.26588033	2.3779152176511054	190.8677615043315	27.18542322	0.91393607	0.91453823	177.6592443924804	61.76517336	22.497548343906693	72.57166505	1.466436979502236	68.97329688
1722.125	2.101255186	27.01425755	70.88448726	66.19454089	33.80545911	66.48336693	25.15413354	1.833109758	0.027014258	0.288826035	33.51663307	2.3920415908943324	189.4703728098055	26.88124687	0.933376811	0.933907855	177.4125860978333	61.65905245	22.497575782522247	72.36827016	1.2941735893497373	69.10891533
1722.25	2.117834226	27.72359882	70.15856695	67.43620323	32.56379677	67.72456408	25.81463161	1.881243615	0.027723599	0.288360852	32.27543592	2.403862100929323	188.21584662518273	26.64821725	0.950605037	0.951010371	177.36689380303562	61.8089752	22.497609888293447	71.58457637	1.169770667353011	69.15994883
1722.375	2.088346543	28.32763165	69.58402181	66.36930016	33.63069984	66.65305968	26.37707247	1.922231544	0.028327632	0.283759517	33.34694032	2.412751514000894	187.3090420071291	26.47200251	0.962725845	0.963051258	177.5170854973748	61.97367981	22.497660401949226	68.24910641	1.1077398644062373	70.96334696
1722.5	2.14478439	27.29146546	70.56375015	65.84180281	34.15819719	66.12800116	25.41225371	1.851920289	0.027291465	0.286198345	33.87199884	2.4175480634457376	186.9295435680439	26.32281658	0.976010502	0.976303662	177.77535292531502	61.10936694	22.497736199626473	70.8001256	1.1215703507281076	67.68878698
1722.625	2.185943422	28.66510274	69.14895384	64.24706661	35.75293339	64.54071929	26.69130628	1.945131361	0.028665103	0.293652681	35.45928071	2.417013041057654	187.1386010567903	26.38756101	0.991367126	0.991535267	178.08485025775883	62.09238174	22.49784415725069	71.94981575	1.215475215542592	66.9308722
1722.75	2.167032326	27.17062108	70.6623466	62.81076039	37.18923961	63.10817888	25.29973032	1.843720137	0.027170621	0.297418493	36.89182112	2.410348170595163	187.78620999821226	26.64821001	0.994943979	0.995019804	178.45320262276957	61.80631311	22.497987923385104	71.65742517	1.3786566981551969	65.3963685
1722.875	2.13694061	25.61344687	72.24961252	62.90780619	37.09219381	63.21412559	23.84977865	1.738054778	0.025613447	0.3063194	36.78587441	2.3972557292189034	188.51076205148868	27.01260162	0.996039635	0.996038644	178.88245060352477	61.31878548	22.498167039188992	72.44768739	1.5797497562054839	62.98479438
1723	2.148782706	23.48406182	74.36715548	62.10556139	37.89443861	62.40533468	21.86701692	1.593560837	0.023484062	0.299773288	37.59466532	2.377609608174301	188.9273082036701	27.36182754	0.992595789	0.992513361	179.29954926510376	61.09908579	22.498376451567466	73.08324575	1.7757103259153784	62.70788908
1723.125	2.098000738	25.00815257	72.8938467	61.7576073	38.2423927	62.04881054	23.28616317	1.696981248	0.025008153	0.291203243	37.95118946	2.351816855140766	188.896442649333	27.44601997	1.000558423	1.00037775	179.55648984570914	61.53791396	22.498606580788195	72.92705178	1.9264935092562894	62.79596686
1723.25	2.127507085	26.36796623	71.50452668	60.15147255	39.84852745	60.44296238	24.55234398	1.78925429	0.026367966	0.291489825	39.55703762	2.3215475527482754	188.49274919362148	27.25840699	1.020974266	1.020728062	179.47056140909896	61.52157954	22.49884405989247	72.06049562	2.004501293547179	62.91800737
1723.375	2.172589286	27.74044726	70.08696345	59.86723775	40.13276225	60.15627871	25.83031991	1.882386902	0.027740447	0.289040957	39.84372129	2.2900713263313386	187.80929891263986	27.02144101	1.032105749	1.03180582	178.88346004360352	62.52480701	22.49907301143509	71.20938301	1.99626625224488	63.32403421
1723.5	2.152008451	26.06530154	71.78269001	61.54297444	38.45702556	61.83412812	24.2705199	1.768716335	0.026065302	0.291153681	38.16587188	2.2614928244470747	186.83778231965363	26.83712409	1.043849224	1.043429437	177.79353128675461	61.19742345	22.499276570015986	70.21196485	1.9183632302054892	61.38655543
1723.625	2.088503931	27.04131597	70.8701801	60.67279468	39.32720532	60.96839729	25.17932879	1.834945865	0.027041316	0.29560261	39.03160271	2.239760718315178	185.63102162182514	26.58142192	1.045290442	1.044848947	176.42718587626513	59.94113554	22.49943851868253	69.34055686	1.817587976585581	61.4069283
1723.75	2.094510663	29.07022257	68.83526677	62.20246946	37.79753054	62.4961146	27.06853072	1.972621626	0.029070223	0.293645136	37.5038854	2.227820496431762	184.3755117184171	26.28482058	1.042394171	1.041979337	175.2157125474814	60.19293943	22.4995448563934	68.63795519	1.7338756247636367	63.4165287
1723.875	2.15100873	30.82735616	67.02163511	63.36903169	36.63096831	63.66423841	28.70467315	2.091855654	0.030827356	0.295206724	36.33576159	2.2269375879318094	183.34371399549198	25.95539966	1.045797042	1.045426362	174.63006419768658	60.79159776	22.499585044447933	69.23506856	1.658166041654032	65.03773928
1724	2.173566277	29.53510147	68.29133225	63.88699609	36.11300391	64.1747243	27.5013994	2.004166971	0.029535101	0.287728205	35.8252757	2.2363300131994244	182.87170752138184	25.56933383	1.053030907	1.052681737	175.00256051834458	61.05266342	22.499552977584194	68.25084686	1.5532936178297194	66.51991606
1724.125	2.117101005	31.13398364	66.74891536	62.72994901	37.27005099	63.02575197	28.99018714	2.112662512	0.031133984	0.295802963	36.97424803	2.2532617227434772	183.292882924876	25.36338117	1.05950716	1.059088516	176.38865063530767	60.62251619	22.499447545198716	67.07949638	1.4097035055728182	65.87234735
1724.25	2.064586242	31.28810319	66.64731057	62.7297779	37.2702221	63.02773633	29.13369446	2.123120621	0.031288103	0.297958427	36.97226367	2.2737827416119654	184.7633748370632	25.36149637	1.066522083	1.065880447	178.49742423328138	59.92616177	22.499272810553858	68.00553799	1.2708537312874437	65.88001847
1724.375	2.022153209	30.94615344	67.03169335	61.74779625	38.25220375	62.05103884	28.81529039	2.099916896	0.030946153	0.303242589	37.94896116	2.2936971450969965	186.94416189083296	25.42836787	1.07027377	1.069387348	180.66695784539496	61.94604611	22.499037650013822	68.26760769	1.2070132125988984	64.68136907
1724.5	2.048924781	28.9091462	69.04192902	62.30639826	37.69360174	62.61356628	26.91854561	1.961691448	0.028909146	0.307168015	37.38643372	2.3093738429942983	188.9854618650806	25.64362979	1.058566767	1.057671212	181.90576802269575	59.84978627	22.498754971771532	68.60646009	1.2915819367237695	64.33952451
1724.625	2.074789818	28.7993046	69.12590559	63.34321406	36.65678594	63.64845738	26.81626738	1.954237913	0.028799305	0.305243321	36.35154262	2.317963763978497	189.780918512916	25.72551271	1.059616241	1.058706812	181.13796316184423	61.3313944	22.498440630788117	68.82015467	1.5994721178429299	63.90023828
1724.75	2.073436299	30.43613049	67.49043321	61.6829179	38.3170821	61.98011373	28.34038615	2.065308206	0.03043613	0.297195827	38.01988627	2.317531411210654	188.43394726442872	25.95227297	1.049731045	1.048895432	177.4954190387907	60.21402136	22.498112075388896	68.94154549	2.192820355533801	63.81425261
1724.875	2.036616718	28.48819335	69.47518993	61.80629788	38.19370212	62.10795948	26.52657836	1.933126799	0.028488193	0.301661598	37.89204052	2.3074584222450927	184.5038286135425	26.10192407	1.039778917	1.039010207	170.54020047645923	61.14885615	22.497786840717602	66.62085056	3.0779874881874174	70.33137083
1725	2.04204549	27.26108233	70.69687218	63.26008015	36.73991985	63.56724622	25.38396267	1.849858577	0.027261082	0.307166072	36.43275378	2.2887660239074394	178.02487062370778	26.05853665	1.044909008	1.0440325	160.33705929899628	61.80586995	22.49748097839755	70.10422945	4.184242006694041	64.61232305
1725.125	2.027160136	29.31186684	68.66097303	62.53279789	37.46720211	62.84317922	27.29353606	1.989018911	0.029311867	0.310381325	37.15682078	2.2640527302525997	169.4314920512133	26.22707971	1.041247126	1.040277851	147.45473567216806	61.10771847	22.49720764633405	72.91102409	5.417908471156663	71.2076664
1725.25	2.037628025	28.65204758	69.31032439	60.87910605	39.12089395	61.19119477	26.67915006	1.944245476	0.028652048	0.31208872	38.80880523	2.2369519731600325	159.50259942263568	20.10146363	2.403399692	4.050099844	132.8736657840747	54.19204576	22.496976244219937	60.35487652	6.724817518883649	87.45610714
1725.375	12.31793201	86.07524136	1.606826626	88.95484802	11.04515198	89.21296929	69.75856124	13.85960852	2.457071604	0.258121272	10.78703071	2.211338830048367	149.2185071366779	13.86523764	3.72860293	7.014284827	117.82267073286516	50.49326222	22.496792041246145	3.647461534	8.074429924301404	79.66623306
1725.5	12.55859841	85.87373433	1.56766726	89.156763	10.843237	89.41131593	69.59525248	13.82716239	2.451319459	0.254552923	10.58868407	2.190439105508958	139.4770400414774	7.753619148	5.01915447	9.895859471	103.59975341843936	45.74563101	22.496656420640136	9.963536263	9.395569187220476	84.77351665
1725.625	12.25552312	86.14632041	1.598156472	91.71239932	8.287600677	91.96976823	69.81616633	13.87105348	2.459100599	0.257368903	8.030231774	2.176368041324167	130.97868877922232	1.608406707	6.353902664	12.84772243	91.31982607454927	40.14212046	22.49656757282174	1.210534573	10.570820587745889	92.85039902
1725.75	12.20233195	86.17558892	1.622079125	90.32165515	9.67834485	90.57563974	69.83988661	13.87576622	2.459936087	0.253984587	9.424360263	2.170123220482578	124.30363357095172	1.636038548	6.364139504	12.86929767	81.68852611920332	40.27800284	22.496521272915118	0.762087107	11.500849346963655	95.55372
1725.875	12.42935426	85.9569326	1.613713139	87.89296617	12.10703383	88.14774373	69.66267944	13.84055876	2.453694406	0.254777558	11.85225627	2.171539835960201	119.87508540785734	1.684292616	6.355523757	12.83220075	74.90872324216598	41.75647711	22.496511735389227	1.141625643	12.148910479297253	92.82672405
1726	12.77198689	85.5828026	1.645210512	87.63310028	12.36689972	87.88744959	69.35947064	13.78031733	2.443014631	0.254349307	12.11255041	2.179398497725523	117.76076999297719	1.829279885	6.344448949	12.84056661	70.73951694944412	41.19699842	22.49653247206729	1.10373497	12.537358325313015	90.45586586
1726.125	13.10429084	85.2635427	1.632166462	86.55766697	13.44233303	86.80689676	69.1007306	13.72891094	2.433901158	0.249229787	13.19310324	2.191885891917945	117.51333405172383	1.963773518	6.377187042	12.92636373	68.60731405629923	40.73956365	22.496577079513713	1.430225372	12.722449554932776	88.85983825
1726.25	12.8370949	85.52459254	1.63831256	85.278532	14.721468	85.52708746	69.31229505	13.7709445	2.441352989	0.24855546	14.47291254	2.2070730297657706	118.34044686923178	2.089479399	6.402754395	13.00278772	67.7372289336571	39.86725277	22.496639835329205	1.157164574	12.781212588866769	85.88372469
1726.375	13.05465544	85.32420252	1.621142039	83.37337342	16.62662658	83.61806744	69.14989156	13.73867823	2.43563273	0.244694019	16.38193256	2.222889107994681	119.40985743999215	2.248898122	6.51662181	13.23033415	67.40076715014183	39.7068	22.49671616663565	0.370424986	12.78849395264722	86.67710423
1726.5	13.23777768	85.11136053	1.650861791	81.57108333	18.42891667	81.81571362	68.97739654	13.70440697	2.429557022	0.244630284	18.18428638	2.2371313656098635	120.14600341983373	2.339795744	6.666658004	13.49457083	67.13798395128222	40.98676892	22.49680280208081	1.001751423	12.778451799417384	83.04453492
1726.625	13.01698065	85.34286375	1.640155602	82.59300155	17.40699845	82.84406378	69.16501531	13.74168301	2.436165426	0.251062232	17.15593622	2.247991633765794	120.26540076589121	2.406021363	6.730257066	13.62708751	66.88345545842387	40.10001504	22.496897738272835	0.725716352	12.72530420557484	86.59476042
1726.75	13.00822104	85.3744685	1.617310451	82.60775911	17.39224089	82.86120924	69.19062898	13.74677192	2.437067604	0.253450126	17.13879076	2.2545049501016434	119.67464443191244	2.428626438	6.782839656	13.73290802	66.81239483295818	41.95644557	22.49699990939788	0.426101685	12.579196752253143	88.15789223
1726.875	13.02679116	85.38020763	1.593001211	82.23767623	17.76232377	82.489669	69.19528018	13.74769602	2.437231431	0.251992772	17.510331	2.2566810479858743	118.48944920064226	2.382325421	6.821952953	13.81166036	67.12049984937376	41.42467925	22.49710874179739	0.188934803	12.340162283273242	84.28137302
1727	12.89854098	85.50890365	1.592555364	82.73109336	17.26890664	82.9756098	69.2995802	13.76841832	2.440905139	0.244516436	17.0243902	2.2551726032330723	117.04043318929845	2.39667399	6.975746628	14.10925163	67.8625834995594	40.50442623	22.497223689020526	0.975525379	12.074159629215625	85.45613885
1727.125	12.67363591	85.77106207	1.555302015	81.00576311	18.99423689	81.24784586	69.51204308	13.81063037	2.448388615	0.242082751	18.75215414	2.2511641194762175	115.76821163480176	2.392704252	7.02849118	14.217243	68.9720308152422	39.62620861	22.497343679942187	1.077896357	11.867028967138545	86.52721643
1727.25	12.85092127	85.57659551	1.572483219	82.33604689	17.66395311	82.57977216	69.35444018	13.77931788	2.442837446	0.243725271	17.42022784	2.24620053908547	114.92077393088901	2.406249906	7.111146359	14.3518518	70.29873948077943	41.14397268	22.497466638903337	0.846481323	11.768942768002002	86.79889441
1727.375	12.8038487	85.59744319	1.598708108	81.28006494	18.71993506	81.51875203	69.37133592	13.78267472	2.443432556	0.238687093	18.48124797	2.241923725544422	114.54160086654954	2.403731091	7.166372657	14.45584304	71.61493900039268	41.88439996	22.497589142644305	0.735849142	11.791435194515458	81.94255233
1727.5	12.72352357	85.71255152	1.56392491	82.42937376	17.57062624	82.66458715	69.46462396	13.80120916	2.446718395	0.235213388	17.33541285	2.2396213432099925	114.57794614682135	2.330656458	6.942029166	14.07868575	72.66850741297088	40.74250649	22.497706362218175	0.487220287	11.917341804105174	91.25878811
1727.625	13.08072369	85.3806885	1.53858782	84.81784273	15.18215727	85.05249568	69.19566989	13.74777345	2.437245158	0.234652947	14.94750432	2.2401024982380666	115.01544847888249	2.326166843	6.892616307	14.01227342	73.28816575740015	41.9945372	22.49781235314424	0.49072504	12.108275705376569	90.42499661
1727.75	13.04052533	85.41462354	1.54485113	82.75158891	17.24841109	82.99194407	69.22317211	13.75323758	2.438213855	0.240355165	17.00805593	2.243818492357368	115.7683351810362	2.314532106	6.79539867	13.87261374	73.47671615436806	41.99736486	22.497900619623806	0.55757165	12.310344611715571	87.56721616
1727.875	13.13420909	85.30597907	1.559811833	82.22141745	17.77858255	82.46382502	69.13512261	13.73574394	2.43511253	0.242407564	17.53617498	2.2505658028001223	116.5884165648594	2.320140877	6.668131223	13.68749685	73.37210879962382	40.21615978	22.49796490351817	0.364547968	12.469827964924058	86.81139946
1728	13.27950731	85.1968919	1.523600783	82.9648006	17.0351994	83.21380333	69.04671433	13.71817901	2.431998569	0.24900273	16.78619667	2.2592854200344794	117.18442549401888	2.41193707	6.7543116	13.87584977	73.15618101499892	40.38669134	22.49799990912055	0.445216894	12.549584117039947	85.0697279
1728.125	13.33494419	85.16484162	1.500214195	81.19928114	18.80071886	81.44754417	69.02073959	13.71301835	2.431083673	0.248263032	18.55245583	2.2680511833974766	117.45182965377518	2.487688241	6.878605346	14.14027331	72.96660245744677	41.6799194	22.498001888240132	1.402717829	12.535157393754751	82.91172981
1728.25	13.13509689	85.38587976	1.479023357	79.39790313	20.60209687	79.64453946	69.19987708	13.74860933	2.437393345	0.246636333	20.35546054	2.2746117097373375	117.48487312927645	2.503969125	7.015369401	14.43799036	72.84996219103776	40.49300911	22.497969227302992	1.598703861	12.430566005594613	81.11447096
1728.375	12.90936683	85.65051146	1.44012171	80.62995552	19.37004448	80.86992014	69.4143444	13.79121963	2.444947423	0.239964612	19.13007986	2.27674954318859	117.39623640405671	2.572118498	7.164283554	14.74125091	72.79799806781959	39.03493258	22.4979028739686	0.96976757	12.256024254608434	85.78556776
1728.5	13.2173313	85.32212208	1.460546624	79.72835352	20.27164648	79.96457298	69.1482055	13.73834324	2.435573343	0.236219459	20.03542702	2.27295749582656	117.3158519318045	2.556708261	7.097707596	14.64256277	72.75965313375491	41.0097056	22.49780654020059	0.916290283	12.053277563269909	87.71260977
1728.625	13.53791456	84.99470977	1.467375675	82.08282909	17.91717091	82.3205927	68.88285844	13.68562417	2.426227153	0.237763613	17.6794073	2.2628458332540458	117.52350113456018	2.535067726	6.950201503	14.417688	72.65064858849814	40.22524227	22.497686578920455	1.082932949	11.887186055104344	88.00975084
1728.75	13.59327053	84.98016942	1.426560044	80.99065433	19.00934567	81.22611114	68.87107441	13.68328292	2.42581209	0.235456812	18.77388886	2.2471879951901137	118.37013249821852	2.582890391	6.771780359	14.14760046	72.32635450836571	40.50993142	22.497551606353102	0.371259451	11.825511720232058	87.03842163
1728.875	13.85737878	84.7362194	1.406401812	80.26987431	19.73012569	80.5083061	68.67336828	13.64400273	2.418848384	0.238431795	19.4916939	2.227417297510283	120.08110572236045	2.554666613	6.548486789	13.80085028	71.68170678422985	39.51578537	22.497411805182445	0.909334421	11.913545472379152	90.8995986
1729	13.99380705	84.630249	1.375943946	81.97099646	18.02900354	82.21520664	68.58748595	13.62693966	2.415823393	0.244210181	17.78479336	2.205174788283795	122.63328350304394	2.52988165	6.366183413	13.53240765	70.74600125414467	39.91507402	22.49727811709227	1.462727785	12.15922076910282	88.04273009
1729.125	14.32379806	84.33054989	1.345652052	83.86014039	16.13985961	84.10509403	68.3445987	13.5786829	2.407268294	0.244953638	15.89490597	2.1821154694121367	125.82324928255204	2.414986202	6.09393029	13.06715124	69.69513265940593	40.61885605	22.497161228714088	0.595033169	12.541002695012217	89.10285234
1729.25	14.22212189	84.43991375	1.337964362	86.17469843	13.82530157	86.42335893	68.43323121	13.59629238	2.410390154	0.248660503	13.57664107	2.159866557617067	129.25732810644874	2.32176126	5.81647221	12.58576988	68.70354099007027	41.12452015	22.49707060002452	0.76225996	13.018369993645267	88.96396756
1729.375	14.63894732	84.03241823	1.328634454	84.8447924	15.1552076	85.08811175	68.10298176	13.53067852	2.398757939	0.243319354	14.91188825	2.140262548886569	132.37909531397315	2.226783202	5.592755517	12.17199218	67.85991711280855	41.5628646	22.49701358304868	1.62191987	13.537962899974723	86.23957634
1729.5	14.51659143	84.12559934	1.357809227	86.31675956	13.68324044	86.56162291	68.17849919	13.5456823	2.401417853	0.244863353	13.43837709	2.125432144618166	134.60245479532756	2.170145149	5.419615668	11.84526802	67.25549468033995	40.39484129	22.49699461095627	0.654637814	14.039893298498843	86.6394043
1729.625	14.89291093	83.76486275	1.342226319	86.7081906	13.2918094	86.95113064	67.8861449	13.48759745	2.391120401	0.242940034	13.04886936	2.1174440406625905	135.56997603651558	2.235650958	5.329145789	11.67611679	67.06636854766437	40.25075883	22.497014621484293	1.312458515	14.472751492809302	87.51574159
1729.75	15.0043014	83.62072406	1.374974538	84.89121522	15.10878478	85.13711601	67.76932958	13.46438861	2.387005872	0.245900792	14.86288399	2.117538631332078	135.25090457059866	2.202373923	5.260768867	11.53693441	67.45002311852245	41.18544391	22.49707079182237	1.508247852	14.807762832544103	86.01033688
1729.875	14.79257048	83.86199198	1.345437547	86.31540336	13.68459664	86.56788909	67.96486202	13.50323694	2.393893016	0.25248573	13.43211091	2.125652779469935	133.79324706168362	2.26207257	5.222471673	11.48261421	68.38467970474262	40.21249168	22.497156694202875	4.162240028	15.034058884252158	82.37583637
1730	15.07304563	83.58747861	1.339475764	84.77965078	15.22034922	85.03168296	67.74238623	13.45903552	2.38605686	0.252032184	14.96831704	2.140669846295104	131.4417016155051	2.324237513	5.233327064	11.52365075	69.69870189717857	40.85850954	22.497262857298345	0.030475855	15.146072294140325	86.45999432
1730.125	15.21478412	83.47495532	1.310260563	84.76838995	15.23161005	85.02219418	67.65119319	13.44091732	2.382844812	0.253804231	14.97780582	2.1609977935324642	128.59195820742997	2.38011875	5.284827929	11.65134264	71.22194182897091	39.66917865	22.497377719474894	0.741815567	15.140723024696701	85.61416268
1730.25	15.12067478	83.56536442	1.313960791	82.81953068	17.18046932	83.07918689	67.72446408	13.45547475	2.385425597	0.259656202	16.92081311	2.1851313690507945	125.79074058354682	2.506041409	5.431412435	11.95916678	72.78665652007061	40.26007185	22.497488779961046	0.117105246	15.029108793505586	84.41392183
1730.375	14.80611736	83.88512229	1.308760348	81.56325523	18.43674477	81.82195729	67.98360769	13.50696132	2.394553285	0.258702057	18.17804271	2.2115394057333573	123.45780649007106	2.636421704	5.601754076	12.29713272	74.11358673481169	40.82363405	22.497583772810497	-0.328665972	14.839153411096309	84.35795903
1730.5	14.96431683	83.69567049	1.34001268	79.84674251	20.15325749	80.10482272	67.83006894	13.47645629	2.389145265	0.258080214	19.89517728	2.238339194336951	121.72757078152529	2.782089769	5.903564374	12.88353731	74.84944891447745	41.96769137	22.497651878161555	-0.45478344	14.609101844529263	84.63304043
1730.625	14.6235676	84.06662237	1.309810036	78.43176887	21.56823113	78.68938829	68.13070207	13.53618598	2.399734318	0.257619418	21.31061171	2.2629976621448766	120.59137271785046	2.927443162	6.226549155	13.52326562	74.82957324112385	42.11710096	22.497684904119694	0.005841255	14.383443787924648	84.221524
1730.75	14.59510384	84.12145744	1.283438714	76.33031118	23.66968882	76.58382497	68.17514244	13.54501538	2.40129962	0.253513795	23.41617503	2.2825886588858535	120.08642066451125	2.990021611	6.416678643	13.87941918	74.1861128376902	41.15724259	22.49767816999655	1.033121347	14.2115904380687	80.62990308
1730.875	14.35772462	84.32471725	1.317558136	78.40300254	21.59699746	78.66034585	68.33987171	13.57774374	2.407101798	0.257343314	21.33965415	2.294314642129647	120.24448430514707	3.034644235	6.536358425	14.12801124	73.18143869956965	40.75236448	22.49763100090156	0.776326656	14.131483488574982	80.86578846
1731	14.76701028	83.9346842	1.298305522	77.6577658	22.3422342	77.91320294	68.02377449	13.51494165	2.395968061	0.255437135	22.08679706	2.296439591765684	120.96048866289837	3.026786759	6.489041247	14.03149291	71.98857339274629	39.95902181	22.497546811885492	0.670975447	14.14978658773044	83.25670958
1731.125	14.74914789	83.92372103	1.32713108	79.02849864	20.97150136	79.28703187	68.01488953	13.51317639	2.39565511	0.25853323	20.71296813	2.2895209651628923	122.05474322901439	2.957156778	6.254238573	13.56159635	70.74064115924072	40.07322243	22.497432881612824	0.223767757	14.23793936231652	84.65967178
1731.25	15.0934399	83.57327738	1.333282714	80.0887602	19.9112398	80.34219307	67.73087703	13.45674888	2.385651477	0.253432866	19.65780693	2.276647197133903	123.39571564119956	3.010309973	6.08626161	13.24778643	69.66981252855568	41.68496451	22.497299710130818	0.645232201	14.351816376013042	83.0915451
1731.375	15.29498192	83.35066392	1.354354161	78.30381566	21.69618434	78.56268926	67.55046284	13.42090424	2.379296836	0.258873597	21.43731074	2.2620161015838387	124.86301682143637	3.019597094	5.988835099	13.05428025	69.04681912881765	40.34252334	22.497160073064354	0.150430202	14.454997302020036	83.17182064
1731.5	15.17679846	83.49144308	1.331758457	78.21577303	21.78422697	78.46935113	67.66455548	13.44357213	2.383315466	0.253578097	21.53064887	2.248818630919401	126.20986669954664	3.072565918	5.982766166	13.03438832	68.92602838092988	40.53666503	22.497027784028187	-0.127536058	14.53042308912529	82.03999996
1731.625	15.01593817	83.61325052	1.370811309	77.70442377	22.29557623	77.95087265	67.76327274	13.46318524	2.386792535	0.246448884	22.04912735	2.23859281869721	127.1489239602069	3.105083995	6.012939215	13.08782096	69.1231197110788	40.47195348	22.496916418833713	0.460857153	14.572263726602005	79.98116016
1731.75	15.11292474	83.5330548	1.354020455	79.00697231	20.99302769	79.25083166	67.69827916	13.45027234	2.384503298	0.24385935	20.74916834	2.231577083729588	127.64952337000584	3.068629216	6.066211874	13.1800643	69.4628025757869	40.55975281	22.496838059233983	0.707876682	14.57590055512009	81.15675449
1731.875	14.86221732	83.78429239	1.353490284	78.85864532	21.14135468	79.10661015	67.9018914	13.49072596	2.391675032	0.247964835	20.89338985	2.227147253096633	127.95018784656173	3.054805252	6.18690145	13.37809813	69.89010052043612	39.9840639	22.496802106078015	1.325422525	14.539015701473687	82.19130635
1732	14.55802591	84.06809844	1.373875657	77.69566132	22.30433868	77.94221865	68.13189833	13.53642366	2.399776453	0.246557332	22.05778135	2.224095361929944	128.23406890508227	3.051633142	6.251482569	13.48793776	70.28413566583683	40.89144431	22.49681433714419	1.520830393	14.468883269712592	81.53671622
1732.125	14.72022864	83.89389293	1.38587843	77.30079723	22.69920277	77.5401519	67.99071573	13.50837355	2.394803648	0.239354676	22.4598481	2.2213512239830697	128.40157907210977	3.043005595	6.242925977	13.4713448	70.33420223062753	40.97481164	22.49687640432156	0.903856754	14.383075367365848	81.54703379
1732.25	15.1046294	83.54306232	1.352308274	79.30495572	20.69504428	79.54797072	67.70638963	13.45188373	2.384788969	0.243015	20.45202928	2.2185485178546367	128.28951144836577	3.03921121	6.1791831	13.36841969	69.82240782357306	39.25297583	22.496985768040194	0.95693469	14.308047460320847	85.02767086
1732.375	15.15669163	83.52354962	1.319758745	79.42538989	20.57461011	79.66658648	67.69057581	13.44874184	2.384231967	0.241196586	20.33341352	2.2156845575650106	127.90895874917922	2.972894164	5.962349903	12.9823342	68.92351781822819	40.66979669	22.497136030462823	3.376761079	14.278674028519411	79.61995006
1732.5	15.17889206	83.49999757	1.321110365	81.1237433	18.8762567	81.3671645	67.67148836	13.44494955	2.383559659	0.243421201	18.6328355	2.212473608828886	127.38707984287862	2.923097239	5.851791152	12.78906239	68.11675373660461	41.01513125	22.497317661980176	-0.003546476	14.330983549476425	83.43033195
1732.625	14.94577774	83.70867345	1.345548815	79.45987048	20.54012952	79.70964863	67.84060701	13.47854999	2.389516442	0.249778146	20.29035137	2.208421846951614	126.7855487867341	2.882905517	5.845890437	12.79038274	67.72782758740851	39.83803106	22.49751889426851	-0.104218721	14.477453712887183	84.15031433
1732.75	14.96227862	83.73065607	1.307065314	80.38431361	19.61568639	80.62822374	67.85842254	13.48208958	2.39014395	0.243910132	19.37177626	2.2036827087997333	126.16501750804167	2.806006675	5.834266713	12.74646851	67.8142119	42.02568935	22.49772676287701	0.523436069	14.69014302087285	80.82674742
1732.875	14.7592967	83.90209343	1.338609876	81.6573558	18.3426442	81.90177568	67.99736172	13.50969397	2.395037736	0.244419879	18.09822432	2.199254260736673	125.7156289802079	2.81565542	5.850672959	12.75937034	68.37551360087309	40.27961027	22.4979282461983	1.346451044	14.91236950031174	83.62777233
1733	15.09958189	83.53309211	1.367326007	80.79223442	19.20776558	81.04063174	67.6983094	13.45027835	2.384504363	0.24839732	18.95936826	2.196062236156226	125.57160021802778	2.801151493	5.724205229	12.50461485	69.45526156239077	39.691909	22.498111371070827	0.599622726	15.096410003036116	85.86346507
1733.125	15.3984411	83.2109313	1.390627594	80.91832257	19.08167743	81.16518535	67.43721836	13.39840486	2.375308081	0.246862774	18.83481465	2.1941186136587936	125.5618774473887	2.780124244	5.557303537	12.15999525	70.88843807959496	42.013137	22.498266076301505	-0.99568367	15.225684044914525	84.48882699
1733.25	15.57790001	83.0414974	1.380602592	82.36937621	17.63062379	82.61546643	67.29990285	13.37112306	2.370471485	0.246090224	17.38453357	2.1926724976944816	125.3593097193802	2.846784306	5.473160626	11.98676774	72.22731485126326	40.24583111	22.49838482109473	-0.720399618	15.304289054420142	84.45860147
1733.375	15.44227278	83.14642183	1.411305381	80.58609296	19.41390704	80.83274087	67.3849375	13.38801772	2.373466618	0.246647904	19.16725913	2.1907664790296137	124.92702092636031	2.888316995	5.537144766	12.09158401	73.08829354900368	40.97677657	22.498463001384984	0.477534533	15.325677998343691	81.92668557
1733.5	14.98354801	83.60191189	1.414540106	79.21791347	20.78208653	79.46815642	67.75408349	13.46135953	2.386468867	0.250242948	20.53184358	2.187435788368444	124.58088689146211	2.904516212	5.695658939	12.37681304	73.45465206987555	40.40942748	22.498499105006204	2.386528254	15.261868275514711	80.07364869
1733.625	14.7415294	83.84994696	1.408523644	79.24420986	20.75579014	79.49408834	67.9551003	13.50129748	2.393549183	0.249878486	20.50591166	2.1820737195712594	124.59184740009323	2.885223865	5.924963072	12.79443721	73.54466412709067	40.74090981	22.49849444362372	1.485317945	15.086493613044365	82.36302733
1733.75	14.37613268	84.24409296	1.37977436	81.15747655	18.84252345	81.40517787	68.2745308	13.56476183	2.404800327	0.247701323	18.59482213	2.1749716968563635	124.86704560683046	2.754134185	6.060367568	13.0403991	73.41550928360608	40.95672683	22.498452664179265	0.935459137	14.796202630101718	81.94642067
1733.875	14.14882004	84.49594056	1.355239397	83.20513336	16.79486664	83.45118699	68.47863742	13.60531367	2.411989474	0.246053632	16.54881301	2.167301989018962	125.1443596406188	2.616675883	6.07704983	13.07322755	72.96527135292295	39.64874447	22.49837915347966	-0.032740831	14.420114901540373	83.24553967
1734	14.22201265	84.43071551	1.347271848	82.91823703	17.08176297	83.16329275	68.42577662	13.5948113	2.410127584	0.24505572	16.83670725	2.160436418244452	125.34970235063497	2.516723656	6.073941035	13.06593743	72.26802984620657	41.1039504	22.498280385098855	0.370621681	14.013202925717582	87.98259497
1734.125	14.24287876	84.38988978	1.367231458	82.07245211	17.92754789	82.31684733	68.39268994	13.58823765	2.408962189	0.24439522	17.68315267	2.1552763773592387	125.5527096665518	2.431064274	6.090525649	13.09110319	71.63930634941357	41.50869072	22.498163266479395	1.790702343	13.642511920498983	82.79110193
1734.25	13.85821602	84.79131221	1.350471771	83.57856273	16.42143727	83.81824375	68.71801753	13.65287363	2.420421043	0.239681025	16.18175625	2.152242536693777	125.7080761026948	2.40132627	6.150540179	13.18544796	71.28558537921461	39.23879422	22.498034470185218	0.653880835	13.350228914964728	85.25437713
1734.375	13.70874427	84.9238663	1.367389429	83.75328903	16.24671097	83.99582737	68.82544427	13.67421714	2.424204882	0.242538337	16.00417263	2.1513871361237724	125.62784783887162	2.348733635	6.230409601	13.32427571	71.01440719715637	40.33146812	22.497899927651787	0.352042913	13.149470318440958	88.85135055
1734.5	13.60823769	85.06122855	1.330533758	83.99549516	16.00450484	84.24050159	68.93676773	13.69633485	2.428125974	0.245006432	15.75949841	2.1524494372767435	125.28672704615823	2.226019215	6.210692597	13.27436843	70.50615595866762	42.19874652	22.497764554205222	1.294791698	13.039502598466	89.6322906
1734.625	13.6680143	84.99007986	1.34190584	85.96650462	14.03349538	86.20840453	68.87910619	13.68487868	2.42609499	0.241899906	13.79159547	2.1545023615328818	124.83938154559247	2.130621798	6.097620331	13.07326801	69.56607719831725	41.81730154	22.49763206141298	1.270192862	13.018927828219422	88.55221272
1734.75	13.88844563	84.80811722	1.303437146	87.21335174	12.78664826	87.45265367	68.73163694	13.65557953	2.420900752	0.239301931	12.54734633	2.1561468368470207	124.42197367266925	2.031288472	5.969294844	12.84775352	68.28731534154338	40.42603946	22.497504922597923	0.519299507	13.063601781500015	91.41597152
1734.875	13.78609289	84.89882626	1.315080848	87.6199507	12.3800493	87.86444593	68.8051509	13.67018526	2.423490099	0.244495221	12.13555407	2.156186967099923	124.03066885052507	1.927941281	5.813016938	12.54188765	67.00667709808117	41.04458697	22.49738448938311	3.878301382	13.11217297887508	82.29298592
1735	13.70483592	84.95378148	1.341382608	88.29763468	11.70236532	88.54779128	68.84968864	13.67903401	2.42505883	0.250156599	11.45220872	2.1541446113628666	123.84124361306691	1.836943594	5.705689817	12.32121906	66.4538824181854	40.52960211	22.497271151075044	1.14403367	13.069018587911406	85.56268215
1735.125	13.63381979	85.00212667	1.364053537	89.61266286	10.38733714	89.86919895	68.88886937	13.68681842	2.426438874	0.256536087	10.13080105	2.1500404442906857	124.3149503088307	1.739977363	5.693925785	12.2481387	67.69234397252426	38.96700333	22.4971645841228	0.990909338	12.819492907394451	91.07580781
1735.25	13.31248629	85.31543782	1.372075886	90.68039459	9.319605412	90.94144661	69.14278833	13.73726696	2.435382536	0.261052024	9.058553388	2.144288964881116	125.94025977692019	1.617344272	5.612220714	12.03889311	71.78495627002226	40.80257949	22.49706404452776	1.216739416	12.257281050416028	94.99642849
1735.375	13.3908773	85.2047582	1.404364504	92.40825538	7.591744619	92.66185759	69.05308946	13.71944562	2.432223117	0.253602209	7.33814241	2.137908637266009	128.81860977213893	1.466913173	5.488119802	11.75348873	79.26476813980128	41.95295062	22.49696866706849	0.300019979	11.319062697260456	94.87072229
1735.5	13.39537297	85.17777728	1.426849751	94.28410892	5.71589108	94.53637164	69.03122313	13.71510122	2.43145293	0.252262717	5.463628364	2.1320900766288573	132.6940097787632	1.283061848	5.297850556	11.35054372	89.87282953818413	40.68865265	22.496877662866893	1.004046202	10.02471658996751	100.4603028
1735.625	13.57189866	84.98249571	1.445605635	97.03560512	2.964394878	97.28575499	68.87295972	13.6836575	2.425878495	0.25014987	2.714245008	2.1275983533863627	137.20224408257798	1.083891858	5.022957756	10.79814193	102.80105425154609	41.53876337	22.496790447701443	-2.741479874	8.477563366785287	96.62640095
1735.75	13.69118898	84.85564822	1.453162796	98.9649398	1.035060202	99.21609126	68.77015782	13.66323285	2.422257555	0.251151465	0.783908737	2.1248401378043633	142.05413345587985	6.060037989	3.873052624	8.101011812	116.98164611353273	46.83769835	22.496706749246172	-0.341153145	6.828521959851057	81.35008812
1735.875	1.714825653	40.94311543	57.34205891	92.70392044	7.296079557	93.27820788	35.35585473	5.546317588	0.040943115	0.57428744	6.721792117	2.1245781333553384	146.97966767396522	11.0553369	2.777934033	5.51614958	131.26476170976628	49.04210413	22.496626558010803	62.51517534	5.221241907020249	92.45605469
1736	1.749749054	41.2086018	57.04164915	92.18695106	7.813048942	92.76863767	35.58511177	5.582281429	0.041208602	0.581686607	7.231362335	2.1278097084814704	151.6860217676969	16.0803882	1.784088297	3.123966984	144.51525766192609	52.32115639	22.49654996390801	61.24235392	3.7732725757580985	94.45040226
1736.125	1.797056666	41.62309241	56.57985093	90.37962085	9.620379147	90.96056338	35.94303934	5.638429979	0.041623092	0.580942532	9.039436616	2.134921449763798	155.95945116242822	21.23090077	0.843410594	0.842341421	155.80286581525468	57.0679989	22.496477105846804	56.74006343	2.5881606715602574	92.46778488
1736.25	1.807455669	40.73471763	57.4578267	92.17638839	7.823611613	92.76735164	35.17589572	5.518087191	0.040734718	0.590963252	7.232648362	2.1449619648277634	159.75611728419926	21.1281112	0.851753917	0.850672135	164.502940488304	57.54108366	22.49640816433596	57.2535038	1.7525059066292554	93.00404787
1736.375	1.802427241	42.0352996	56.16227316	90.86142736	9.138572636	91.45493804	36.29899509	5.694269208	0.0420353	0.593510676	8.54506196	2.1558527070386186	163.15947011627748	21.07258198	0.855953873	0.85482406	170.3197669860381	57.27360386	22.496343311585015	56.1424017	1.310634546677211	92.57336855
1736.5	1.768978547	41.81761519	56.41340626	91.33832184	8.661678162	91.9375279	36.11101676	5.66478081	0.041817615	0.599206066	8.062472097	2.165221577502283	166.27686130224077	21.19670279	0.843096807	0.842072453	173.4091979043709	56.09939647	22.496282717699074	56.78337216	1.2390253193269098	92.74661541
1736.625	1.820681755	40.15445015	58.0248681	93.84273924	6.157260755	94.43589301	34.67481385	5.439481845	0.04015445	0.593153768	5.564106987	2.1711164274656167	169.19886791966633	21.32129824	0.831139716	0.830253134	174.38852232374262	56.83688624	22.49622650765153	57.97223449	1.4522931956652525	93.89647841
1736.75	1.849307661	39.24793183	58.90276051	95.49050367	4.509496328	96.08315129	33.89200264	5.316681261	0.039247932	0.592647616	3.916848712	2.172467172555299	171.98852710459377	21.58179385	0.805016306	0.80443134	174.1900470286302	58.38269676	22.496174797976373	58.36308599	1.821735186004004	91.34364724
1736.875	1.89510592	38.90310489	59.20178919	98.27728113	1.72271887	98.87575832	33.59423216	5.26996963	0.038903105	0.598477193	1.124241677	2.1695449815743357	174.68393548999438	21.90573796	0.775770338	0.775599073	173.69609056910164	57.70894933	22.496127697769353	58.7669313	2.215583572565711	91.3359046
1737	1.929134735	37.91723528	60.15362998	99.39826544	0.601734562	99.99	32.74289824	5.136419803	0.037917235	0.591734562	0.01	2.16418112809398	177.27050343826153	22.07463956	0.758937266	0.758986057	173.41932649869432	59.18495719	22.496085247820137	59.63211656	2.5355254417817203	91.62397385
1737.125	1.890082836	38.09822014	60.01169703	99.10197836	0.898021645	99.69019011	32.89918518	5.160936733	0.03809822	0.588211758	0.309809886	2.1590399042332353	179.5713786792766	22.12521893	0.753781303	0.753933735	173.45026208041838	56.78075466	22.496047418972466	58.71063471	2.727925686736632	89.08523321
1737.25	1.874821878	38.62633306	59.49884506	97.12564751	2.874352486	97.70008383	33.35522972	5.232477015	0.038626333	0.57443632	2.299916166	2.1563877064043413	181.19541958251176	22.27445234	0.754023417	0.754191168	173.6334185024798	57.58261863	22.49601413554469	59.83350873	2.778526541592547	91.96391106
1737.375	1.888722798	37.38459861	60.7266786	95.5622908	4.437709198	96.12449182	32.28294729	5.064266717	0.037384599	0.562201016	3.875508182	2.1575917587735125	181.71432485665682	22.18711752	0.768408855	0.768520999	173.77818930501553	58.04961302	22.495985302825463	57.19308853	2.6966118602936495	92.21018553
1737.5	1.920011498	39.05614123	59.02384727	93.77631324	6.223686759	94.32331998	33.72638455	5.290700542	0.039056141	0.547006739	5.67668002	2.163293404421565	180.9207923373421	22.24117495	0.772412033	0.772510015	173.67725535894039	59.40651253	22.495960824662994	60.38810611	2.510686254904538	93.93060803
1737.625	1.865592895	37.63373493	60.50067218	96.11989384	3.880106161	96.67019654	32.49808548	5.098015715	0.037633735	0.5503027	3.329803461	2.173367789349813	178.92732900913916	22.27697115	0.777074673	0.777213819	173.25384025059662	58.52580381	22.495940652925597	59.77643132	2.257267040136285	92.67681837
1737.75	1.909514919	38.30342101	59.78706407	94.20128991	5.798710087	94.74184977	33.07638353	5.188734061	0.038303421	0.540559861	5.258150226	2.186334353330791	176.00224559442043	22.03848258	0.787335026	0.787514684	172.5932922263907	57.68634508	22.495924818724273	58.42300057	1.981602532805223	90.66268206
1737.875	1.948919242	39.93775393	58.11332682	94.68841877	5.311581233	95.24274955	34.48768887	5.410127312	0.039937754	0.554330788	4.757250445	2.199271218146584	172.5365499064499	21.8889246	0.794539978	0.794688077	171.8669250003092	56.43497317	22.495913359227725	58.11713338	1.723338204441256	91.42098427
1738	1.908534699	40.70572292	57.38574238	93.08204697	6.917953027	93.62458572	35.15085775	5.514159452	0.040705723	0.542538746	6.37541428	2.208751472130859	169.03131508866275	21.45864701	0.81914003	0.819211682	171.10931180271973	58.55825102	22.495906204369454	57.77239203	1.514798127895584	93.35308075
1738.125	1.869970588	42.40482284	55.72520657	92.26569872	7.734301282	92.79584306	36.61809172	5.744326299	0.042404823	0.530144344	7.204156939	2.212225515724479	166.07491191298413	21.04457228	0.841321874	0.84124252	170.24078062081495	57.83147537	22.495903098565307	56.79848194	1.3750714580631689	93.61571074
1738.25	1.853099793	42.91283971	55.2340605	91.56320107	8.436798928	92.10079823	37.05678258	5.813144288	0.04291284	0.537597154	7.899201773	2.20880417012212	164.01139253816444	20.93093204	0.849553986	0.849386456	169.20548870003466	57.88771141	22.49590351330064	56.42874837	1.3040671633849643	93.31929684
1738.375	1.867935281	41.29284301	56.83922171	92.99713585	7.002864149	93.52781283	35.65785709	5.593693079	0.041292843	0.530676981	6.472187168	2.1992344048058103	162.82780928721337	21.02680254	0.849014847	0.848811723	168.11220644003333	57.28821225	22.495906674603766	56.97029829	1.2800551931371091	91.32239223
1738.5	1.900101353	39.72197324	58.37792541	91.67755468	8.322445318	92.22009571	34.30135446	5.380896799	0.039721973	0.54254103	7.779904287	2.185673312961895	162.29333280135046	21.13279952	0.852165249	0.851922154	167.1544601050828	58.4055571	22.495911740702653	57.08541274	1.280054654400193	91.56196117
1738.625	1.932216756	41.31024684	56.75753641	89.08695649	10.91304351	89.63229637	35.67288592	5.596050671	0.041310247	0.545339876	10.36770363	2.171140970603491	162.30356459457636	21.26573653	0.856498061	0.856282182	166.47575130858064	57.47109911	22.495917993176718	57.30313659	1.3029045613004913	91.6241765
1738.75	1.954967774	41.52658776	56.51844446	87.48292926	12.51707074	88.01468875	35.8597041	5.625357075	0.041526588	0.531759494	11.98531125	2.1584515062406777	162.8427623574293	21.16991377	0.87357892	0.873321276	166.11436929486803	57.16610676	22.4959250112058	56.46342635	1.3583745222524901	89.91355896
1738.875	1.971453862	42.42177031	55.60677583	87.57163227	12.42836773	88.10619549	36.63272647	5.746622071	0.04242177	0.534563222	11.89380451	2.1491285229167567	163.75738637061065	21.05161703	0.88685992	0.886536584	166.11113067447874	56.78106056	22.49593288157199	57.27109909	1.4421350769475991	92.59319305
1739	1.945443984	41.08209159	56.97246443	88.072529	11.927471	88.61927851	35.47586565	5.565143852	0.041082092	0.546749505	11.38072149	2.143468979209163	164.70826000563187	21.07756203	0.882201936	0.881837067	166.48222333632322	58.56494269	22.49594228392015	56.95615411	1.529556055461392	93.26845407
1739.125	1.889058615	41.01506275	57.09587863	90.59133444	9.408665559	91.15302514	35.41798383	5.556063858	0.041015063	0.561690698	8.846974862	2.1414564688400084	165.4219443368327	21.15059778	0.867040071	0.866665353	167.14784529656856	56.33763707	22.495954525665464	57.15973973	1.5974179172370364	92.43811965
1739.25	1.866645504	40.6418727	57.4914818	92.58239238	7.417607618	93.13814843	35.09572078	5.505510046	0.040641873	0.555756048	6.86185157	2.143291983659572	165.8333358778238	21.45120322	0.838146263	0.837852897	167.8717351541285	58.28139448	22.495971435473663	57.92540908	1.6384997010973872	95.1330781
1739.375	1.910856202	38.98179349	59.10735031	94.81690355	5.183096453	95.37977851	33.6621826	5.280629101	0.038981793	0.562874961	4.620221493	2.1491366317801965	165.96253744989707	21.54897245	0.815092333	0.814942094	168.3717023133438	58.42620261	22.495995202550095	57.79300332	1.6612307264992763	91.74215198
1739.5	1.926958346	39.76045989	58.31258176	96.54435899	3.455641013	97.11895451	34.33458908	5.386110355	0.03976046	0.574595524	2.881045489	2.1585933291123145	165.7831761724791	21.60093879	0.797403636	0.79752419	168.4095947055113	56.74121015	22.496028205684848	56.79255128	1.6821945020793907	90.76961279
1739.625	1.973997693	40.14477137	57.88123093	97.68904188	2.310958122	98.24978518	34.66645588	5.43817072	0.040144771	0.5607433	1.750214821	2.1705296165930235	165.323450030069	21.48190994	0.787187721	0.787593205	167.9123683129401	56.30619091	22.496072844395613	57.07473159	1.7176782772016121	91.12477303
1739.75	1.996570546	41.58408772	56.41934173	99.42978359	0.570216408	99.99	35.90935738	5.633146248	0.041584088	0.560216408	0.01	2.1831995262495654	164.78554358968864	21.27549207	0.785148897	0.785761071	166.97190980372022	56.8710133	22.496131332701164	56.80840015	1.7749704063833183	91.24943018
1739.875	2.033851063	40.94315849	57.02299045	99.41699987	0.583000132	99.99	35.35589191	5.54632342	0.040943158	0.573000132	0.01	2.1944441142758073	164.4328902274328	21.00519961	0.792787865	0.793594917	165.73575119721042	57.58568283	22.496205456059947	54.65749502	1.8475142474495705	91.78597927
1740	2.07754289	42.50221676	55.42024035	97.71419351	2.285806491	98.28488865	36.70219487	5.757519667	0.042502217	0.570695139	1.715111352	2.2018679949322375	164.30702828015072	20.89557248	0.80000105	0.800883238	164.3270135970447	57.25890071	22.496296345235848	55.70846796	1.920386915428819	91.306144
1740.125	2.096178199	41.27064937	56.63317243	96.1224227	3.877577304	96.69720564	35.63869208	5.59068664	0.041270649	0.574782947	3.302794358	2.203320366323614	164.2021582713464	20.87918135	0.807508147	0.808425505	162.88332140317786	56.13982309	22.49640419056371	55.526793	1.9805862507399552	90.43726921
1740.25	2.125316757	41.75873512	56.11594812	96.04439435	3.955605654	96.62661359	36.0601717	5.656804681	0.041758735	0.582219244	3.37338641	2.197724564688229	163.9049928835555	20.78156021	0.818445735	0.819373289	161.61474592213054	55.97337553	22.496527940937572	55.11258841	2.021142689108794	91.57919288
1740.375	2.105907824	42.05444601	55.83964616	95.93129337	4.068706627	96.50203465	36.31552871	5.696862857	0.042054446	0.570741276	3.497965351	2.1854112192942186	163.37049965442796	20.69417143	0.82058708	0.821638292	160.69367638572697	56.86156313	22.496665078406718	55.2714169	2.039213143144308	91.38931036
1740.5	2.155031479	43.35246206	54.49250646	98.30183023	1.698169774	98.86509895	37.43641232	5.872697284	0.043352462	0.563268722	1.134901052	2.1679269660486904	162.66390951875294	20.48791454	0.821663554	0.822864176	160.15528453880393	57.02162897	22.496811578598553	54.50459123	2.0348385916180365	91.310215
1740.625	2.155416947	43.32441946	54.5201636	99.4177086	0.582291395	99.99	37.41219652	5.868898521	0.043324419	0.572291395	0.01	2.1478194763747065	161.8128127865046	20.46710255	0.817682053	0.819005715	159.9223462495968	56.39609318	22.49696206735362	54.33579683	2.015502443626528	91.51759148
1740.75	2.177746685	41.85354366	55.96870965	98.25005096	1.749949045	98.82821791	36.14204229	5.669647824	0.041853544	0.578166955	1.17178209	2.128785328110113	160.8368859388035	20.37142404	0.819473319	0.820800518	159.95115680618605	55.814841	22.49711018665024	54.09160256	1.9922113055779684	91.05967283
1740.875	2.132725885	43.02942913	54.83784499	96.86267657	3.137323429	97.45797217	37.15746174	5.828937956	0.043029429	0.595295598	2.542027832	2.1152253032236183	159.80328798568542	20.4449209	0.817285324	0.81844036	160.23563680984432	55.00529869	22.497249097016894	55.13281226	1.9716391653755543	91.31293297
1741	2.075294626	42.64350349	55.28120188	97.9973687	2.002631296	98.59438593	36.82420106	5.776658931	0.042643503	0.597017228	1.405614067	2.1109432966655417	158.86519496078677	20.49679861	0.815383379	0.816405099	160.62322076032407	57.18957065	22.497372012555765	55.06742597	1.9518845655295025	92.14472771
1741.125	2.08234869	42.83465973	55.08299158	99.3959978	0.604002203	99.99	36.98927135	5.802553716	0.04283466	0.594002203	0.01	2.117701394002818	158.1646012878623	20.47287615	0.814157118	0.815024824	160.8049086792892	56.85779575	22.497472691115046	54.76876497	1.930336567942506	91.99751616
1741.25	2.06265202	42.180621	55.75672698	99.3921258	0.607874202	99.99	36.42448535	5.713955023	0.042180621	0.597874202	0.01	2.134584980958663	157.79656002243513	20.45777354	0.809377419	0.810279246	160.58962218327133	54.65529201	22.497545923853558	54.09097672	1.9077477044104834	90.78109264
1741.375	2.118992617	43.11333065	54.76767673	99.39081436	0.60918564	99.99	37.22991373	5.84030359	0.043113331	0.59918564	0.01	2.1583277423781455	157.79412341509865	20.32219832	0.811826773	0.812835526	160.16311575541488	57.21196379	22.49758784005815	53.76213789	1.884606561889091	90.47676325
1741.5	2.131651567	44.00465397	53.86369446	99.39596727	0.604032726	99.99	37.99960352	5.961045799	0.044004654	0.594032726	0.01	2.183986902752312	158.14462742797255	20.1186362	0.820517962	0.821635206	159.9096592953908	54.61131731	22.4975960970675	53.59679461	1.857383425423311	91.48522019
1741.625	2.173107078	44.95453938	52.87235354	99.19379278	0.806207215	99.7894337	38.81986378	6.089721063	0.044954539	0.595640917	0.210566298	2.206118330125033	158.7859220595686	19.89582701	0.829286098	0.830591188	160.0736712832006	56.23260626	22.497569980323878	53.14853191	1.8220200238702469	91.12499952
1741.75	2.181491502	44.47376261	53.34474589	99.41180886	0.588191137	99.99	38.40469573	6.024593125	0.044473763	0.578191137	0.01	2.220146853074004	159.59668181828286	19.8806804	0.829918088	0.831315107	160.67832322847931	56.9698283	22.497510418731665	53.06739807	1.7801187304765098	90.78335762
1741.875	2.159170065	43.24048995	54.60033998	99.34547885	0.654521155	99.92276792	37.33972037	5.857529096	0.04324049	0.577289074	0.077232081	2.2238843025203763	160.42190862371334	20.0359916	0.823650394	0.825063691	161.66712032010892	55.12293706	22.497420027923603	53.45019102	1.7405953528174178	90.97105265
1742	2.116564153	42.34029099	55.54314485	99.41403188	0.585968121	99.99	36.56236614	5.735584557	0.042340291	0.575968121	0.01	2.2179276671917556	161.13240288395235	20.27900898	0.817014422	0.818365017	162.9846455403847	57.4195792	22.497303176084696	54.66226935	1.715524616918427	90.64899683
1742.125	2.139164676	42.41818119	55.44265413	97.62601011	2.373989891	98.21212896	36.62962713	5.746135874	0.042418181	0.58611885	1.787871041	2.2049217017589613	161.66766000003346	20.58952388	0.814267586	0.815421961	164.41201118324645	56.17295051	22.49716590721006	55.63671589	1.7120513062445077	91.65240526
1742.25	2.097225994	41.36061603	56.54215797	94.91839797	5.081602032	95.49068014	35.71638154	5.602873883	0.041360616	0.572282169	4.509319863	2.1881778260753557	162.03283717790836	20.87815646	0.811990261	0.812998449	165.61340328377312	57.51635717	22.49701575569609	56.63970113	1.7299189454907695	92.57303476
1742.375	2.112162781	40.31828568	57.56955154	95.13758769	4.862412306	95.71408924	34.81629173	5.461675659	0.040318286	0.576501548	4.285910759	2.1709806925750743	162.22124771694246	21.04910176	0.80905308	0.810103955	166.36113878404294	57.94270187	22.496861411542955	55.06443381	1.7651446905048989	92.79968739
1742.5	2.155051112	40.52123528	57.32371361	97.63605968	2.363940319	98.19587395	34.99154603	5.489168021	0.040521235	0.559814264	1.804126055	2.1562877598380648	162.17827402832296	21.13513604	0.805368539	0.806518032	166.73280942298516	56.14734094	22.496712252612387	55.23535609	1.8109185312022653	90.24994969
1742.625	2.199300032	41.42831591	56.37238406	97.72052396	2.279476036	98.29621917	35.77484281	5.612044777	0.041428316	0.575695209	1.703780827	2.146169618691306	161.8119078607207	20.95747837	0.804415568	0.805752073	166.89827877737963	54.4562509	22.49657781914142	55.46030402	1.8547460852403748	90.47963619
1742.75	2.164323134	43.08552891	54.75014796	98.586419	1.413581001	99.14730528	37.20590592	5.836537455	0.043085529	0.56088628	0.852694721	2.1412050598820622	161.16219822133203	20.56189171	0.819199232	0.820704356	166.85829386774296	57.92645659	22.496467245604702	54.55744267	1.8827220416583823	90.86756706
1742.875	2.223780211	44.47468464	53.30153515	95.67520665	4.324793346	96.24221861	38.40549193	6.024718027	0.044474685	0.567011954	3.757781392	2.1405559899402924	160.48894082816005	20.32223342	0.831588924	0.833131142	166.48570347700638	56.16154084	22.496388832566623	54.41088676	1.8908748215529962	91.44629836
1743	2.232223071	43.09396755	54.67380938	96.2040085	3.795991497	96.7771513	37.213193	5.837680587	0.043093968	0.573142798	3.2228487	2.142834473251911	160.12355372974235	20.17590619	0.839490368	0.841060761	165.73631916339548	56.188746	22.496349698913995	54.38132882	1.8859654762656124	93.42600703
1743.125	2.225506558	43.02329113	54.75120231	96.74172011	3.258279894	97.3091546	37.15216136	5.828106478	0.043023291	0.567434492	2.690845401	2.1464632168833506	160.1919616404204	20.20944364	0.845045751	0.846642657	164.79721696175034	56.88271044	22.49635543097241	53.90337706	1.8717763255196211	92.0183897
1743.25	2.258716766	42.75785575	54.98342748	95.350168	4.649832004	95.92122931	36.92294835	5.792149544	0.042757856	0.571061317	4.078770687	2.1496170351123807	160.49719094808435	20.23380273	0.843079476	0.844771502	163.94451391473015	54.73021818	22.49640974405436	53.69257331	1.841172092101643	90.94991684
1743.375	2.302311514	44.1268755	53.57081299	96.00437971	3.995620292	96.57946258	38.10514621	5.977602414	0.044126875	0.575082872	3.42053742	2.150536421714122	160.74017255242532	20.18884805	0.847822792	0.849501134	163.43084052991236	56.27516362	22.496514120002146	54.16926146	1.7884918091140072	91.9380784
1743.5	2.262518475	43.60124819	54.13623333	94.93182536	5.068174645	95.51589084	37.6512481	5.906398845	0.043601248	0.584065485	4.48410916	2.1485336661668595	160.71263036964527	20.02351703	0.865988823	0.867453769	163.36030239126708	57.54211358	22.496667449461963	54.14070487	1.7244467056327242	92.30689406
1743.625	2.202949145	45.00478339	52.79226746	92.12291554	7.877084465	92.72040438	38.86325129	6.096527316	0.045004783	0.597488848	7.279595617	2.144218184399855	160.3907986458771	19.93882269	0.872769875	0.874142087	163.6811402237183	56.68087519	22.49686582840033	54.12554145	1.6710929827487195	94.19181347
1743.75	2.265620931	43.71972034	54.01465873	93.96943594	6.030564061	94.57199808	37.75355306	5.922447554	0.04371972	0.602562144	5.428001917	2.138632601496898	159.79118220932986	19.99733743	0.870563399	0.871869866	164.18330231503012	56.83361106	22.497102331121386	53.94624472	1.6426918025115191	93.26739311
1743.875	2.299358185	43.50113438	54.19950743	95.8723457	4.127654304	96.47426645	37.56479622	5.892837029	0.043501134	0.601920756	3.525733548	2.1325571968951387	158.93712719692525	20.06808579	0.862222233	0.86354304	164.56788102670743	56.26089592	22.497367021197007	53.69840264	1.6369231256519252	91.1870122
1744	2.238919103	42.76432086	54.99676004	97.34783304	2.652166961	97.93802628	36.9285312	5.793025333	0.042764321	0.590193238	2.061973723	2.126618021536529	157.87617789769124	20.36263606	0.833323486	0.834853178	164.6453832542428	56.52220478	22.497647293453173	54.39584851	1.6448096681682391	92.50231981
1744.125	2.192638474	41.55567799	56.25168353	99.41196202	0.588037981	99.99	35.88482456	5.629297753	0.041555678	0.578037981	0.01	2.121546141399158	156.74637235300304	20.40741969	0.81948658	0.821063739	164.41107471348948	57.14118319	22.49792849166542	54.34905291	1.6589732419236307	91.78898335
1744.25	2.185578784	43.10239223	54.71202899	99.39652399	0.603476009	99.99	37.22046801	5.838821828	0.043102392	0.593476009	0.01	2.1177820284039846	155.69212845113316	20.32322775	0.815486591	0.816996975	164.03909040642435	55.79583418	22.498194989073117	54.03663516	1.67179142197008	90.89131355
1744.375	2.183023414	44.38529936	53.43167723	99.38797766	0.612022341	99.99	38.32830452	6.01260954	0.044385299	0.602022341	0.01	2.1151833910070765	154.77828546846683	20.05354021	0.822619511	0.824044872	163.67786232614608	56.52823919	22.498431388899746	53.7763238	1.674869552633705	91.15900993
1744.5	2.158273527	45.6792497	52.16247678	99.38297568	0.61702432	99.99	39.44567724	6.18789321	0.04567925	0.60702432	0.01	2.1132718846717626	154.07182598249912	19.80598921	0.832737077	0.834005675	163.39829179609018	56.59715177	22.498623618967457	52.24199891	1.670734172705893	90.71674347
1744.625	2.111983358	44.31036585	53.57765079	99.38341289	0.616587107	99.99	38.26359674	6.002458749	0.044310366	0.606587107	0.01	2.111695747808955	153.7410797359231	19.57638115	0.842478691	0.843713043	163.14983030597725	55.32729401	22.498759946249713	52.30486989	1.6730332700525419	90.99223614
1744.75	2.156677054	45.61275686	52.23056609	99.395251	0.604748999	99.99	39.38825828	6.178885825	0.045612757	0.594748999	0.01	2.1103187804471117	153.9355755736092	19.60871525	0.841271926	0.842413469	162.8526913750485	55.11095968	22.49883177616298	52.14610696	1.6906777508337232	91.26578569
1744.875	2.098712775	44.11775847	53.78352876	99.3956217	0.604378304	99.99	38.09727332	5.976367385	0.044117758	0.594378304	0.01	2.1091617784611585	154.5368105436219	19.61375794	0.841223409	0.842249053	162.5102709828833	55.2547169	22.49883423881371	50.39125681	1.7133921274234871	90.40670395
1745	2.07217935	45.70848599	52.21933466	99.3808614	0.619138597	99.99	39.47092383	6.191853675	0.045708486	0.609138597	0.01	2.108583884907287	155.14857733078384	19.55964379	0.843688661	0.844608799	162.22089793414398	55.85284398	22.498766517657785	52.24702358	1.7208070141514082	91.79006815
1745.125	2.018854435	44.98597902	52.99516655	99.3886694	0.611330604	99.99	38.84701304	6.093980001	0.044985979	0.601330604	0.01	2.1092749715289485	155.4626978723259	19.53733813	0.845000837	0.845693764	162.1059726062378	56.28471619	22.498631888318535	52.26126909	1.70011396750046	91.54472947
1745.25	2.016349016	45.99040944	51.99324154	99.3720434	0.627956597	99.99	39.71437488	6.230044149	0.045990409	0.617956597	0.01	2.112011566676567	155.5031285980839	19.30742928	0.855327142	0.855811696	162.13731211369281	56.24390675	22.498437599908375	52.22737193	1.6519120168860058	92.8771615
1745.375	1.993650041	46.70546399	51.30088597	99.35797047	0.642029532	99.99	40.33185024	6.326908288	0.046705464	0.632029532	0.01	2.1170069515201586	155.52582638467655	19.32902715	0.856310633	0.856525084	162.18778719556616	57.30950208	22.498194392221507	52.07031369	1.5851090926546356	93.03061366
1745.5	1.935747081	45.6317883	52.43246462	98.61404869	1.385951314	99.26362207	39.40469261	6.1814639	0.045631788	0.649573386	0.736377928	2.123653133159107	155.68156683160944	19.40641731	0.853176145	0.853278445	162.14461824454605	55.99553465	22.497915660972623	52.17596292	1.5131167795451683	91.45998955
1745.625	1.987008072	44.18039672	53.83259521	99.34867959	0.651320413	99.98741261	38.15136371	5.984852613	0.044180397	0.638733023	0.01258739	2.130787749108233	156.02850476315285	19.64018278	0.84938279	0.849364093	162.08056750093965	56.06439651	22.49761640526792	53.18037868	1.4553302556661623	90.72446823
1745.75	1.99330782	43.58205212	54.42464006	96.53403794	3.465962058	97.16529855	37.6346716	5.903798468	0.043582052	0.631260609	2.834701449	2.1374946006948345	156.68749745668543	19.95741233	0.845828164	0.84573782	162.1794218062785	56.31543552	22.497312009129182	54.43736315	1.4317576842405009	91.12277031
1745.875	2.004365949	43.42437814	54.57125591	94.74074468	5.259255324	95.35997335	37.49851444	5.882439322	0.043424378	0.619228679	4.640026646	2.143307447532874	157.8580766931569	20.1963516	0.843724687	0.843690476	162.56081843190898	57.21341406	22.49701703429858	54.36765552	1.4547977544706496	91.27918482
1746	2.004527613	43.11054666	54.88492573	94.91451156	5.085488436	95.53494977	37.22750965	5.83992646	0.043110547	0.620438208	4.465050228	2.14799783308022	159.59567891533283	20.3160886	0.847751049	0.847688331	163.20808267193988	56.12433116	22.496744098759933	54.6163857	1.5238812929771792	92.29584932
1746.125	1.994092003	43.02090545	54.98500255	95.22329902	4.776700982	95.83136687	37.15010124	5.827783304	0.043020905	0.608067852	4.16863313	2.151314554696589	161.67941501115206	20.38747213	0.844581009	0.844546931	163.95969005789863	57.67795118	22.496502836012795	55.13163209	1.6267838142839646	91.37846231
1746.25	1.942284147	42.85407602	55.20363983	96.67437396	3.325626042	97.26591282	37.00603802	5.805183925	0.042854076	0.591538865	2.734087177	2.153040393224756	163.7906231429847	20.5002538	0.841444909	0.841463971	164.6016149612908	57.22928006	22.496299350394956	55.66189289	1.7416729490594038	93.19380522
1746.375	1.995418057	42.23741526	55.76716668	94.06227681	5.937723193	94.6460715	36.47352925	5.721648601	0.042237415	0.583794694	5.353928499	2.152925494981197	165.65703616346522	20.67216518	0.834530985	0.834637364	164.90588928285837	58.56449453	22.496136126500843	56.58939481	1.8388345453607342	93.69322658
1746.5	2.033273653	41.22858176	56.73814459	94.87168168	5.12831832	95.4709065	35.60236518	5.584987994	0.041228582	0.599224821	4.529093498	2.1506883805314603	167.0880407674245	20.97187414	0.820954196	0.821223205	164.80054169353173	56.99493811	22.496012419765407	56.72758222	1.8911271521247819	93.19850206
1746.625	2.069124246	39.68575646	58.24511929	96.02114668	3.978853318	96.61081301	34.27007997	5.37599073	0.039685756	0.589666324	3.389186994	2.1463476148163836	167.8532706984598	21.19868272	0.815764373	0.816137747	164.38185320527978	57.29732565	22.49592513155397	57.30823874	1.8862124107793985	91.80122614
1746.75	2.030827383	40.38291047	57.58626215	94.88638379	5.113616208	95.46206439	34.87209757	5.470429991	0.04038291	0.575680601	4.537935607	2.1406064180196323	167.858444677359	21.52684971	0.804327773	0.804755131	163.8599410530163	55.51375134	22.495869675363238	57.04436302	1.8318598171311224	90.50283432
1746.875	1.993223626	38.71144946	59.29532692	93.5013095	6.498690505	94.06239292	33.42873079	5.244007221	0.038711449	0.561083426	5.937607079	2.134801916145484	167.2952089473095	21.64446138	0.799678999	0.800208694	163.37607321602147	57.14428286	22.495840836382367	58.07883143	1.746301203334907	92.47421026
1747	2.018417311	39.96963843	58.01194426	94.94749892	5.052501075	95.49193931	34.51522228	5.414446514	0.039969638	0.54444039	4.508060685	2.1301555089123236	166.57667832668554	21.63370722	0.797108111	0.797661829	162.94272510502043	58.30780401	22.495833639321233	57.9064548	1.646197679387107	93.221277
1747.125	1.985763423	39.82840793	58.18582865	97.52963543	2.470364573	98.07373917	34.39326465	5.395314867	0.039828408	0.544103742	1.92626083	2.127334579235412	166.01569291320772	21.80417208	0.781800032	0.782495026	162.55289178983767	57.45672716	22.49584406100665	58.51466656	1.5398438064997442	91.89227819
1747.25	2.004587404	38.40891194	59.58650066	99.42455704	0.575442955	99.96623474	33.16747874	5.203024283	0.038408912	0.541677692	0.033765263	2.1265132231753032	165.70112075698478	21.82600317	0.771077765	0.771886085	162.33398469359759	57.63941909	22.495869576252844	58.23633075	1.4326872103709607	91.42439365
1747.375	1.958266929	38.34259182	59.69914125	98.40191521	1.598084794	98.93917412	33.11020894	5.194040296	0.038342592	0.537258915	1.060825879	2.1278727858138735	165.6646751950663	21.86445283	0.760566151	0.761449024	162.51481952380084	57.79334308	22.495909502506795	56.24477267	1.342441466963212	90.72734118
1747.5	1.963764215	39.45168314	58.58455264	99.46784662	0.532153385	99.99	34.06794923	5.344282226	0.039451683	0.522153385	0.01	2.13161610169577	166.00570802908544	21.91647955	0.759063649	0.759961166	163.225617583965	58.49007452	22.49596507239457	59.49430466	1.3028115900616402	92.56537557
1747.625	1.983890416	39.27425474	58.74185484	97.3463885	2.653611496	97.88112939	33.91473342	5.320247067	0.039274255	0.534740883	2.118870613	2.1379197807459427	166.81765967656818	21.78054939	0.772677761	0.773543337	164.41585960551626	58.01726542	22.49603926364804	58.1274569	1.3504037543695007	92.15278625
1747.75	2.04108366	39.99586573	57.96305061	95.06225318	4.937746819	95.59227679	34.5378705	5.417999368	0.039995866	0.530023608	4.407723211	2.146801062091834	168.04834766482264	21.55700231	0.786586277	0.787508947	165.88139892406426	58.47895087	22.496136242592698	58.30543637	1.5022569344287908	92.18583703
1747.875	2.078293766	40.74900109	57.17270515	95.4720931	4.527906895	96.01352879	35.18823	5.520022085	0.040749001	0.541435683	3.986471212	2.1580089572844914	169.47972022909593	21.53737423	0.79742475	0.798309263	167.29558669253774	56.82203836	22.49626056508506	57.32450485	1.7454846813580889	92.18909144
1748	2.041615814	39.7631109	58.19527329	94.45125238	5.548747616	94.98588233	34.33687832	5.386469471	0.039763111	0.534629945	5.014117671	2.170801375205148	170.8189611352145	21.51699418	0.807703592	0.808560693	168.29531225194387	56.75740326	22.49641625731725	58.62299204	2.0373151071046784	93.19663048
1748.125	2.056965882	39.58634291	58.35669121	92.79065955	7.209340448	93.33059131	34.18423279	5.362523775	0.039586343	0.539931761	6.669408687	2.1837622921049897	171.71257440468457	21.59368958	0.813480125	0.814184355	168.67494493405823	58.6706302	22.496605875244505	58.31572413	2.3169616869317102	92.25264192
1748.25	2.017621179	39.32184654	58.66053228	91.14813351	8.851866489	91.69715103	33.95583065	5.326694043	0.039321847	0.549017516	8.302848974	2.1950853787740865	171.903370768866	21.64058709	0.824463147	0.824919985	168.500836296359	57.32901093	22.49682963698384	58.41373205	2.5284494146647325	92.66153574
1748.375	1.979386442	40.51994385	57.50066971	89.88059032	10.11940968	90.42191399	34.99043083	5.488993079	0.040519944	0.541323666	9.57808601	2.2030790919756447	171.3126836129725	21.5394388	0.840556541	0.84078798	168.00411856423096	58.89046097	22.497084606034125	57.92959332	2.6427093814997002	92.89423227
1748.5	1.973009175	41.09291203	56.9340788	89.2206045	10.7793955	89.76042688	35.48520949	5.566609632	0.041092912	0.539822373	10.23957312	2.206780144201187	170.13393609687137	21.3355978	0.853114918	0.853260955	167.41027606734102	56.91316438	22.49736420516021	56.29157424	2.6612712460256533	90.23284912
1748.625	2.007118862	41.89785901	56.09502213	90.89848319	9.101516815	91.42428336	36.18031019	5.675650957	0.041897859	0.525800171	8.575716644	2.2059437791259184	168.59107963125933	21.00575656	0.870478695	0.870517743	166.83133200958991	56.61254417	22.49765831426845	54.62837219	2.591152569758976	86.66115403
1748.75	1.954204413	42.99276479	55.0530308	89.57744049	10.42255951	90.11278264	37.12580076	5.823971258	0.042992765	0.535342151	9.887217356	2.200893218033624	166.81960198119899	20.84371686	0.880502366	0.880395686	166.30021156088446	55.29947479	22.497953797661587	54.23346758	2.4252343848560196	86.68072224
1748.875	1.904616104	42.37331303	55.72207087	88.59325856	11.40674144	89.13991603	36.59088186	5.740057853	0.042373313	0.546657477	10.86008397	2.192421925373928	164.81198042500452	20.7302783	0.883758932	0.883548273	165.796445739695	56.6252832	22.4982355702253	55.75777888	2.153907831692724	92.0771122
1749	1.91674857	42.34235443	55.740897	89.8595713	10.1404287	90.4204951	36.56414799	5.735864078	0.042342354	0.560923797	9.579504905	2.1817707598520757	162.5699050403519	20.77566169	0.883400071	0.883004461	165.29901726077136	57.37405655	22.49848783466332	55.92748523	1.8017392400146097	93.13490987
1749.125	1.897083796	41.51579685	56.58711935	90.31396708	9.686032922	90.86074536	35.85038576	5.623895295	0.041515797	0.546778287	9.139254635	2.1702044490909262	160.22828624151524	20.85874603	0.877017308	0.876594399	164.80139288672933	57.00022804	22.498695234326355	55.77477217	1.4381378437688104	92.68356562
1749.25	1.934473822	42.07201054	55.99351564	90.72374102	9.27625898	91.27705003	36.33069631	5.699242218	0.042072011	0.553309008	8.722949972	2.1584358653487916	158.10488889183927	20.88579475	0.87419072	0.87371425	164.39487850782245	56.19281632	22.49884405453308	56.29621744	1.1464124615306226	92.92593002
1749.375	1.883101542	42.07562212	56.04127634	89.26253335	10.73746665	89.8309969	36.33381504	5.699731457	0.042075622	0.568463549	10.1690031	2.146656234127133	156.62590171464436	20.77754069	0.877114942	0.876586309	164.22161564923948	57.72318425	22.49892339781689	55.72376251	0.9860809328490703	93.23472381
1749.5	1.904074691	43.49864139	54.59728392	90.58636566	9.413634339	91.16874853	37.56264343	5.892499318	0.043498641	0.582382872	8.831251467	2.1350268163490838	156.12521420519383	20.59608538	0.886438772	0.88574288	164.37381502137322	56.40968926	22.498926217179584	55.56814075	0.9795502396127467	92.71992445
1749.625	1.862007679	43.52379195	54.61420038	89.70917633	10.29082367	90.29683865	37.58436184	5.895906313	0.043523792	0.587662325	9.703161346	2.1242232848901987	156.73326670812384	20.46174315	0.895902062	0.895013657	164.83447098044994	57.76164949	22.49885016653726	55.19140363	1.1142352837657576	92.66554713
1749.75	1.880595436	43.61323652	54.50616805	89.28956442	10.71043558	89.87666734	37.66160045	5.908022831	0.043613237	0.587102925	10.12333266	2.115381715931307	158.28819533351933	20.43248408	0.899125002	0.898222813	165.5157188226851	56.2000852	22.49869817820078	55.48698902	1.339716063040275	92.67928004
1749.875	1.906332692	42.39886667	55.69480064	88.47305032	11.52694968	89.04722689	36.61294835	5.743519451	0.042398867	0.574176567	10.95277311	2.1098103208096757	160.413375881993	20.59718715	0.89341039	0.892576133	166.32213606992164	57.31781167	22.498478564804138	54.66381907	1.5828724482908778	91.98411107
1750	1.948042954	41.70157551	56.35038154	90.0087707	9.991229298	90.58224017	36.01081232	5.649061612	0.041701576	0.573469468	9.41775983	2.1087801569029248	162.72080452890933	20.87244457	0.884759888	0.883998319	167.13358403286233	56.99928758	22.498204669576165	56.81295395	1.7903730579423396	92.05186367
1750.125	1.901761345	40.55735566	57.54088299	88.44946657	11.55053343	89.02104491	35.02273727	5.494061032	0.040557356	0.57157834	10.97895509	2.113327569996441	165.04895887107747	21.30676174	0.873480138	0.872661402	167.86116927836153	56.30502619	22.497894041183372	56.32892251	1.9580535105031336	87.39835024
1750.25	1.859591273	39.02244078	59.11796795	86.50459666	13.49540334	87.09158237	33.69728299	5.286135344	0.039022441	0.586985709	12.90841763	2.1237230697980274	167.40966770495356	21.66600288	0.863478909	0.862627117	168.45394959509247	56.53239286	22.49756725672503	58.3679378	2.1034665258062133	87.14011312
1750.375	1.890540416	38.58864042	59.52081916	86.56628637	13.43371363	87.14052297	33.32268076	5.227371019	0.03858864	0.574236601	12.85947703	2.138972525197409	169.72316317270847	22.01111955	0.861825806	0.860826673	168.93573609308453	57.80231902	22.497246476729213	59.52964425	2.217043102682506	88.7082696
1750.5	1.89363146	38.17311271	59.93325583	85.07880277	14.92119723	85.64386702	32.96385762	5.171081979	0.038173113	0.565064251	14.35613298	2.1571588126706134	171.6928774688325	22.10301061	0.867419511	0.866374164	169.32844163591207	58.76599075	22.496953823719295	60.12604237	2.266119753036355	90.4080689
1750.625	1.924908092	39.66680299	58.40828892	84.75822967	15.24177033	85.31704627	34.25371297	5.373423217	0.039666803	0.558816605	14.68295373	2.1761965772445278	172.98284975321275	21.99139873	0.881197139	0.880168015	169.59098776666784	59.28372136	22.49670965260529	59.50120091	2.2425239251196847	88.91536593
1750.75	1.892418933	40.31819115	57.78938992	83.00171696	16.99828304	83.5442556	34.8162101	5.461662853	0.040318191	0.542538641	16.4557444	2.194471218910753	173.4496263282188	21.97988814	0.892093941	0.890980341	169.63756884918027	57.21318541	22.49653089631849	58.70380402	2.182550134490639	85.7683301
1750.875	1.84513001	38.87349462	59.28137537	82.5510698	17.4489302	83.08751799	33.56866262	5.265958505	0.038873495	0.536448191	16.91248201	2.210882011421554	173.2020118338886	22.03919795	0.894522982	0.89338789	169.48767091347	57.58049647	22.496429852656746	58.92378092	2.131604045598166	84.42938924
1751	1.842070974	37.62715246	60.53077657	83.2486689	16.7513311	83.78025255	32.49240128	5.097124028	0.037627152	0.531583653	16.21974745	2.224766447708882	172.47820576049014	22.165444	0.892081076	0.890912495	169.31220963672635	57.80073656	22.49641342476238	59.48658586	2.109989035437449	85.57393551
1751.125	1.824021216	38.4060124	59.76996639	83.76100252	16.23899748	84.2839642	33.16497489	5.202631499	0.038406012	0.522961677	15.7160358	2.235783412084337	171.5857248199165	22.41297566	0.87756842	0.876474479	169.31437900452	58.21510966	22.49648275074139	59.56248641	2.116725301002255	86.40549183
1751.25	1.819031365	37.64108497	60.53988367	84.6988815	15.3011185	85.21466741	32.5044325	5.099011381	0.037641085	0.515785906	14.78533259	2.2439698893407654	170.87908415666524	22.3649852	0.870868482	0.869877067	169.65926467280048	57.58795094	22.496633285059442	60.0820899	2.1429053757956043	86.80155277
1751.375	1.776077105	39.34057023	58.88335267	85.86703354	14.13296646	86.37091944	33.97199923	5.329230428	0.03934057	0.503885898	13.62908056	2.24945123664463	170.67125551088486	22.36098129	0.870730043	0.869818161	170.53544267381872	58.83245736	22.496854966139487	59.98521447	2.164177010104635	87.61552572
1751.5	1.820790773	37.68266293	60.4965463	83.36794721	16.63205279	83.85959748	32.54033657	5.104643698	0.037682663	0.491650273	16.14040252	2.2521696663754716	171.00173956394877	22.52814747	0.860058053	0.859277758	172.07544290060773	56.9332147	22.497132752939244	60.06208658	2.136801745592854	88.22772503
1751.625	1.78910236	36.57308406	61.63781358	85.45885684	14.54114316	85.94095933	31.58217526	4.954335722	0.036573084	0.482102492	14.05904067	2.252023668598733	171.6833136768134	22.55121627	0.859942759	0.859261415	174.2370769737989	58.03649467	22.49744764661046	60.64878106	2.0302785046860543	88.2255435
1751.75	1.81988084	37.40173752	60.77838163	84.39592138	15.60407862	84.8684837	32.29774736	5.066588423	0.037401738	0.472562319	15.1315163	2.2493529065271254	172.5850927099888	22.84798454	0.851518317	0.851001183	176.787452356409	57.30413059	22.497778096280108	60.78453064	1.8617709231294954	87.0036602
1751.875	1.870593845	36.10209002	62.02731614	84.65527886	15.34472114	85.13255108	31.17545494	4.890532992	0.03610209	0.477272215	14.86744892	2.2448531359127575	173.83406598427905	22.96918799	0.843735587	0.843354888	179.47235752115586	58.15685675	22.498101689293776	61.22436523	1.6792984951675833	84.66681838
1752	1.847244068	36.31605833	61.8366976	84.61072143	15.38927857	85.07735872	31.36022428	4.919517992	0.036316058	0.466637289	14.92264128	2.2389723495562044	175.52440103916913	23.16105529	0.839668482	0.839340762	182.06273061797953	57.56099542	22.498396871812464	62.25516796	1.5115116088380067	86.73985004
1752.125	1.81253743	34.51809834	63.66936423	84.28933949	15.71066051	84.75691488	29.80762107	4.675959166	0.034518098	0.467575397	15.24308512	2.231876171568098	177.48928186711504	23.53698944	0.829398992	0.829086489	184.35477256316028	59.00878444	22.498644544906583	64.22300935	1.3535878671356685	88.47514391
1752.25	1.787784271	33.40125321	64.81096252	83.05341548	16.94658452	83.51272839	28.84318508	4.524666874	0.033401253	0.459312911	16.48727161	2.224101420033333	179.3927689956726	23.94953561	0.816990553	0.816674998	186.1559161778568	59.55257436	22.498829263361785	65.63130021	1.2020717728220276	88.2823348
1752.375	1.778422273	31.73013192	66.4914458	83.93396455	16.06603545	84.38979771	27.40011167	4.298290125	0.031730132	0.455833157	15.61020229	2.2171386119669125	181.09758460538347	24.45777438	0.806098392	0.805771111	187.30673592131296	60.58849948	22.498940153777426	64.22803402	1.0771499227500647	87.65275478
1752.5	1.798419469	30.93913899	67.26244154	81.89736067	18.10263933	82.35067369	26.71706078	4.19113907	0.030939139	0.453313018	17.64932631	2.2131153157898806	182.6258533250841	24.75082438	0.801181193	0.800934371	187.73934954744698	59.93307352	22.498971487748086	67.54384041	0.998096513271666	87.04252243
1752.625	1.848708059	31.38994538	66.76134657	82.21488111	17.78511889	82.66032374	27.10634833	4.252207099	0.031389945	0.445442626	17.33967626	2.214326709903246	183.92314542151792	25.07838181	0.790438878	0.790382784	187.5002625514134	61.2838981	22.498922850588322	67.84049869	0.958035875366887	87.49084473
1752.75	1.878761188	29.79829641	68.32294241	83.05832936	16.94167064	83.49763854	25.73190212	4.036595987	0.029798296	0.439309185	16.50236146	2.2226169059439216	184.79968139487826	25.09258731	0.792930498	0.792973215	186.73093272497255	60.30039186	22.49879893909845	67.44959354	0.9405320731458922	86.33412123
1752.875	1.849928596	31.56693567	66.58313573	82.6654064	17.3345936	83.09675926	27.25918583	4.276182911	0.031566936	0.43135286	16.90324074	2.238725337542892	185.21712341873993	25.04117336	0.796632917	0.7967593	185.60132372662474	60.06391967	22.498608968419	67.92434454	0.9466117492206432	86.68366671
1753	1.88757681	31.46295905	66.64946414	81.05326468	18.94673532	81.49645268	27.16939827	4.262097823	0.031462959	0.443188002	18.50354732	2.261462352125855	185.37298767423684	25.05163829	0.79774133	0.797979262	184.274052672584	60.5173208	22.498365768481243	67.34024286	0.9850694169471579	84.75911617
1753.125	1.940312398	31.23626431	66.82342329	81.59495256	18.40504744	82.02740886	26.9736392	4.23138885	0.031236264	0.432456303	17.97259114	2.287649367219209	185.43279103306324	25.00071946	0.805884363	0.806141706	182.89895334332437	59.74477312	22.49808472677458	67.68990159	1.0527070614640486	83.09153318
1753.25	1.952605326	30.38877724	67.65861743	80.32403893	19.67596107	80.75578195	26.24180359	4.116584874	0.030388777	0.431743021	19.24421805	2.313075429822948	185.39516983893142	25.28127001	0.807443073	0.80780622	181.59244538171717	60.95374027	22.497782650994985	68.41466427	1.144991898348532	85.35442352
1753.375	1.997803981	28.5797019	69.42249412	78.34908224	21.65091776	78.77750119	24.67960188	3.871520318	0.028579702	0.428418955	21.22249881	2.3338956566500713	185.28149152305025	25.458386	0.806035406	0.806605608	180.4682454086185	60.71405612	22.497476552132195	69.43176985	1.2776567481787948	83.6279273
1753.5	2.054477681	29.50264685	68.44287547	79.2663876	20.7336124	79.69188878	25.47659808	3.996546119	0.029502647	0.425501182	20.30811122	2.3474616546164047	185.28241100695897	25.50903703	0.812333871	0.813030631	179.57748562182215	60.83373266	22.4971824324061	69.52206492	1.470932528143919	83.73800516
1753.625	2.091089939	30.70227199	67.20663807	78.42235031	21.57764969	78.84068749	26.5125176	4.159052122	0.030702272	0.418337184	21.15931251	2.3524698689839405	185.51085390207749	25.64599616	0.809682661	0.810507008	178.92103388603084	61.95414234	22.49691411466154	69.01143789	1.7149059988165507	83.69984627
1753.75	2.048114773	28.87266486	69.07922037	79.60285541	20.39714459	80.02775636	24.93258595	3.911206249	0.028872665	0.424900956	19.97224364	2.3491490743369003	185.7898613910366	25.50227985	0.811135984	0.812011916	178.47114095208352	59.75009208	22.496682188817346	68.00435185	1.967035099302938	83.12005401
1753.875	2.011259941	30.08359626	67.9051438	79.59155437	20.40844563	80.00629814	25.97826882	4.075243842	0.030083596	0.414743764	19.99370186	2.3393320918746126	185.85107361424605	25.36913663	0.812626469	0.813468387	178.22345935736686	59.94139983	22.496493488210056	68.23478937	2.1844879929076435	84.53338742
1754	1.98643361	30.94596476	67.06760163	80.4149794	19.5850206	80.82569632	26.72295508	4.192063716	0.030945965	0.410716923	19.17430368	2.3260396884791117	185.67595954107662	25.48577401	0.80257997	0.803461989	178.1630337403628	60.38115384	22.496351019381613	67.34883785	2.3439315871232447	80.07569313
1754.125	2.044116289	29.38426462	68.5716191	80.89713	19.10287	81.31141701	25.37437076	3.98050959	0.029384265	0.414287013	18.68858299	2.3126476752364455	185.5321207914605	25.51872959	0.803868484	0.804756605	178.2493112418356	58.58394739	22.49625425876367	67.37187505	2.434540762095554	77.99295187
1754.25	2.036061859	28.55612814	69.40781	78.67998513	21.32001487	79.08986142	24.65924509	3.868326923	0.028556128	0.409876289	20.91013858	2.3022282641079097	185.70629594069553	25.62780731	0.806897481	0.807716499	178.5085899963119	60.43488863	22.49619964519611	68.65793467	2.4507279632002597	80.87390661
1754.375	1.99139768	29.00185418	69.00674814	77.05589479	22.94410521	77.47173411	25.04414558	3.928706749	0.029001854	0.415839317	22.52826589	2.29707764364078	186.31288177370737	25.83309754	0.813833871	0.814524898	179.05420933658266	59.81084772	22.49618109555547	68.7684536	2.400189175730995	76.96669102
1754.5	1.985906701	28.90079734	69.11329596	75.21052682	24.78947318	75.63220686	24.95687936	3.915017187	0.028900797	0.421680031	24.36779314	2.298184062937321	187.30923569217012	25.9243379	0.8302279	0.830628683	180.01719660495468	59.77193675	22.496190600763914	68.58204603	2.3052140366921203	74.08326268
1754.625	1.960635018	28.69262721	69.34673777	73.59425974	26.40574026	74.01651031	24.77711695	3.886817631	0.028692627	0.422250571	25.98348969	2.3049293695266435	188.54275941598806	26.10554525	0.837370912	0.837533255	181.3037760367135	59.67944903	22.496218808891193	69.67363358	2.1864566379926433	76.60207152
1754.75	1.923640378	26.82165801	71.25470161	73.83986161	26.16013839	74.25969788	23.16146767	3.633368687	0.026821658	0.419836274	25.74030212	2.3153432451986222	189.76748472088454	26.12442807	0.843732257	0.843758199	182.57781826928795	61.2676699	22.496255889525905	70.47405243	2.0493450491645757	79.33499813
1754.875	1.913426145	28.92496474	69.16160911	74.51010938	25.48989062	74.92041881	24.97774878	3.918290999	0.028924965	0.410309424	25.07958119	2.326921851232451	190.6162191355157	26.31601965	0.837380086	0.837476134	183.4648283938727	60.61411107	22.496292432440097	68.34113598	1.895168220534801	79.76793647
1755	1.968390202	26.83756504	71.19404476	75.27439151	24.72560849	75.67923919	23.17520396	3.635523517	0.026837565	0.404847678	24.32076081	2.3373388548719936	190.80151916920317	26.53895126	0.826703789	0.826965749	183.83645266571148	60.2347998	22.496320227733477	70.76532245	1.7384500072735087	76.48710608
1755.125	2.00345565	26.21895129	71.77759306	74.83331555	25.16668445	75.24449612	22.6410087	3.551723632	0.026218951	0.411180575	24.75550388	2.3447107743687243	190.24876197859783	26.52891771	0.823571395	0.8238806	183.7670738701566	61.26605218	22.49633300808595	71.57183886	1.6050727707580288	76.94485188
1755.25	1.943836359	26.87833063	71.17783302	75.0980188	24.9019812	75.52123186	23.21040651	3.641045785	0.026878331	0.423213068	24.47876814	2.347639326763652	189.11629802139845	26.61101747	0.818984991	0.819287766	183.3635006021566	61.88049254	22.496326917672228	71.23748064	1.5104852541747014	77.06176639
1755.375	1.933121353	28.00408984	70.06278881	75.18581619	24.81418381	75.62086802	24.18254014	3.793545615	0.02800409	0.435051825	24.37913198	2.3452723944985703	187.55535592965916	26.41437295	0.824615339	0.824750467	182.71901817663124	61.01997827	22.4963007697017	70.29585838	1.4464937593876812	76.61354542
1755.5	1.908610963	28.986807	69.10458204	75.54234548	24.45765452	75.97320893	25.0311518	3.926668398	0.028986807	0.430863449	24.02679107	2.3373662369798516	185.67725593435622	26.11158241	0.832898044	0.832797038	181.95949799632416	60.3383605	22.496256097040856	69.38582063	1.3899389546633076	77.09397078
1755.625	1.907548224	29.52517694	68.56727484	75.39706064	24.60293936	75.83879606	25.49605362	3.999598135	0.029525177	0.441735418	24.16120394	2.324146468259215	183.6192887910081	25.73272618	0.848860098	0.848510788	181.1718343448862	60.72434068	22.496196917939955	68.64807606	1.3294150741137971	80.94351888
1755.75	1.853209658	31.05888008	67.08791027	73.95061217	26.04938783	74.38681817	26.82046152	4.207359675	0.03105888	0.436206005	25.61318183	2.306406386773105	181.67418266982995	25.37040071	0.859789197	0.859335143	180.34491330402378	60.70201518	22.496129419013286	68.24856997	1.281562842539119	81.62316084
1755.875	1.872462427	31.93827155	66.18926602	75.70349691	24.29650309	76.13205329	27.57984773	4.326485549	0.031938272	0.428556388	23.86794671	2.2856777045495003	180.24843878509898	25.1111084	0.871954515	0.871317988	179.48406394938894	60.55657187	22.496061503749914	67.57702827	1.2809804365453066	79.39328551
1756	1.819428907	31.87320523	66.30736586	74.4345267	25.5654733	74.86705313	27.52366062	4.317671405	0.031873205	0.432526425	25.13294687	2.2642531369863237	179.66210560982157	24.89622866	0.88124948	0.880438559	178.75291397863793	60.55258605	22.49600217036348	66.9344902	1.3477642385618394	79.21765447
1756.125	1.79921509	31.9267604	66.27402451	74.77661345	25.22338655	75.21865871	27.56990744	4.324926202	0.03192676	0.442045258	24.78134129	2.2448181773876845	179.88627998573853	24.78665223	0.881412392	0.880519991	178.37272367779744	60.02229472	22.49596094235913	66.44253135	1.470157364348983	77.40929723
1756.25	1.747781828	32.26103698	65.9911812	75.25200985	24.74799015	75.68724309	27.8585673	4.370208639	0.032261037	0.435233243	24.31275691	2.230120835321743	180.5309024835556	24.87584597	0.886020788	0.884895753	178.41949881477146	58.87446874	22.495947336365454	66.38916135	1.6178511736305503	75.82007647
1756.375	1.721054723	31.13532448	67.14362079	73.03598018	26.96401982	73.46967212	26.88647402	4.217715139	0.031135324	0.433691941	26.53032788	2.2225503465335863	181.10854239875397	24.91424688	0.883315685	0.882122802	178.72472003421018	60.11311233	22.495970316567288	67.1685338	1.7625387200157245	76.91488266
1756.5	1.732370093	31.49149008	66.77613982	74.89013603	25.10986397	75.32423235	27.19403584	4.26596275	0.03149149	0.434096326	24.67576765	2.2234473374067356	181.23436387631514	25.02440427	0.882248085	0.881012964	179.02593307924244	60.60209729	22.496037610453193	67.07778573	1.8793944092794996	76.98077559
1756.625	1.758373964	30.78716144	67.45446459	73.79168791	26.20831209	74.23086872	26.58582269	4.170551585	0.030787161	0.439180819	25.76913128	2.232477116620155	180.63274830650946	24.98927579	0.889810221	0.888577204	179.12708445052266	59.9935662	22.496154847065583	66.84176922	1.9468180079925554	76.55892372
1756.75	1.805542609	32.6727777	65.52167969	73.15424248	26.84575752	73.58221311	28.21412025	4.425984679	0.032672778	0.427970635	26.41778689	2.2475908547784478	179.23648234167155	24.7455091	0.904683078	0.903406169	178.96970022245264	60.57510065	22.49632479096625	66.8846786	1.966595379978986	77.52209306
1756.875	1.784162761	33.79131432	64.42452292	71.26337399	28.73662601	71.69468265	29.1800169	4.577506107	0.033791314	0.431308661	28.30531735	2.2656278540652304	177.3001037052782	24.43636562	0.923364644	0.922028407	178.56645687669393	60.36809266	22.49654682923972	63.68407607	1.9700368816922553	74.72556233
1757	1.831578683	34.8486256	63.31979572	72.63604285	27.36395715	73.07754456	30.09304326	4.720733706	0.034848626	0.441501715	26.92245544	2.2830770047596323	175.3193206149624	24.0402586	0.943632408	0.942230469	177.9814111696009	57.19394957	22.49681688763929	62.98543811	1.9814720171873272	71.59235477
1757.125	1.867962352	35.06270219	63.06933546	72.15557285	27.84442715	72.60760764	30.27790611	4.749733374	0.035062702	0.452034786	27.39239236	2.296883183646557	173.68074506009398	23.93695486	0.94773382	0.946351268	177.32971935482186	59.05705728	22.497127916041357	64.2932117	1.9790581009808503	75.60159564
1757.25	1.8798034	33.75220915	64.36798745	73.11730675	26.88269325	73.55714765	29.14624818	4.572208765	0.033752209	0.439840908	26.44285235	2.305010298909735	172.52760336355138	23.81340591	0.951339952	0.950054517	176.74224907273762	59.71589695	22.497470461571737	63.81652951	1.9207195214161144	77.38381624
1757.375	1.925911836	35.0438547	63.03023347	71.71085462	28.28914538	72.15531649	30.26163062	4.747180218	0.035043855	0.444461869	27.84468351	2.3066555054779756	171.89779942468644	23.75823012	0.951979389	0.950709058	176.28023066944047	59.10077413	22.497833326296334	61.36674285	1.8046013244616208	78.73629332
1757.5	1.87449783	35.40717923	62.71832294	73.14101668	26.85898332	73.59477459	30.57537444	4.796397607	0.035407179	0.453757906	26.40522541	2.3019548820689053	171.91369964427292	23.64545955	0.952051176	0.950826891	175.94770582791597	58.18873702	22.498204382166794	61.63291931	1.6750872518870987	72.7401793
1757.625	1.900743711	36.21997275	61.87928354	73.57795007	26.42204993	74.0370982	31.27725092	4.906501857	0.036219973	0.459148129	25.9629018	2.291578922812747	172.6535480210154	23.48803322	0.953794393	0.952553936	175.82179549177312	57.45101693	22.498571180209694	61.52544022	1.5670555578895171	74.10188317
1757.75	1.904514484	35.39437647	62.70110904	74.56711101	25.43288899	75.02895846	30.5643188	4.794663295	0.035394376	0.461847457	24.97104154	2.2764533209931934	173.94560283906378	23.42219664	0.952289805	0.950964441	176.04072910566026	59.47153074	22.498921587618472	63.37462664	1.4758720345505918	77.55607963
1757.875	1.848169847	35.75341591	62.39841425	72.99505002	27.00494998	73.45260362	30.87436228	4.843300207	0.035753416	0.457553597	26.54739638	2.2578110087835235	175.42032698221544	23.34724883	0.954598925	0.953227353	176.59619757493277	59.44776835	22.49924442539544	63.66869211	1.3917840854803232	78.91207933
1758	1.858638007	36.21746822	61.92389377	73.39258433	26.60741567	73.85469734	31.27508817	4.906162584	0.036217468	0.462113012	26.14530266	2.237221400878274	176.7468150317169	23.42066407	0.948884032	0.947516639	177.21615867971633	60.1220088	22.499530024384462	64.34150934	1.3304540217169827	79.34925556
1758.125	1.833891092	35.43555667	62.73055224	74.41922848	25.58077152	74.8684317	30.59987939	4.800241729	0.035435557	0.449203222	25.1315683	2.216470075983027	177.71341012641815	23.39914405	0.948337519	0.946905616	177.5763639628297	60.76440221	22.49977091155536	63.52978945	1.3138339917208368	79.43298221
1758.25	1.784581577	35.67838918	62.53702924	75.02416561	24.97583439	75.47032753	30.809574	4.833136788	0.035678389	0.446161916	24.52967247	2.1971734606504123	178.1548976022932	23.49902378	0.940049987	0.938689238	177.5369268436092	59.36791732	22.4999622079034	64.20425177	1.3406875342707696	80.60969114
1758.375	1.781597205	34.66863469	63.54976811	74.32723668	25.67276332	74.7607392	29.93761463	4.69635142	0.034668635	0.433502525	25.2392608	2.180572868703746	177.96352657923666	23.67111902	0.929214889	0.927994962	177.13458356116504	60.94920508	22.500101761347096	64.21009302	1.3936063105177696	79.15625572
1758.5	1.83321545	34.33350139	63.83328316	74.61520153	25.38479847	75.04621935	29.64821496	4.650952928	0.034333501	0.431017814	24.95378065	2.1675048501135574	177.1373340576918	23.67455635	0.927199108	0.926047361	176.41572264460262	58.9481956	22.500190117962813	63.151896	1.4565118380451336	76.91999674
1758.625	1.802469438	35.39766995	62.79986062	75.02678927	24.97321073	75.44918901	30.56716283	4.795109442	0.03539767	0.422399737	24.55081099	2.1585513608772917	175.71134513006535	23.78758366	0.922535025	0.921490167	175.44228706402285	59.20364793	22.500230133302082	63.83832097	1.5072989802024785	76.99380517
1758.75	1.809521139	34.44173553	63.74874333	75.08152915	24.91847085	75.5066666	29.74167904	4.665614756	0.034441736	0.42513745	24.4933334	2.1539044255678808	173.68137827315823	23.73229961	0.922634537	0.921657144	174.38930285777263	59.26319203	22.500226387988974	63.97437453	1.509026581419113	78.05712819
1758.875	1.835251667	35.2165009	62.94824743	75.01285429	24.98714571	75.44639995	30.41071684	4.770567561	0.035216501	0.433545663	24.55360005	2.1533276715472893	171.08995326711073	23.55294673	0.933293818	0.932263344	173.48964314669965	59.35891395	22.500184188551007	63.53550553	1.4333528086042537	78.7707746
1759	1.833460927	36.30550729	61.86103178	73.54105242	26.45894758	73.9676525	31.35111307	4.918088706	0.036305507	0.426600072	26.0323475	2.155991001407161	168.1484144162327	23.3010548	0.943850814	0.942737407	172.7961121232391	58.68928641	22.50010861997749	61.22865081	1.2954606436923446	77.24530101
1759.125	1.785084382	38.12992215	60.08499347	75.03122057	24.96877943	75.462583	32.92656101	5.165231214	0.038129922	0.431362427	24.537417	2.1604228565860533	165.1944475579272	22.82134899	0.963240455	0.962042498	172.15366126593386	57.52783107	22.50000395922524	59.54693556	1.1493027696215095	76.02100968
1759.25	1.797589814	39.62548305	58.57692713	75.36945652	24.63054348	75.79788274	34.21803171	5.367825854	0.039625483	0.428426221	24.20211726	2.1645471443159403	162.52687805621855	22.44698747	0.979482746	0.978271696	171.432133165338	56.63487579	22.499873411096505	60.22705436	1.0482542310638672	80.09057045
1759.375	1.847102443	39.25985759	58.89303997	74.93751832	25.06248168	75.36027926	33.90230096	5.318296772	0.039259858	0.422760941	24.63972074	2.1663963764220706	160.35365352473121	22.09077511	0.994829405	0.993585321	170.71579988044812	58.83393778	22.499719305718315	59.7091496	1.014866951068038	79.59400415
1759.5	1.828549183	40.1532642	58.01818662	73.7340087	26.2659913	74.15490229	34.67378974	5.439321191	0.040153264	0.420893593	25.84509771	2.1647798777285496	158.86212201144235	22.02652221	1.001892517	1.00063764	170.16976370156442	57.87868366	22.499543449390213	59.68782306	1.046647615276391	80.9966445
1759.625	1.827430653	38.84045154	59.33211781	73.75864073	26.24135927	74.1898502	33.54012873	5.261482356	0.038840452	0.431209467	25.8101498	2.1597091876487204	158.23135359917643	21.93538328	1.007500252	1.006221003	169.82109294045645	59.62333469	22.49934731305328	59.03101563	1.1308023849299582	80.82137108
1759.75	1.820838927	40.61004346	57.56911761	74.96640379	25.03359621	75.40186107	35.06823509	5.501198331	0.040610043	0.435457275	24.59813893	2.1523681144339077	158.49560361609832	21.72665643	1.020760624	1.019380226	169.60704554781842	57.29655568	22.499132275319536	58.21915865	1.2493350277921995	78.00352573
1759.875	1.859189984	41.53946912	56.6013409	73.97088909	26.02911091	74.40952228	35.87082761	5.627102034	0.041539469	0.438633184	25.59047772	2.144888960256336	159.51360687895078	21.6287054	1.030780042	1.029247897	169.58360440149914	57.51145538	22.498899884539416	55.40120006	1.3763764724358958	79.40489054
1760	1.821520165	41.26015286	56.91832698	72.26281581	27.73718419	72.70525719	35.62962796	5.58926474	0.041260153	0.442441382	27.29474281	2.1397158105937333	161.09472500249208	21.46905589	1.041436369	1.039778973	169.91101831290317	56.20924009	22.49865182483637	56.45669699	1.4863778154054812	74.31612015
1760.125	1.830790908	40.59155452	57.57765458	72.86071681	27.13928319	73.31307262	35.05226922	5.498693745	0.040591555	0.452355804	26.68692738	2.1389255685809743	163.08608127018192	21.36773563	1.055458184	1.053583657	170.60293060248534	56.82078976	22.498390631911207	58.02016854	1.5604442103805796	77.01371312
1760.25	1.807585841	41.78968262	56.40273153	72.39930237	27.60069763	72.86040399	36.08689599	5.660996953	0.041789683	0.461101623	27.13959601	2.14383965824494	165.26154329978374	21.48379935	1.049676235	1.047701242	171.51731445771927	58.81474942	22.498119558320596	58.45900774	1.5888408637663984	77.66722441
1760.375	1.852630856	40.2862708	57.86109834	73.99860939	26.00139061	74.47117042	34.78864574	5.457338797	0.040286271	0.47256103	25.52882958	2.1548586768470375	167.3559006886448	21.61956827	1.040970694	1.039006021	172.5796333924913	57.35241122	22.497842805255605	58.4112227	1.5746154356568516	76.65250301
1760.5	1.847646213	39.76102149	58.39133229	72.83566536	27.16433464	73.29672958	34.33507404	5.386186432	0.039761021	0.461064222	26.70327042	2.1713923725294286	169.24849438482153	21.83228297	1.027450485	1.025516952	173.83206364567633	57.63341152	22.49756573972244	59.5459342	1.5442470919905158	78.61065269
1760.625	1.834687337	38.25758393	59.90772874	73.89713309	26.10286691	74.36476011	33.03680156	5.182524787	0.038257584	0.467627017	25.63523989	2.1918333069708438	171.06656657262798	22.31819736	0.998068454	0.996374879	175.18303343067038	59.08891302	22.497294731537323	60.86623073	1.542857132006233	77.36253738
1760.75	1.867534499	36.44390612	61.68855938	74.4012887	25.5987113	74.85732775	31.47062545	4.936836764	0.036443906	0.456039053	25.14267225	2.2138816850117244	172.93844403087178	22.79295103	0.971799761	0.97036925	176.33970625177724	58.72487213	22.49703684067056	62.7479434	1.6080457680919666	79.88482714
1760.875	1.884068965	35.08262269	63.03330834	75.75148533	24.24851467	76.19463364	30.29510818	4.752431885	0.035082623	0.443148305	23.80536636	2.2350909188940906	174.796021338157	23.36784463	0.934853237	0.933733015	177.05828403775	60.67841284	22.49679935458228	63.38229775	1.746236442935569	80.90041876
1761	1.833031475	33.42942912	64.7375394	76.89239365	23.10760635	77.32404042	28.867516	4.528483696	0.033429429	0.431646764	22.67595958	2.2536531986830908	176.44763357992497	23.71007735	0.9066407	0.905854076	177.3156249544349	58.35753329	22.496589133036043	63.3577168	1.9324714160810998	80.63391447
1761.125	1.875277798	34.38919399	63.73552821	78.59142061	21.40857939	79.03197607	29.69630753	4.65849727	0.034389194	0.440555453	20.96802393	2.2688579591175406	177.78159548708024	23.94635674	0.885891815	0.885248174	177.19339074774604	58.49409779	22.49641195471636	64.81723189	2.1285577432462914	82.37031698
1761.25	1.827754002	33.79189023	64.38035577	78.27873703	21.72126297	78.72887971	29.18051422	4.577584122	0.03379189	0.450142675	21.27112029	2.2811435147265753	178.8196019698444	23.9623864	0.884608798	0.883834829	176.7683023235071	60.74221863	22.496274189010506	64.30211663	2.296955749698736	79.56178784
1761.375	1.787406816	34.95628189	63.25631129	75.97117069	24.02882931	76.42904354	30.18600836	4.735317257	0.034956282	0.45787285	23.57095646	2.2916692587703302	179.60780768924818	23.93627562	0.885778157	0.884819483	176.20161120298127	57.72710217	22.496173613410164	62.97303438	2.404348530174264	75.08360744
1761.5	1.736289256	33.76871474	64.494996	76.82622143	23.17377857	77.28829907	29.16050135	4.574444678	0.033768715	0.462077635	22.71170093	2.3019647009139397	180.1479983701451	24.14597257	0.880679004	0.879500647	175.74761247437397	59.23282775	22.496110232569414	64.69604969	2.4217987400775174	79.97917533
1761.625	1.69731888	32.2554002	66.04728092	77.69335826	22.30664174	78.15406376	27.85369974	4.369445059	0.0322554	0.460705504	21.84593624	2.3131986049661366	180.3468801225098	24.21151602	0.873817694	0.87255397	175.59126511457825	59.47928755	22.496082323428865	64.66078758	2.330302240671899	79.7573626
1761.75	1.674898774	33.127645	65.19745623	79.97882091	20.02117909	80.4273944	28.60691454	4.487602816	0.033127645	0.448573487	19.5726056	2.325452914276055	180.08305541057285	24.27626568	0.858937429	0.857760769	175.72331013679997	59.42749738	22.496086719250354	64.2331481	2.1296521771892456	82.02829361
1761.875	1.721267053	34.16437013	64.11436282	80.43699084	19.56300916	80.89337258	29.50216403	4.628041733	0.03416437	0.456381737	19.10662742	2.3372255239464677	179.2917043457822	24.14687669	0.849383438	0.848312787	176.04374235393695	58.27049948	22.49611902393724	63.48769665	1.8371246195395279	83.27916265
1762	1.70640515	35.03216281	63.26143204	82.14311428	17.85688572	82.60545126	30.25153426	4.745596388	0.035032163	0.462336982	17.39454874	2.346477856979211	178.05082480219113	23.96243916	0.838911001	0.837992582	176.49501056637797	58.30807184	22.49617379317376	64.28783536	1.482735047673258	86.75477505
1762.125	1.703622507	34.05523967	64.24113782	84.32594811	15.67405189	84.78855072	29.40792594	4.613258487	0.03405524	0.462602608	15.21144928	2.3521662989110346	176.58832988395287	24.02308852	0.820908074	0.820147015	177.03828209589207	60.17554661	22.496244786146725	65.34568071	1.10500495756551	90.08545876
1762.25	1.683472363	32.27695978	66.03956786	86.64720371	13.35279629	87.10650178	27.87231721	4.372365605	0.03227696	0.459298072	12.89349822	2.3555419139635356	175.192420155467	24.08915462	0.801848941	0.801263753	177.5566823668442	60.65107129	22.496325209927278	64.93973732	0.7496943538775863	90.73755741
1762.375	1.71096704	33.25492833	65.03410463	87.42874991	12.57125009	87.88328334	28.71682828	4.504845123	0.033254928	0.454533431	12.11671666	2.3593350642261033	174.0804969836651	24.12624692	0.789106413	0.788696324	177.8758620021074	59.4152125	22.49640794368311	62.79671192	0.456239957531926	89.65910673
1762.5	1.754837461	34.45854256	63.78661998	86.87505765	13.12494235	87.33475046	29.75619251	4.667891503	0.034458543	0.459692802	12.66524954	2.3659574459393027	173.2910700469665	24.00978115	0.783153051	0.782850259	177.89742376108865	59.80469549	22.496447697240832	0	0.24175222141214614	0
1762.625	1.718467885	35.17859363	63.10293849	88.64093658	11.35906342	89.09926077	30.37798254	4.765432491	0.035178594	0.458324192	10.90073923	2.3753346602854246	172.75430707468337	23.77056702	0.785662132	0.785466789	177.64290397617657	60.75649529	22.49651994199889	0	0.0974409731586442	0
1762.75	1.757148771	34.73739774	63.50545349	89.02809267	10.97190733	89.47888025	29.99699401	4.705666337	0.034737398	0.450787577	10.52111975	2.384065129432462	172.4136012746246	23.59827023	0.787870645	0.787723367	177.15736262721572	59.18592927	22.496577346795583	0	0.004392897649451398	0
1762.875	1.76292693	35.03105638	63.20601669	88.99617605	11.00382395	89.45737651	30.25057882	4.745446507	0.035031056	0.46120046	10.54262349	2.371996715773082	172.6075621773265	23.40470914	0.786724789	0.786594274	176.35603883951023	58.31034238	22.496613723449098	0	-0.037228094	0
1763	1.71073407	36.48255315	61.80671278	90.38972346	9.61027654	90.84622206	31.50399855	4.942072044	0.036482553	0.456498596	9.153777944	2.331338020140275	173.2557269456213	23.35278412	0.784922683	0.784814893	175.69596786363203	59.01061105	22.496622883777626	0	-0.050172628	0
1763.125	1.69452213	35.71179525	62.59368262	90.28343125	9.716568752	90.73325158	30.83842135	4.837662108	0.035711795	0.44982033	9.266748422	2.2536345333416845	174.411898162288	23.2150672	0.786382757	0.786236784	175.33180990250193	58.87001894	22.496598639599352	0	-0.043033739	0
1763.25	1.699945562	36.22812439	62.07193005	90.53037931	9.469620688	90.98015782	31.28429015	4.90760611	0.036228124	0.449778508	9.01984218	2.130431746184971	176.1298784101068	22.99951119	0.785212352	0.785100544	175.41822515904187	58.02016037	22.496534802732477	0	-0.024404463	0
1763.375	1.733211248	37.26730763	60.99948112	92.99604767	7.003952327	93.45483209	32.18166231	5.048378013	0.037267308	0.458784416	6.545167911	1.9532751494777945	178.46347027185791	22.99945539	0.784482769	0.784368534	176.1098738361738	57.81595719	22.496425184995182	0	-0.002877837	0
1763.5	1.701362108	36.4809365	61.8177014	90.7307332	9.2692668	91.18738604	31.50260251	4.941853046	0.036480936	0.456652836	8.812613964	1.7137102340278147	181.46647633032146	22.87207568	0.792515847	0.792368044	177.56141613681964	59.26478716	22.496263598205665	0	0.012953103748889694	0
1763.625	1.717884168	37.1169091	61.16520673	88.66495628	11.33504372	89.11888053	32.05178776	5.028004429	0.037116909	0.453924246	10.88111947	1.4032824906426917	185.19269916827764	22.76582093	0.814471641	0.814166658	179.92751226390135	59.8597747	22.49604385418212	0	0.014495323291282336	0
